"filename","content_id","character","shoe_variant","scale","outfit","pose","expression","image_width","image_height","source_sha256","angle","canvas_width","canvas_height","coordinate_system","x_left","y_bottom","side","origin","reference","confirmed"
"アトリ_tatr01_l_d1_p1_f1.png","アトリ_tatr01_d1_p1_f1","アトリ","tatr01","l","d1","p1","f1","1156","2740","52dbd99c3568c3e86fa10e4cc2396a89f54e59e7d8d612642c831c663c65fadc","0","1156","2740","rotated_bottom_left_pixels","294","2058","626","scaled_reference","[""annotations/face_boxes_l.csv"",""64f8c2b3286bd55a23a92e92b2bac699fcfffc62795ac75da0fc9e73ec786eca"",""アトリ_tatr01_l_d1_p1_f1.png"",0]","true"
"アトリ_tatr01_l_d1_p1_f2.png","アトリ_tatr01_d1_p1_f2","アトリ","tatr01","l","d1","p1","f2","1156","2740","cf2f1b284a4d605d3a00e5420bed6b99d4ceb6efade4721f27fde7aebc69a08e","0","1156","2740","rotated_bottom_left_pixels","294","2058","626","inherited","[""アトリ_tatr01_l_d1_p1_f1.png"", 0.0]","true"
"アトリ_tatr01_l_d1_p1_f3.png","アトリ_tatr01_d1_p1_f3","アトリ","tatr01","l","d1","p1","f3","1156","2740","3fc96b51c330b45478e8aa015506b3cb30e81714aaef146b905b135b6fb68aea","0","1156","2740","rotated_bottom_left_pixels","294","2058","626","inherited","[""アトリ_tatr01_l_d1_p1_f2.png"", 0.0]","true"
"アトリ_tatr01_l_d1_p1_f4.png","アトリ_tatr01_d1_p1_f4","アトリ","tatr01","l","d1","p1","f4","1156","2740","e207d101ef2ea5a2fbb71aef97789bf77ef33c459b2b4aabccbe9f8f63985e8f","0","1156","2740","rotated_bottom_left_pixels","294","2058","626","inherited","[""アトリ_tatr01_l_d1_p1_f3.png"", 0.0]","true"
"アトリ_tatr01_l_d1_p1_f5.png","アトリ_tatr01_d1_p1_f5","アトリ","tatr01","l","d1","p1","f5","1156","2740","538451b5208c45ce5a751ee44c91409ce4878fa445bfed71d4a8ede2823f89a7","0","1156","2740","rotated_bottom_left_pixels","294","2058","626","inherited","[""アトリ_tatr01_l_d1_p1_f4.png"", 0.0]","true"
"アトリ_tatr01_l_d1_p1_f6.png","アトリ_tatr01_d1_p1_f6","アトリ","tatr01","l","d1","p1","f6","1156","2740","2eff7b03ff03d4bbe8e716a2cda75f793dc429d34e78e1d387423a5092903de3","0","1156","2740","rotated_bottom_left_pixels","294","2058","626","inherited","[""アトリ_tatr01_l_d1_p1_f5.png"", 0.0]","true"
"アトリ_tatr01_l_d1_p1_f7.png","アトリ_tatr01_d1_p1_f7","アトリ","tatr01","l","d1","p1","f7","1156","2740","a5084a24dd6b10a0dd266efc27a83d2498aee975be5dab487a72d4ed6c923c88","0","1156","2740","rotated_bottom_left_pixels","294","2058","626","inherited","[""アトリ_tatr01_l_d1_p1_f6.png"", 0.0]","true"
"アトリ_tatr01_l_d1_p1_f8.png","アトリ_tatr01_d1_p1_f8","アトリ","tatr01","l","d1","p1","f8","1156","2740","3a4e9daa9be38f9407cde97319de35f1876d81225f0dfab603210d17d5ed8e72","0","1156","2740","rotated_bottom_left_pixels","294","2058","626","inherited","[""アトリ_tatr01_l_d1_p1_f7.png"", 0.0]","true"
"アトリ_tatr01_l_d1_p1_f9.png","アトリ_tatr01_d1_p1_f9","アトリ","tatr01","l","d1","p1","f9","1156","2740","4639650c7feaf6c0ea3ad73deae2a3ebbcb9168399a5705521f7696e58e190ee","0","1156","2740","rotated_bottom_left_pixels","294","2058","626","inherited","[""アトリ_tatr01_l_d1_p1_f8.png"", 0.0]","true"
"アトリ_tatr01_l_d1_p1_fa.png","アトリ_tatr01_d1_p1_fa","アトリ","tatr01","l","d1","p1","fa","1156","2740","664bae112ba55bef854812596e3c2dafaea38e87617497a1a483e3d9ef340621","0","1156","2740","rotated_bottom_left_pixels","294","2058","626","inherited","[""アトリ_tatr01_l_d1_p1_f9.png"", 0.0]","true"
"アトリ_tatr01_l_d1_p1_fb.png","アトリ_tatr01_d1_p1_fb","アトリ","tatr01","l","d1","p1","fb","1156","2740","4e3482c6cf57e2ad859fecc0d9f7d913c7580bb4632865aae283c4e5589cc74f","0","1156","2740","rotated_bottom_left_pixels","294","2058","626","inherited","[""アトリ_tatr01_l_d1_p1_fa.png"", 0.0]","true"
"アトリ_tatr01_l_d1_p1_fc.png","アトリ_tatr01_d1_p1_fc","アトリ","tatr01","l","d1","p1","fc","1156","2740","d64e55537c502cb13d4d5639e5e43167dfb3437d47f83d263a3dbdca959dfd1c","0","1156","2740","rotated_bottom_left_pixels","294","2058","626","inherited","[""アトリ_tatr01_l_d1_p1_fb.png"", 0.0]","true"
"アトリ_tatr01_l_d1_p1_fd.png","アトリ_tatr01_d1_p1_fd","アトリ","tatr01","l","d1","p1","fd","1156","2740","a14c21c3eab36c7eb23020c7384e97c4695fa78dab8744f2f27b909048ea1b1f","0","1156","2740","rotated_bottom_left_pixels","294","2058","626","inherited","[""アトリ_tatr01_l_d1_p1_fc.png"", 0.0]","true"
"アトリ_tatr01_l_d1_p1_fe.png","アトリ_tatr01_d1_p1_fe","アトリ","tatr01","l","d1","p1","fe","1156","2740","33416af45d69b1ffd15a5c5938ff4f20604ae7d8c764da63fcd7befc2274ac5d","0","1156","2740","rotated_bottom_left_pixels","294","2058","626","inherited","[""アトリ_tatr01_l_d1_p1_fd.png"", 0.0]","true"
"アトリ_tatr01_l_d1_p1_ff.png","アトリ_tatr01_d1_p1_ff","アトリ","tatr01","l","d1","p1","ff","1156","2989","a5d1cc4f7c42f030e823527df0939596ffd4977b45eae249b9a66e217387ab11","0","1156","2989","rotated_bottom_left_pixels","294","2058","626","inherited","[""アトリ_tatr01_l_d1_p1_fe.png"", 0.0]","true"
"アトリ_tatr01_l_d1_p1_fg.png","アトリ_tatr01_d1_p1_fg","アトリ","tatr01","l","d1","p1","fg","1156","2740","9d0d292d9027fdfd2e1504496b93416db514c0efd02f8618bd6f05419d4ea990","0","1156","2740","rotated_bottom_left_pixels","294","2058","626","inherited","[""アトリ_tatr01_l_d1_p1_ff.png"", 0.0]","true"
"アトリ_tatr01_l_d1_p1_fh.png","アトリ_tatr01_d1_p1_fh","アトリ","tatr01","l","d1","p1","fh","1156","2989","3ac0f9896091ad67d32164ed6c9000bda648b569db191c068f22beddd0e282a8","0","1156","2989","rotated_bottom_left_pixels","294","2058","626","inherited","[""アトリ_tatr01_l_d1_p1_fg.png"", 0.0]","true"
"アトリ_tatr01_l_d1_p1_fi.png","アトリ_tatr01_d1_p1_fi","アトリ","tatr01","l","d1","p1","fi","1156","2740","f9f2c7d42ee72ef6b543b5b2999190db6896418b59c41749706d5b563264f45d","0","1156","2740","rotated_bottom_left_pixels","294","2058","626","inherited","[""アトリ_tatr01_l_d1_p1_fh.png"", 0.0]","true"
"アトリ_tatr01_l_d1_p1_fj.png","アトリ_tatr01_d1_p1_fj","アトリ","tatr01","l","d1","p1","fj","1156","2740","94a45df00932c72ee8a16ffb117b3838457ca6fe05e0a7eee5be3a6e0ff0c50a","0","1156","2740","rotated_bottom_left_pixels","294","2058","626","inherited","[""アトリ_tatr01_l_d1_p1_fi.png"", 0.0]","true"
"アトリ_tatr01_l_d1_p1_fk.png","アトリ_tatr01_d1_p1_fk","アトリ","tatr01","l","d1","p1","fk","1156","2740","bba81b3e6d01408d2da47e9f987ae5891e9f775825377e749be808d7b6d2857c","0","1156","2740","rotated_bottom_left_pixels","294","2058","626","inherited","[""アトリ_tatr01_l_d1_p1_fj.png"", 0.0]","true"
"アトリ_tatr01_l_d1_p1_fl.png","アトリ_tatr01_d1_p1_fl","アトリ","tatr01","l","d1","p1","fl","1156","2740","ad80c962ac1bd8e636bcd61045e099e598cbc4b2605ed88aa9cb5ecc3e0691a5","0","1156","2740","rotated_bottom_left_pixels","294","2058","626","inherited","[""アトリ_tatr01_l_d1_p1_fk.png"", 0.0]","true"
"アトリ_tatr01_l_d2_p1_f1.png","アトリ_tatr01_d2_p1_f1","アトリ","tatr01","l","d2","p1","f1","1156","2740","0fab2349ad8d77c2e37c3fc49cde24b64cc5eb84fbf35d7503dbd2a96dbd3e50","0","1156","2740","rotated_bottom_left_pixels","294","2058","626","inherited","[""アトリ_tatr01_l_d1_p1_fl.png"", 0.0]","true"
"アトリ_tatr01_l_d2_p1_f2.png","アトリ_tatr01_d2_p1_f2","アトリ","tatr01","l","d2","p1","f2","1156","2740","399a0913ae20283465d2bebec22fd3f91fe4242658569ca5f36c25d2c3a0075a","0","1156","2740","rotated_bottom_left_pixels","294","2058","626","inherited","[""アトリ_tatr01_l_d2_p1_f1.png"", 0.0]","true"
"アトリ_tatr01_l_d2_p1_f3.png","アトリ_tatr01_d2_p1_f3","アトリ","tatr01","l","d2","p1","f3","1156","2740","7d52e578712762cebf41098975effa307cd0f88ef1d4973bbabab9714d5187a5","0","1156","2740","rotated_bottom_left_pixels","294","2058","626","inherited","[""アトリ_tatr01_l_d2_p1_f2.png"", 0.0]","true"
"アトリ_tatr01_l_d2_p1_f4.png","アトリ_tatr01_d2_p1_f4","アトリ","tatr01","l","d2","p1","f4","1156","2740","027a456afa0f573e4e93a3a66ca8afe63d58f5f3562241ee72fa1c9cee926b96","0","1156","2740","rotated_bottom_left_pixels","294","2058","626","inherited","[""アトリ_tatr01_l_d2_p1_f3.png"", 0.0]","true"
"アトリ_tatr01_l_d2_p1_f5.png","アトリ_tatr01_d2_p1_f5","アトリ","tatr01","l","d2","p1","f5","1156","2740","a7ca754cb59f4bbb2a3a18c0a2ef599e64cc10c97f82ccc0eebaa57de4893b0a","0","1156","2740","rotated_bottom_left_pixels","294","2058","626","inherited","[""アトリ_tatr01_l_d2_p1_f4.png"", 0.0]","true"
"アトリ_tatr01_l_d2_p1_f6.png","アトリ_tatr01_d2_p1_f6","アトリ","tatr01","l","d2","p1","f6","1156","2740","84bd627a1de6e2b423b066f1a27fcf1f917000e7040c1b8a46c77e367d2025ff","0","1156","2740","rotated_bottom_left_pixels","294","2058","626","inherited","[""アトリ_tatr01_l_d2_p1_f5.png"", 0.0]","true"
"アトリ_tatr01_l_d2_p1_f7.png","アトリ_tatr01_d2_p1_f7","アトリ","tatr01","l","d2","p1","f7","1156","2740","1946e53ca6ca21e4c143f647bc32f0cb45768432053dc2b9f52079bb17ed1c2d","0","1156","2740","rotated_bottom_left_pixels","294","2058","626","inherited","[""アトリ_tatr01_l_d2_p1_f6.png"", 0.0]","true"
"アトリ_tatr01_l_d2_p1_f8.png","アトリ_tatr01_d2_p1_f8","アトリ","tatr01","l","d2","p1","f8","1156","2740","6093c937624db617ae356a28ab4dfd9a8ad03b6c517fad37f4c8b73064028621","0","1156","2740","rotated_bottom_left_pixels","294","2058","626","inherited","[""アトリ_tatr01_l_d2_p1_f7.png"", 0.0]","true"
"アトリ_tatr01_l_d2_p1_f9.png","アトリ_tatr01_d2_p1_f9","アトリ","tatr01","l","d2","p1","f9","1156","2740","049454e9118d385f598ceec5b616ffa0e4cf805fd65e928be685a7c2135944d8","0","1156","2740","rotated_bottom_left_pixels","294","2058","626","inherited","[""アトリ_tatr01_l_d2_p1_f8.png"", 0.0]","true"
"アトリ_tatr01_l_d2_p1_fa.png","アトリ_tatr01_d2_p1_fa","アトリ","tatr01","l","d2","p1","fa","1156","2740","92fb110574d19ac12cd80365b2e00b94e1a2b00c1a522e26ca3af2b1fe1c9b7d","0","1156","2740","rotated_bottom_left_pixels","294","2058","626","inherited","[""アトリ_tatr01_l_d2_p1_f9.png"", 0.0]","true"
"アトリ_tatr01_l_d2_p1_fb.png","アトリ_tatr01_d2_p1_fb","アトリ","tatr01","l","d2","p1","fb","1156","2740","3402d6a9accdf3ccb572f2fa597679e1367cf2aeac12baf5088386b714f234d3","0","1156","2740","rotated_bottom_left_pixels","294","2058","626","inherited","[""アトリ_tatr01_l_d2_p1_fa.png"", 0.0]","true"
"アトリ_tatr01_l_d2_p1_fc.png","アトリ_tatr01_d2_p1_fc","アトリ","tatr01","l","d2","p1","fc","1156","2740","1b312d9c307bfe582774c1e3dde8d75509becbcee7e27fb0755a11e1a523805e","0","1156","2740","rotated_bottom_left_pixels","294","2058","626","inherited","[""アトリ_tatr01_l_d2_p1_fb.png"", 0.0]","true"
"アトリ_tatr01_l_d2_p1_fd.png","アトリ_tatr01_d2_p1_fd","アトリ","tatr01","l","d2","p1","fd","1156","2740","c6c4b0d0524b2cfec7f0a58334376261205ece41aad15fc02e993719a85fd854","0","1156","2740","rotated_bottom_left_pixels","294","2058","626","inherited","[""アトリ_tatr01_l_d2_p1_fc.png"", 0.0]","true"
"アトリ_tatr01_l_d2_p1_fe.png","アトリ_tatr01_d2_p1_fe","アトリ","tatr01","l","d2","p1","fe","1156","2740","2e5a03cddcecac2b3812d6282df77ea86f94b1a08e03a83a171e10e6e473a978","0","1156","2740","rotated_bottom_left_pixels","294","2058","626","inherited","[""アトリ_tatr01_l_d2_p1_fd.png"", 0.0]","true"
"アトリ_tatr01_l_d2_p1_ff.png","アトリ_tatr01_d2_p1_ff","アトリ","tatr01","l","d2","p1","ff","1156","2989","ebfbea5c5edfd824b7271f14e4834e16826bc46aa9e56bfe4d482c1dbefd88e3","0","1156","2989","rotated_bottom_left_pixels","294","2058","626","inherited","[""アトリ_tatr01_l_d2_p1_fe.png"", 0.0]","true"
"アトリ_tatr01_l_d2_p1_fg.png","アトリ_tatr01_d2_p1_fg","アトリ","tatr01","l","d2","p1","fg","1156","2740","11661dd9a032b7091cb0fa463b6b5280f76c5a317dbe5586aa99658144824428","0","1156","2740","rotated_bottom_left_pixels","294","2058","626","inherited","[""アトリ_tatr01_l_d2_p1_ff.png"", 0.0]","true"
"アトリ_tatr01_l_d2_p1_fh.png","アトリ_tatr01_d2_p1_fh","アトリ","tatr01","l","d2","p1","fh","1156","2989","58d62c0d4cdb8a1f04de1cd37cf085731d5ac4560baca11edd1733fcee3a0170","0","1156","2989","rotated_bottom_left_pixels","294","2058","626","inherited","[""アトリ_tatr01_l_d2_p1_fg.png"", 0.0]","true"
"アトリ_tatr01_l_d2_p1_fi.png","アトリ_tatr01_d2_p1_fi","アトリ","tatr01","l","d2","p1","fi","1156","2740","182a8970922591aeba4e5d89a0aac32ae7e24c03e088bf9eb1900ce676a8501b","0","1156","2740","rotated_bottom_left_pixels","294","2058","626","inherited","[""アトリ_tatr01_l_d2_p1_fh.png"", 0.0]","true"
"アトリ_tatr01_l_d2_p1_fj.png","アトリ_tatr01_d2_p1_fj","アトリ","tatr01","l","d2","p1","fj","1156","2740","330dccee7a6c2452890a9d7195a0e07bf9d6bfecacc73a03896ccd81c9bf4223","0","1156","2740","rotated_bottom_left_pixels","294","2058","626","inherited","[""アトリ_tatr01_l_d2_p1_fi.png"", 0.0]","true"
"アトリ_tatr01_l_d2_p1_fk.png","アトリ_tatr01_d2_p1_fk","アトリ","tatr01","l","d2","p1","fk","1156","2740","c87fc0677a2be2661e8a53975540919399614f207c012eb8e942c8836fc19a9e","0","1156","2740","rotated_bottom_left_pixels","294","2058","626","inherited","[""アトリ_tatr01_l_d2_p1_fj.png"", 0.0]","true"
"アトリ_tatr01_l_d2_p1_fl.png","アトリ_tatr01_d2_p1_fl","アトリ","tatr01","l","d2","p1","fl","1156","2740","7fdd1ad72012130dcfd01e63734eb7a9c1d08dde4ad4be4f33144a9f505dff3f","0","1156","2740","rotated_bottom_left_pixels","294","2058","626","inherited","[""アトリ_tatr01_l_d2_p1_fk.png"", 0.0]","true"
"アトリ_tatr01_l_d3_p1_f1.png","アトリ_tatr01_d3_p1_f1","アトリ","tatr01","l","d3","p1","f1","1156","2740","fa28baa51b20425edc8e361bc5073b20fae72e7bc7c219573cfd51047bfa6e36","0","1156","2740","rotated_bottom_left_pixels","294","2058","626","inherited","[""アトリ_tatr01_l_d2_p1_fl.png"", 0.0]","true"
"アトリ_tatr01_l_d3_p1_f2.png","アトリ_tatr01_d3_p1_f2","アトリ","tatr01","l","d3","p1","f2","1156","2740","dd8cc3ea605db3727cf65044972c5be0842df6bf4c4084c71fe601b93c6288a5","0","1156","2740","rotated_bottom_left_pixels","294","2058","626","inherited","[""アトリ_tatr01_l_d3_p1_f1.png"", 0.0]","true"
"アトリ_tatr01_l_d3_p1_f3.png","アトリ_tatr01_d3_p1_f3","アトリ","tatr01","l","d3","p1","f3","1156","2740","8a0c02f7840c98a642425c2f2d41955433e32e2822964cbb59cd338e8fbd55c9","0","1156","2740","rotated_bottom_left_pixels","294","2058","626","inherited","[""アトリ_tatr01_l_d3_p1_f2.png"", 0.0]","true"
"アトリ_tatr01_l_d3_p1_f4.png","アトリ_tatr01_d3_p1_f4","アトリ","tatr01","l","d3","p1","f4","1156","2740","ec2a7f066b3c80cebb12e4572d1451452f27aa76e0fa840450851197d87a83d0","0","1156","2740","rotated_bottom_left_pixels","294","2058","626","inherited","[""アトリ_tatr01_l_d3_p1_f3.png"", 0.0]","true"
"アトリ_tatr01_l_d3_p1_f5.png","アトリ_tatr01_d3_p1_f5","アトリ","tatr01","l","d3","p1","f5","1156","2740","a1415fefc58411203c70de93844e9eaf82bb915ab24b7bc0ed63bba75de823fe","0","1156","2740","rotated_bottom_left_pixels","294","2058","626","inherited","[""アトリ_tatr01_l_d3_p1_f4.png"", 0.0]","true"
"アトリ_tatr01_l_d3_p1_f6.png","アトリ_tatr01_d3_p1_f6","アトリ","tatr01","l","d3","p1","f6","1156","2740","eadf46091e2f87eb493241996f8c08ad05552f222506bde7ae7a48a59d41e486","0","1156","2740","rotated_bottom_left_pixels","294","2058","626","inherited","[""アトリ_tatr01_l_d3_p1_f5.png"", 0.0]","true"
"アトリ_tatr01_l_d3_p1_f7.png","アトリ_tatr01_d3_p1_f7","アトリ","tatr01","l","d3","p1","f7","1156","2740","639d2ddd092d87db3c8c7dc03ac953af5ed64ba23d6afb3abbcf52b2e6dcf6ec","0","1156","2740","rotated_bottom_left_pixels","294","2058","626","inherited","[""アトリ_tatr01_l_d3_p1_f6.png"", 0.0]","true"
"アトリ_tatr01_l_d3_p1_f8.png","アトリ_tatr01_d3_p1_f8","アトリ","tatr01","l","d3","p1","f8","1156","2740","a2fe178c17804c855c6bb6a097dc6c703b4a16ea4a5d5f880aca4b0e08dff53e","0","1156","2740","rotated_bottom_left_pixels","294","2058","626","inherited","[""アトリ_tatr01_l_d3_p1_f7.png"", 0.0]","true"
"アトリ_tatr01_l_d3_p1_f9.png","アトリ_tatr01_d3_p1_f9","アトリ","tatr01","l","d3","p1","f9","1156","2740","6435f2395011749938fb8d568cc91b3afb4e39586f6f3f81fa9005b27307c583","0","1156","2740","rotated_bottom_left_pixels","294","2058","626","inherited","[""アトリ_tatr01_l_d3_p1_f8.png"", 0.0]","true"
"アトリ_tatr01_l_d3_p1_fa.png","アトリ_tatr01_d3_p1_fa","アトリ","tatr01","l","d3","p1","fa","1156","2740","e5e4dea39c00610a501a8ecb08693691b796f511462c2580a40ef28517d21c11","0","1156","2740","rotated_bottom_left_pixels","294","2058","626","inherited","[""アトリ_tatr01_l_d3_p1_f9.png"", 0.0]","true"
"アトリ_tatr01_l_d3_p1_fb.png","アトリ_tatr01_d3_p1_fb","アトリ","tatr01","l","d3","p1","fb","1156","2740","76f174ab2e197ca50866ad0364e111e35bbda62ca552c4b236b7b5604df5cc26","0","1156","2740","rotated_bottom_left_pixels","294","2058","626","inherited","[""アトリ_tatr01_l_d3_p1_fa.png"", 0.0]","true"
"アトリ_tatr01_l_d3_p1_fc.png","アトリ_tatr01_d3_p1_fc","アトリ","tatr01","l","d3","p1","fc","1156","2740","43d39af421a762d2191ba7fafd577f628e16f3ef8567f05a350be17a80425704","0","1156","2740","rotated_bottom_left_pixels","294","2058","626","inherited","[""アトリ_tatr01_l_d3_p1_fb.png"", 0.0]","true"
"アトリ_tatr01_l_d3_p1_fd.png","アトリ_tatr01_d3_p1_fd","アトリ","tatr01","l","d3","p1","fd","1156","2740","74ecbaeda8eb13cdef03a268043d11ef6e4168c078dfb61aef4772515ab6f7ea","0","1156","2740","rotated_bottom_left_pixels","294","2058","626","inherited","[""アトリ_tatr01_l_d3_p1_fc.png"", 0.0]","true"
"アトリ_tatr01_l_d3_p1_fe.png","アトリ_tatr01_d3_p1_fe","アトリ","tatr01","l","d3","p1","fe","1156","2740","ddd9c5856c9655ef1b82c34a1f6ee41ecacf8670164431be8cb08710b362d086","0","1156","2740","rotated_bottom_left_pixels","294","2058","626","inherited","[""アトリ_tatr01_l_d3_p1_fd.png"", 0.0]","true"
"アトリ_tatr01_l_d3_p1_ff.png","アトリ_tatr01_d3_p1_ff","アトリ","tatr01","l","d3","p1","ff","1156","2989","ba4e3b99387551a9cae84d6e496b18ceec555cac613bc727314097bc3079364c","0","1156","2989","rotated_bottom_left_pixels","294","2058","626","inherited","[""アトリ_tatr01_l_d3_p1_fe.png"", 0.0]","true"
"アトリ_tatr01_l_d3_p1_fg.png","アトリ_tatr01_d3_p1_fg","アトリ","tatr01","l","d3","p1","fg","1156","2740","90d769816c4c9bf9cd0f52c06cad0999bebdc724cbb23951271b0b3daa38ed4a","0","1156","2740","rotated_bottom_left_pixels","294","2058","626","inherited","[""アトリ_tatr01_l_d3_p1_ff.png"", 0.0]","true"
"アトリ_tatr01_l_d3_p1_fh.png","アトリ_tatr01_d3_p1_fh","アトリ","tatr01","l","d3","p1","fh","1156","2989","0b0115ca56b3e9c50e7a3a28fb22e44568defca5061d98230b9b83a08077a041","0","1156","2989","rotated_bottom_left_pixels","294","2058","626","inherited","[""アトリ_tatr01_l_d3_p1_fg.png"", 0.0]","true"
"アトリ_tatr01_l_d3_p1_fi.png","アトリ_tatr01_d3_p1_fi","アトリ","tatr01","l","d3","p1","fi","1156","2740","f9797a4d06b3500c8f67d7e9f00c5023d449214f8dc0f59c726eb8c0e301fb93","0","1156","2740","rotated_bottom_left_pixels","294","2058","626","inherited","[""アトリ_tatr01_l_d3_p1_fh.png"", 0.0]","true"
"アトリ_tatr01_l_d3_p1_fj.png","アトリ_tatr01_d3_p1_fj","アトリ","tatr01","l","d3","p1","fj","1156","2740","bb3f8acc29d46322913fa2160f9448499f4225c2cdcfdd54187346708cd10e23","0","1156","2740","rotated_bottom_left_pixels","294","2058","626","inherited","[""アトリ_tatr01_l_d3_p1_fi.png"", 0.0]","true"
"アトリ_tatr01_l_d3_p1_fk.png","アトリ_tatr01_d3_p1_fk","アトリ","tatr01","l","d3","p1","fk","1156","2740","92ee1cb129bb24d423745f4f650bfd8f4c3fec5f1e04609a1944da251b42bd36","0","1156","2740","rotated_bottom_left_pixels","294","2058","626","inherited","[""アトリ_tatr01_l_d3_p1_fj.png"", 0.0]","true"
"アトリ_tatr01_l_d3_p1_fl.png","アトリ_tatr01_d3_p1_fl","アトリ","tatr01","l","d3","p1","fl","1156","2740","7ed5469a44636345a9eb0977ae5fcf3ae57ae4ec57ecc52dadb6a345267f7a1c","0","1156","2740","rotated_bottom_left_pixels","294","2058","626","inherited","[""アトリ_tatr01_l_d3_p1_fk.png"", 0.0]","true"
"アトリ_tatr01_l_d4_p1_f1.png","アトリ_tatr01_d4_p1_f1","アトリ","tatr01","l","d4","p1","f1","1156","2740","89d82cfb0641d4ab8e96e349982d5216a9c9dcbcfc8f5dc40db0a56488577138","0","1156","2740","rotated_bottom_left_pixels","294","2058","626","inherited","[""アトリ_tatr01_l_d3_p1_fl.png"", 0.0]","true"
"アトリ_tatr01_l_d4_p1_f2.png","アトリ_tatr01_d4_p1_f2","アトリ","tatr01","l","d4","p1","f2","1156","2740","f4e30024a2427a3cc764d9cffd6f19bf011330d788b27bdf66902107028f6ff6","0","1156","2740","rotated_bottom_left_pixels","294","2058","626","inherited","[""アトリ_tatr01_l_d4_p1_f1.png"", 0.0]","true"
"アトリ_tatr01_l_d4_p1_f3.png","アトリ_tatr01_d4_p1_f3","アトリ","tatr01","l","d4","p1","f3","1156","2740","42b16f48d8ab63609b6d9485aec19cf3b7eb33156eb6be636a3cc135d4de4c83","0","1156","2740","rotated_bottom_left_pixels","294","2058","626","inherited","[""アトリ_tatr01_l_d4_p1_f2.png"", 0.0]","true"
"アトリ_tatr01_l_d4_p1_f4.png","アトリ_tatr01_d4_p1_f4","アトリ","tatr01","l","d4","p1","f4","1156","2740","89871aecca74b9c416c54bd5b2355b9d1c667486908b286b27e8404c0273e51e","0","1156","2740","rotated_bottom_left_pixels","294","2058","626","inherited","[""アトリ_tatr01_l_d4_p1_f3.png"", 0.0]","true"
"アトリ_tatr01_l_d4_p1_f5.png","アトリ_tatr01_d4_p1_f5","アトリ","tatr01","l","d4","p1","f5","1156","2740","feaac41584c5c6dfe6878b98b72902cbcd7dad13d40d7c220f209da9cc00ca10","0","1156","2740","rotated_bottom_left_pixels","294","2058","626","inherited","[""アトリ_tatr01_l_d4_p1_f4.png"", 0.0]","true"
"アトリ_tatr01_l_d4_p1_f6.png","アトリ_tatr01_d4_p1_f6","アトリ","tatr01","l","d4","p1","f6","1156","2740","37e5349db29da49d1fda84557226405f3564456764d2eed32a7188592b4f1397","0","1156","2740","rotated_bottom_left_pixels","294","2058","626","inherited","[""アトリ_tatr01_l_d4_p1_f5.png"", 0.0]","true"
"アトリ_tatr01_l_d4_p1_f7.png","アトリ_tatr01_d4_p1_f7","アトリ","tatr01","l","d4","p1","f7","1156","2740","f7f46e7f4a2497d48491b9aa8dfc5140fa7a3d18f8407ba01a55d2c281f6438d","0","1156","2740","rotated_bottom_left_pixels","294","2058","626","inherited","[""アトリ_tatr01_l_d4_p1_f6.png"", 0.0]","true"
"アトリ_tatr01_l_d4_p1_f8.png","アトリ_tatr01_d4_p1_f8","アトリ","tatr01","l","d4","p1","f8","1156","2740","84b9e1c792aeeca825ba5e16b12dfa157c44de83b7d0c9f1c4dca2dbd2298151","0","1156","2740","rotated_bottom_left_pixels","294","2058","626","inherited","[""アトリ_tatr01_l_d4_p1_f7.png"", 0.0]","true"
"アトリ_tatr01_l_d4_p1_f9.png","アトリ_tatr01_d4_p1_f9","アトリ","tatr01","l","d4","p1","f9","1156","2740","cee7f19b8276a234462072a198ddca23422aa611f70417060e9e62cb830a2b03","0","1156","2740","rotated_bottom_left_pixels","294","2058","626","inherited","[""アトリ_tatr01_l_d4_p1_f8.png"", 0.0]","true"
"アトリ_tatr01_l_d4_p1_fa.png","アトリ_tatr01_d4_p1_fa","アトリ","tatr01","l","d4","p1","fa","1156","2740","6a7a56e913c6752c6e26d7165db678d5ea7858d7c26a81ca65174a32d8b23b0e","0","1156","2740","rotated_bottom_left_pixels","294","2058","626","inherited","[""アトリ_tatr01_l_d4_p1_f9.png"", 0.0]","true"
"アトリ_tatr01_l_d4_p1_fb.png","アトリ_tatr01_d4_p1_fb","アトリ","tatr01","l","d4","p1","fb","1156","2740","fa10a0d805a77458b4be5ecb3901e9b8c5dc065d6cc7ec0e3a4b2ea3da83d103","0","1156","2740","rotated_bottom_left_pixels","294","2058","626","inherited","[""アトリ_tatr01_l_d4_p1_fa.png"", 0.0]","true"
"アトリ_tatr01_l_d4_p1_fc.png","アトリ_tatr01_d4_p1_fc","アトリ","tatr01","l","d4","p1","fc","1156","2740","543dd2ba5f81d314f1bc7abeb8ea90f060386307ab812f995a19294e95977543","0","1156","2740","rotated_bottom_left_pixels","294","2058","626","inherited","[""アトリ_tatr01_l_d4_p1_fb.png"", 0.0]","true"
"アトリ_tatr01_l_d4_p1_fd.png","アトリ_tatr01_d4_p1_fd","アトリ","tatr01","l","d4","p1","fd","1156","2740","f2517f7a4d7f3a97f3e6d8687e25e48ba2d1371157c0cc04099e80bf0c94f8f0","0","1156","2740","rotated_bottom_left_pixels","294","2058","626","inherited","[""アトリ_tatr01_l_d4_p1_fc.png"", 0.0]","true"
"アトリ_tatr01_l_d4_p1_fe.png","アトリ_tatr01_d4_p1_fe","アトリ","tatr01","l","d4","p1","fe","1156","2740","b21be381d7bafd36dd7c6d0f3913abda4010fe2ea9d872546ed2ed6ab61fac0a","0","1156","2740","rotated_bottom_left_pixels","294","2058","626","inherited","[""アトリ_tatr01_l_d4_p1_fd.png"", 0.0]","true"
"アトリ_tatr01_l_d4_p1_ff.png","アトリ_tatr01_d4_p1_ff","アトリ","tatr01","l","d4","p1","ff","1156","2989","136e7ee75a49e5553d4d24eed7246b630d0fab722d0b113bb79ffc08c2f4e1ee","0","1156","2989","rotated_bottom_left_pixels","294","2058","626","inherited","[""アトリ_tatr01_l_d4_p1_fe.png"", 0.0]","true"
"アトリ_tatr01_l_d4_p1_fg.png","アトリ_tatr01_d4_p1_fg","アトリ","tatr01","l","d4","p1","fg","1156","2740","94b1840218a32ffca461d5b641de3534f93094fe979e565103d1e06065e9a3ab","0","1156","2740","rotated_bottom_left_pixels","294","2058","626","inherited","[""アトリ_tatr01_l_d4_p1_ff.png"", 0.0]","true"
"アトリ_tatr01_l_d4_p1_fh.png","アトリ_tatr01_d4_p1_fh","アトリ","tatr01","l","d4","p1","fh","1156","2989","a520eaad87705967a1e4024b02f133f263eaedc78e782697725679c249abafcc","0","1156","2989","rotated_bottom_left_pixels","294","2058","626","inherited","[""アトリ_tatr01_l_d4_p1_fg.png"", 0.0]","true"
"アトリ_tatr01_l_d4_p1_fi.png","アトリ_tatr01_d4_p1_fi","アトリ","tatr01","l","d4","p1","fi","1156","2740","45830e2bb4fa50ebd316d5cb4fcc1503b701f185d8faeae9bf9e519cb2a047c0","0","1156","2740","rotated_bottom_left_pixels","294","2058","626","inherited","[""アトリ_tatr01_l_d4_p1_fh.png"", 0.0]","true"
"アトリ_tatr01_l_d4_p1_fj.png","アトリ_tatr01_d4_p1_fj","アトリ","tatr01","l","d4","p1","fj","1156","2740","edd1119ce756ed5faaa87042f4fef2c9830e4bc7455c5f8094e81888804f1428","0","1156","2740","rotated_bottom_left_pixels","294","2058","626","inherited","[""アトリ_tatr01_l_d4_p1_fi.png"", 0.0]","true"
"アトリ_tatr01_l_d4_p1_fk.png","アトリ_tatr01_d4_p1_fk","アトリ","tatr01","l","d4","p1","fk","1156","2740","3262113fdfad91aaf4f9888e9cf5a93f7dcc8271f4bf0d5897780988fd97765b","0","1156","2740","rotated_bottom_left_pixels","294","2058","626","inherited","[""アトリ_tatr01_l_d4_p1_fj.png"", 0.0]","true"
"アトリ_tatr01_l_d4_p1_fl.png","アトリ_tatr01_d4_p1_fl","アトリ","tatr01","l","d4","p1","fl","1156","2740","e67da6ae9e7ff48302cd383ad4289f3757228cc6c1a9d24ac218c5b31eb3d32f","0","1156","2740","rotated_bottom_left_pixels","294","2058","626","inherited","[""アトリ_tatr01_l_d4_p1_fk.png"", 0.0]","true"
"アトリ_tatr01_l_d1_p2_f1.png","アトリ_tatr01_d1_p2_f1","アトリ","tatr01","l","d1","p2","f1","1250","2963","a32de8f87e0a29e0975d977def9b4b14f8532445f709acfa274b03c4e3737b3a","0","1250","2963","rotated_bottom_left_pixels","303","2056","626","scaled_reference","[""annotations/face_boxes_l.csv"",""64f8c2b3286bd55a23a92e92b2bac699fcfffc62795ac75da0fc9e73ec786eca"",""アトリ_tatr01_l_d1_p2_f1.png"",0]","true"
"アトリ_tatr01_l_d1_p2_f2.png","アトリ_tatr01_d1_p2_f2","アトリ","tatr01","l","d1","p2","f2","1250","2963","4263d82dff6cba6e32875a66a66c17763cc10cae43b68ed81db6f0a93eca7a17","0","1250","2963","rotated_bottom_left_pixels","303","2056","626","inherited","[""アトリ_tatr01_l_d1_p2_f1.png"", 0.0]","true"
"アトリ_tatr01_l_d1_p2_f3.png","アトリ_tatr01_d1_p2_f3","アトリ","tatr01","l","d1","p2","f3","1250","2963","2720c1083e4ed9d42aa5552dbaf006f0d050af7f27a5e88d246a45a578574ea8","0","1250","2963","rotated_bottom_left_pixels","303","2056","626","inherited","[""アトリ_tatr01_l_d1_p2_f2.png"", 0.0]","true"
"アトリ_tatr01_l_d1_p2_f4.png","アトリ_tatr01_d1_p2_f4","アトリ","tatr01","l","d1","p2","f4","1250","2963","c7b04a04f40e05dac11c5fdf02dddd0238c41d9143df2e464bfacfd6bdc67fb2","0","1250","2963","rotated_bottom_left_pixels","303","2056","626","inherited","[""アトリ_tatr01_l_d1_p2_f3.png"", 0.0]","true"
"アトリ_tatr01_l_d1_p2_f5.png","アトリ_tatr01_d1_p2_f5","アトリ","tatr01","l","d1","p2","f5","1250","2963","69b6b6b165349f51b28ff6c4b8ed3848e6009ae372123b33f49a993f0694729c","0","1250","2963","rotated_bottom_left_pixels","303","2056","626","inherited","[""アトリ_tatr01_l_d1_p2_f4.png"", 0.0]","true"
"アトリ_tatr01_l_d1_p2_f6.png","アトリ_tatr01_d1_p2_f6","アトリ","tatr01","l","d1","p2","f6","1250","2963","6e8fbb4a661a510b445fd8060e7a860fdb5012f43bac854e83d3c072e4452ec0","0","1250","2963","rotated_bottom_left_pixels","303","2056","626","inherited","[""アトリ_tatr01_l_d1_p2_f5.png"", 0.0]","true"
"アトリ_tatr01_l_d1_p2_f7.png","アトリ_tatr01_d1_p2_f7","アトリ","tatr01","l","d1","p2","f7","1250","2963","7be56828231e5d524c1e0c91a3eb481b4fb8458e4467baaffd979ff72f4b5ea6","0","1250","2963","rotated_bottom_left_pixels","303","2056","626","inherited","[""アトリ_tatr01_l_d1_p2_f6.png"", 0.0]","true"
"アトリ_tatr01_l_d1_p2_f8.png","アトリ_tatr01_d1_p2_f8","アトリ","tatr01","l","d1","p2","f8","1250","2963","e2247f7bdb14217655aba9ee21be623f5d4d34a51931487a79cce7babb0c4120","0","1250","2963","rotated_bottom_left_pixels","303","2056","626","inherited","[""アトリ_tatr01_l_d1_p2_f7.png"", 0.0]","true"
"アトリ_tatr01_l_d1_p2_f9.png","アトリ_tatr01_d1_p2_f9","アトリ","tatr01","l","d1","p2","f9","1250","2963","a9465d957a8b3ad84d2d9d852de8945afe5d647a79eb332b6271475cc0a68a45","0","1250","2963","rotated_bottom_left_pixels","303","2056","626","inherited","[""アトリ_tatr01_l_d1_p2_f8.png"", 0.0]","true"
"アトリ_tatr01_l_d1_p2_fa.png","アトリ_tatr01_d1_p2_fa","アトリ","tatr01","l","d1","p2","fa","1250","2963","bfa7b73756ceb3676948ef48be3a399afeaebde8002b3ea3201ba6c18774e838","0","1250","2963","rotated_bottom_left_pixels","303","2056","626","inherited","[""アトリ_tatr01_l_d1_p2_f9.png"", 0.0]","true"
"アトリ_tatr01_l_d1_p2_fb.png","アトリ_tatr01_d1_p2_fb","アトリ","tatr01","l","d1","p2","fb","1250","2963","3e03a1b1a688634ceb2d289be4773a77837e39e69ddb6c59617117455d1a6a11","0","1250","2963","rotated_bottom_left_pixels","303","2056","626","inherited","[""アトリ_tatr01_l_d1_p2_fa.png"", 0.0]","true"
"アトリ_tatr01_l_d1_p2_fc.png","アトリ_tatr01_d1_p2_fc","アトリ","tatr01","l","d1","p2","fc","1250","2963","946dd8a17d8c4c6d383ae4622bb3195b60bca5e68351e265a842a9d7ce8b3706","0","1250","2963","rotated_bottom_left_pixels","303","2056","626","inherited","[""アトリ_tatr01_l_d1_p2_fb.png"", 0.0]","true"
"アトリ_tatr01_l_d1_p2_fd.png","アトリ_tatr01_d1_p2_fd","アトリ","tatr01","l","d1","p2","fd","1250","2963","e02c65ee12ee258496af3a875b4b3df35931aae30dc4d33507a018b8629c0329","0","1250","2963","rotated_bottom_left_pixels","303","2056","626","inherited","[""アトリ_tatr01_l_d1_p2_fc.png"", 0.0]","true"
"アトリ_tatr01_l_d1_p2_fe.png","アトリ_tatr01_d1_p2_fe","アトリ","tatr01","l","d1","p2","fe","1250","2963","5f81810775d036300084bb6150eaf863c81f92087df9e62d590af5869c47f4da","0","1250","2963","rotated_bottom_left_pixels","303","2056","626","inherited","[""アトリ_tatr01_l_d1_p2_fd.png"", 0.0]","true"
"アトリ_tatr01_l_d1_p2_ff.png","アトリ_tatr01_d1_p2_ff","アトリ","tatr01","l","d1","p2","ff","1250","2989","c85dca38f3f841872d29cdc3f69963f1774fc77a23a7fee1c37269fcdf130f03","0","1250","2989","rotated_bottom_left_pixels","303","2056","626","inherited","[""アトリ_tatr01_l_d1_p2_fe.png"", 0.0]","true"
"アトリ_tatr01_l_d1_p2_fg.png","アトリ_tatr01_d1_p2_fg","アトリ","tatr01","l","d1","p2","fg","1250","2963","004e08df54c25f2e8f05cfcf770f88d852f3865128932d364ddad9d7e3198c80","0","1250","2963","rotated_bottom_left_pixels","303","2056","626","inherited","[""アトリ_tatr01_l_d1_p2_ff.png"", 0.0]","true"
"アトリ_tatr01_l_d1_p2_fh.png","アトリ_tatr01_d1_p2_fh","アトリ","tatr01","l","d1","p2","fh","1250","2989","3e9783cf08b0f15a238c727c09e70c51eb2e30bdf4848a085b8e57d8d3402289","0","1250","2989","rotated_bottom_left_pixels","303","2056","626","inherited","[""アトリ_tatr01_l_d1_p2_fg.png"", 0.0]","true"
"アトリ_tatr01_l_d1_p2_fi.png","アトリ_tatr01_d1_p2_fi","アトリ","tatr01","l","d1","p2","fi","1250","2963","74c695c903922df822f7e13d13d438e806e22a69be8b251620f5d68eb4285426","0","1250","2963","rotated_bottom_left_pixels","303","2056","626","inherited","[""アトリ_tatr01_l_d1_p2_fh.png"", 0.0]","true"
"アトリ_tatr01_l_d1_p2_fj.png","アトリ_tatr01_d1_p2_fj","アトリ","tatr01","l","d1","p2","fj","1250","2963","7a2310df609bd1ae28d73d9ab6df6ce5dc619829270a1c67bab1fa939461d9a1","0","1250","2963","rotated_bottom_left_pixels","303","2056","626","inherited","[""アトリ_tatr01_l_d1_p2_fi.png"", 0.0]","true"
"アトリ_tatr01_l_d1_p2_fk.png","アトリ_tatr01_d1_p2_fk","アトリ","tatr01","l","d1","p2","fk","1250","2963","f1d0ec03cb15018a143e1c82c88ffe38aeba6f47e9c665f1679704080cd936b4","0","1250","2963","rotated_bottom_left_pixels","303","2056","626","inherited","[""アトリ_tatr01_l_d1_p2_fj.png"", 0.0]","true"
"アトリ_tatr01_l_d1_p2_fl.png","アトリ_tatr01_d1_p2_fl","アトリ","tatr01","l","d1","p2","fl","1250","2963","cb719a8a53de2c3c5d68748675434709caced1300cba70585081149fa54f5502","0","1250","2963","rotated_bottom_left_pixels","303","2056","626","inherited","[""アトリ_tatr01_l_d1_p2_fk.png"", 0.0]","true"
"アトリ_tatr01_l_d2_p2_f1.png","アトリ_tatr01_d2_p2_f1","アトリ","tatr01","l","d2","p2","f1","1250","2963","df9a437c87472ea18e5e660ee305abbcf67fb56f926a684f7fa824586c87376c","0","1250","2963","rotated_bottom_left_pixels","303","2056","626","inherited","[""アトリ_tatr01_l_d1_p2_fl.png"", 0.0]","true"
"アトリ_tatr01_l_d2_p2_f2.png","アトリ_tatr01_d2_p2_f2","アトリ","tatr01","l","d2","p2","f2","1250","2963","51b348a6d7fdaa59b6497843810ea44784c87aca43902725ea1ede81163af543","0","1250","2963","rotated_bottom_left_pixels","303","2056","626","inherited","[""アトリ_tatr01_l_d2_p2_f1.png"", 0.0]","true"
"アトリ_tatr01_l_d2_p2_f3.png","アトリ_tatr01_d2_p2_f3","アトリ","tatr01","l","d2","p2","f3","1250","2963","7e6b425952ca4dd8b5e3bd3c80eb4afd68d553ad2e7975fdb6d86fb7b607f7d1","0","1250","2963","rotated_bottom_left_pixels","303","2056","626","inherited","[""アトリ_tatr01_l_d2_p2_f2.png"", 0.0]","true"
"アトリ_tatr01_l_d2_p2_f4.png","アトリ_tatr01_d2_p2_f4","アトリ","tatr01","l","d2","p2","f4","1250","2963","5deaf8b43a27268772959ab7b086991911f1e0719004cf13b0353a6ebd161e53","0","1250","2963","rotated_bottom_left_pixels","303","2056","626","inherited","[""アトリ_tatr01_l_d2_p2_f3.png"", 0.0]","true"
"アトリ_tatr01_l_d2_p2_f5.png","アトリ_tatr01_d2_p2_f5","アトリ","tatr01","l","d2","p2","f5","1250","2963","05da545af1ab1ef27a98540d2540d397600d83ae2f1e162fb365a8c7935cb955","0","1250","2963","rotated_bottom_left_pixels","303","2056","626","inherited","[""アトリ_tatr01_l_d2_p2_f4.png"", 0.0]","true"
"アトリ_tatr01_l_d2_p2_f6.png","アトリ_tatr01_d2_p2_f6","アトリ","tatr01","l","d2","p2","f6","1250","2963","f7295c84fbe369686ad71f881b2330c1d477f0be87bbc20732a9dd1d355aa0d1","0","1250","2963","rotated_bottom_left_pixels","303","2056","626","inherited","[""アトリ_tatr01_l_d2_p2_f5.png"", 0.0]","true"
"アトリ_tatr01_l_d2_p2_f7.png","アトリ_tatr01_d2_p2_f7","アトリ","tatr01","l","d2","p2","f7","1250","2963","7861e2850636936b30e5634fd974eaf42ac03924d4f18c437f66a1034802cfef","0","1250","2963","rotated_bottom_left_pixels","303","2056","626","inherited","[""アトリ_tatr01_l_d2_p2_f6.png"", 0.0]","true"
"アトリ_tatr01_l_d2_p2_f8.png","アトリ_tatr01_d2_p2_f8","アトリ","tatr01","l","d2","p2","f8","1250","2963","a69467a60c5d89f02f97feae247a94eb931ce7413299d406d21a15f1934c9627","0","1250","2963","rotated_bottom_left_pixels","303","2056","626","inherited","[""アトリ_tatr01_l_d2_p2_f7.png"", 0.0]","true"
"アトリ_tatr01_l_d2_p2_f9.png","アトリ_tatr01_d2_p2_f9","アトリ","tatr01","l","d2","p2","f9","1250","2963","023e06d8ab1328eb1f98695f4271df9057497bfd29f1a1d12c57a15ef7a8be03","0","1250","2963","rotated_bottom_left_pixels","303","2056","626","inherited","[""アトリ_tatr01_l_d2_p2_f8.png"", 0.0]","true"
"アトリ_tatr01_l_d2_p2_fa.png","アトリ_tatr01_d2_p2_fa","アトリ","tatr01","l","d2","p2","fa","1250","2963","2038d60848c6c7adff794c728fd25b7b5fa64486f26ef6a531ef8653edaa41d3","0","1250","2963","rotated_bottom_left_pixels","303","2056","626","inherited","[""アトリ_tatr01_l_d2_p2_f9.png"", 0.0]","true"
"アトリ_tatr01_l_d2_p2_fb.png","アトリ_tatr01_d2_p2_fb","アトリ","tatr01","l","d2","p2","fb","1250","2963","9c6cebb4df02bfba76e3685601e3d7eb3e2180613a265a95050f436fd882e715","0","1250","2963","rotated_bottom_left_pixels","303","2056","626","inherited","[""アトリ_tatr01_l_d2_p2_fa.png"", 0.0]","true"
"アトリ_tatr01_l_d2_p2_fc.png","アトリ_tatr01_d2_p2_fc","アトリ","tatr01","l","d2","p2","fc","1250","2963","82a7108ad457a390a8ad71c8d6931c4b909b3d395e2403b725c05320cbe61d02","0","1250","2963","rotated_bottom_left_pixels","303","2056","626","inherited","[""アトリ_tatr01_l_d2_p2_fb.png"", 0.0]","true"
"アトリ_tatr01_l_d2_p2_fd.png","アトリ_tatr01_d2_p2_fd","アトリ","tatr01","l","d2","p2","fd","1250","2963","2e855d53ac4f5a29e8d5af3123df57b86a150f72cf05bf21cbbfa8e3e64831a0","0","1250","2963","rotated_bottom_left_pixels","303","2056","626","inherited","[""アトリ_tatr01_l_d2_p2_fc.png"", 0.0]","true"
"アトリ_tatr01_l_d2_p2_fe.png","アトリ_tatr01_d2_p2_fe","アトリ","tatr01","l","d2","p2","fe","1250","2963","838a16f58a0488a6869a9a9a46a42ab485621e61b2c661adee2508b80080e393","0","1250","2963","rotated_bottom_left_pixels","303","2056","626","inherited","[""アトリ_tatr01_l_d2_p2_fd.png"", 0.0]","true"
"アトリ_tatr01_l_d2_p2_ff.png","アトリ_tatr01_d2_p2_ff","アトリ","tatr01","l","d2","p2","ff","1250","2989","6a6cd3ce79436515a871691d91ce1fbc2cf782478725ac1351c5bc8bb2b12091","0","1250","2989","rotated_bottom_left_pixels","303","2056","626","inherited","[""アトリ_tatr01_l_d2_p2_fe.png"", 0.0]","true"
"アトリ_tatr01_l_d2_p2_fg.png","アトリ_tatr01_d2_p2_fg","アトリ","tatr01","l","d2","p2","fg","1250","2963","53367ca5c7c7ea696c84e25a25488558336ef432ac270fc330e5f4be8cb952cf","0","1250","2963","rotated_bottom_left_pixels","303","2056","626","inherited","[""アトリ_tatr01_l_d2_p2_ff.png"", 0.0]","true"
"アトリ_tatr01_l_d2_p2_fh.png","アトリ_tatr01_d2_p2_fh","アトリ","tatr01","l","d2","p2","fh","1250","2989","47190bb565504ba3eefa3a3b65c6bff707d7f18c9412b3da4f7e8a93bb77e708","0","1250","2989","rotated_bottom_left_pixels","303","2056","626","inherited","[""アトリ_tatr01_l_d2_p2_fg.png"", 0.0]","true"
"アトリ_tatr01_l_d2_p2_fi.png","アトリ_tatr01_d2_p2_fi","アトリ","tatr01","l","d2","p2","fi","1250","2963","324ba05a5a12ee2ce194cdc49655eb50bdda0d5990f0c6112e0bc433605b72eb","0","1250","2963","rotated_bottom_left_pixels","303","2056","626","inherited","[""アトリ_tatr01_l_d2_p2_fh.png"", 0.0]","true"
"アトリ_tatr01_l_d2_p2_fj.png","アトリ_tatr01_d2_p2_fj","アトリ","tatr01","l","d2","p2","fj","1250","2963","8738ed5276eb3e398f4be2aecafda3380e4e0fcf1b5ee26b711117e3fe71dce7","0","1250","2963","rotated_bottom_left_pixels","303","2056","626","inherited","[""アトリ_tatr01_l_d2_p2_fi.png"", 0.0]","true"
"アトリ_tatr01_l_d2_p2_fk.png","アトリ_tatr01_d2_p2_fk","アトリ","tatr01","l","d2","p2","fk","1250","2963","7d0b12fcc0499d96ea6955fb9e0c3bca464fce5b96822012daac9c579ecc59de","0","1250","2963","rotated_bottom_left_pixels","303","2056","626","inherited","[""アトリ_tatr01_l_d2_p2_fj.png"", 0.0]","true"
"アトリ_tatr01_l_d2_p2_fl.png","アトリ_tatr01_d2_p2_fl","アトリ","tatr01","l","d2","p2","fl","1250","2963","01b991e81e5571f322f9dd03cc7aeec8fdef591b883e292d76365199fb861d17","0","1250","2963","rotated_bottom_left_pixels","303","2056","626","inherited","[""アトリ_tatr01_l_d2_p2_fk.png"", 0.0]","true"
"アトリ_tatr01_l_d3_p2_f1.png","アトリ_tatr01_d3_p2_f1","アトリ","tatr01","l","d3","p2","f1","1250","2963","28aaccff9edb5977760edb9a62de45605c200c3f8e16101d98d3b0a06dc567a8","0","1250","2963","rotated_bottom_left_pixels","303","2056","626","inherited","[""アトリ_tatr01_l_d2_p2_fl.png"", 0.0]","true"
"アトリ_tatr01_l_d3_p2_f2.png","アトリ_tatr01_d3_p2_f2","アトリ","tatr01","l","d3","p2","f2","1250","2963","47637d0f1a1e2dde0f9c149e5e61676f2236be3f658c3593e27c04a5e8004075","0","1250","2963","rotated_bottom_left_pixels","303","2056","626","inherited","[""アトリ_tatr01_l_d3_p2_f1.png"", 0.0]","true"
"アトリ_tatr01_l_d3_p2_f3.png","アトリ_tatr01_d3_p2_f3","アトリ","tatr01","l","d3","p2","f3","1250","2963","98ceca347e3e09913b55ca7423b608d4a658fb17561ae77c9c82e654b9c73a65","0","1250","2963","rotated_bottom_left_pixels","303","2056","626","inherited","[""アトリ_tatr01_l_d3_p2_f2.png"", 0.0]","true"
"アトリ_tatr01_l_d3_p2_f4.png","アトリ_tatr01_d3_p2_f4","アトリ","tatr01","l","d3","p2","f4","1250","2963","2245919dddb77f7993a528be7bca8b02b4f5a7c73bf91b5dc5349ba1cd8cdee5","0","1250","2963","rotated_bottom_left_pixels","303","2056","626","inherited","[""アトリ_tatr01_l_d3_p2_f3.png"", 0.0]","true"
"アトリ_tatr01_l_d3_p2_f5.png","アトリ_tatr01_d3_p2_f5","アトリ","tatr01","l","d3","p2","f5","1250","2963","d3a9c036dc1fd78d75deb69877c155c5525f2bfabf811c21f17fb659c8f5f7d6","0","1250","2963","rotated_bottom_left_pixels","303","2056","626","inherited","[""アトリ_tatr01_l_d3_p2_f4.png"", 0.0]","true"
"アトリ_tatr01_l_d3_p2_f6.png","アトリ_tatr01_d3_p2_f6","アトリ","tatr01","l","d3","p2","f6","1250","2963","0e792249cda1db5372a6ae35a7fc611ce643615006a93df113e048ab72c75242","0","1250","2963","rotated_bottom_left_pixels","303","2056","626","inherited","[""アトリ_tatr01_l_d3_p2_f5.png"", 0.0]","true"
"アトリ_tatr01_l_d3_p2_f7.png","アトリ_tatr01_d3_p2_f7","アトリ","tatr01","l","d3","p2","f7","1250","2963","96cc530ff4f233ed64dde086fa48096ff447936c126e4c0677ad97d3b1295255","0","1250","2963","rotated_bottom_left_pixels","303","2056","626","inherited","[""アトリ_tatr01_l_d3_p2_f6.png"", 0.0]","true"
"アトリ_tatr01_l_d3_p2_f8.png","アトリ_tatr01_d3_p2_f8","アトリ","tatr01","l","d3","p2","f8","1250","2963","97766e9833278d6e11af6899ae5e76ef7e03a48c49920620db29b8e748d61304","0","1250","2963","rotated_bottom_left_pixels","303","2056","626","inherited","[""アトリ_tatr01_l_d3_p2_f7.png"", 0.0]","true"
"アトリ_tatr01_l_d3_p2_f9.png","アトリ_tatr01_d3_p2_f9","アトリ","tatr01","l","d3","p2","f9","1250","2963","5a477c801132efcba9f0d33cd68016a73dedca006c60a277af55a2bca4526ba7","0","1250","2963","rotated_bottom_left_pixels","303","2056","626","inherited","[""アトリ_tatr01_l_d3_p2_f8.png"", 0.0]","true"
"アトリ_tatr01_l_d3_p2_fa.png","アトリ_tatr01_d3_p2_fa","アトリ","tatr01","l","d3","p2","fa","1250","2963","f2cc7863b958b53f0f0d9c048670ce78ee8105643c4ea2d110b9a1707afbe3e2","0","1250","2963","rotated_bottom_left_pixels","303","2056","626","inherited","[""アトリ_tatr01_l_d3_p2_f9.png"", 0.0]","true"
"アトリ_tatr01_l_d3_p2_fb.png","アトリ_tatr01_d3_p2_fb","アトリ","tatr01","l","d3","p2","fb","1250","2963","eebfc34e9a839b30c06b87807d13b2d3facb6c9b465035e78843f616a9902d04","0","1250","2963","rotated_bottom_left_pixels","303","2056","626","inherited","[""アトリ_tatr01_l_d3_p2_fa.png"", 0.0]","true"
"アトリ_tatr01_l_d3_p2_fc.png","アトリ_tatr01_d3_p2_fc","アトリ","tatr01","l","d3","p2","fc","1250","2963","5d56a8622327d2821ced87025cd03b4fe175acd5d0cb13b29e0dae43c1099a5f","0","1250","2963","rotated_bottom_left_pixels","303","2056","626","inherited","[""アトリ_tatr01_l_d3_p2_fb.png"", 0.0]","true"
"アトリ_tatr01_l_d3_p2_fd.png","アトリ_tatr01_d3_p2_fd","アトリ","tatr01","l","d3","p2","fd","1250","2963","cdfb351c5cac65d461343de75fb506017e2b32a486b4372359a322ca60dd2f42","0","1250","2963","rotated_bottom_left_pixels","303","2056","626","inherited","[""アトリ_tatr01_l_d3_p2_fc.png"", 0.0]","true"
"アトリ_tatr01_l_d3_p2_fe.png","アトリ_tatr01_d3_p2_fe","アトリ","tatr01","l","d3","p2","fe","1250","2963","61632749745e896c4ea653bded98c2f4f0a0cf57bfc670bd0217c12e64e66534","0","1250","2963","rotated_bottom_left_pixels","303","2056","626","inherited","[""アトリ_tatr01_l_d3_p2_fd.png"", 0.0]","true"
"アトリ_tatr01_l_d3_p2_ff.png","アトリ_tatr01_d3_p2_ff","アトリ","tatr01","l","d3","p2","ff","1250","2989","f8642199465f1c2c2f16e7b0b2f1fad309b35498f704b24b52b1f4c18376c64a","0","1250","2989","rotated_bottom_left_pixels","303","2056","626","inherited","[""アトリ_tatr01_l_d3_p2_fe.png"", 0.0]","true"
"アトリ_tatr01_l_d3_p2_fg.png","アトリ_tatr01_d3_p2_fg","アトリ","tatr01","l","d3","p2","fg","1250","2963","74dee4ced7d5dc0e32d4668421c2483a3f4452dea5535449f38ce0f3963ac37a","0","1250","2963","rotated_bottom_left_pixels","303","2056","626","inherited","[""アトリ_tatr01_l_d3_p2_ff.png"", 0.0]","true"
"アトリ_tatr01_l_d3_p2_fh.png","アトリ_tatr01_d3_p2_fh","アトリ","tatr01","l","d3","p2","fh","1250","2989","9f116fe43f6c3c0ab673e3b529653be9d09ca1142d2172d9eaf1e2dc46caa8ae","0","1250","2989","rotated_bottom_left_pixels","303","2056","626","inherited","[""アトリ_tatr01_l_d3_p2_fg.png"", 0.0]","true"
"アトリ_tatr01_l_d3_p2_fi.png","アトリ_tatr01_d3_p2_fi","アトリ","tatr01","l","d3","p2","fi","1250","2963","a19f637b7f53cdd97b6ca3d1b4dc134c0e35d86b216abe20877e635aeedc79d8","0","1250","2963","rotated_bottom_left_pixels","303","2056","626","inherited","[""アトリ_tatr01_l_d3_p2_fh.png"", 0.0]","true"
"アトリ_tatr01_l_d3_p2_fj.png","アトリ_tatr01_d3_p2_fj","アトリ","tatr01","l","d3","p2","fj","1250","2963","f4c47dea28b733ef69f8a9b65dfce80a2981de9b5508ca72bb29a6aa0be7b156","0","1250","2963","rotated_bottom_left_pixels","303","2056","626","inherited","[""アトリ_tatr01_l_d3_p2_fi.png"", 0.0]","true"
"アトリ_tatr01_l_d3_p2_fk.png","アトリ_tatr01_d3_p2_fk","アトリ","tatr01","l","d3","p2","fk","1250","2963","e7b2f09e107be931ff7eafe9c33a7c8650806a026e0e763c4b57319ea9536401","0","1250","2963","rotated_bottom_left_pixels","303","2056","626","inherited","[""アトリ_tatr01_l_d3_p2_fj.png"", 0.0]","true"
"アトリ_tatr01_l_d3_p2_fl.png","アトリ_tatr01_d3_p2_fl","アトリ","tatr01","l","d3","p2","fl","1250","2963","a16810d9db0cbcafb165684236e3f8344470586faad3765bd4f09f666a424f9a","0","1250","2963","rotated_bottom_left_pixels","303","2056","626","inherited","[""アトリ_tatr01_l_d3_p2_fk.png"", 0.0]","true"
"アトリ_tatr01_l_d4_p2_f1.png","アトリ_tatr01_d4_p2_f1","アトリ","tatr01","l","d4","p2","f1","1250","2963","da26a0333af6ac03a6cc0410c2a1d4fca6f838b473fd087f4ed2b7c5e420e316","0","1250","2963","rotated_bottom_left_pixels","303","2056","626","inherited","[""アトリ_tatr01_l_d3_p2_fl.png"", 0.0]","true"
"アトリ_tatr01_l_d4_p2_f2.png","アトリ_tatr01_d4_p2_f2","アトリ","tatr01","l","d4","p2","f2","1250","2963","d399278af565e255d89d00321608f2d0f0a87fe332fa6456189af883330ff3c8","0","1250","2963","rotated_bottom_left_pixels","303","2056","626","inherited","[""アトリ_tatr01_l_d4_p2_f1.png"", 0.0]","true"
"アトリ_tatr01_l_d4_p2_f3.png","アトリ_tatr01_d4_p2_f3","アトリ","tatr01","l","d4","p2","f3","1250","2963","6cf187ab4bdb419940237fe301dad682284667496548e14493b1306ffd0bd0fd","0","1250","2963","rotated_bottom_left_pixels","303","2056","626","inherited","[""アトリ_tatr01_l_d4_p2_f2.png"", 0.0]","true"
"アトリ_tatr01_l_d4_p2_f4.png","アトリ_tatr01_d4_p2_f4","アトリ","tatr01","l","d4","p2","f4","1250","2963","329eeced82f54542adef86749501ccf7e06c806d78631a3b7a0ac7000fad4cdb","0","1250","2963","rotated_bottom_left_pixels","303","2056","626","inherited","[""アトリ_tatr01_l_d4_p2_f3.png"", 0.0]","true"
"アトリ_tatr01_l_d4_p2_f5.png","アトリ_tatr01_d4_p2_f5","アトリ","tatr01","l","d4","p2","f5","1250","2963","fbe01745a1048e51c0b06e680fcb804ad67fc22e028ef0262c02c61816380eee","0","1250","2963","rotated_bottom_left_pixels","303","2056","626","inherited","[""アトリ_tatr01_l_d4_p2_f4.png"", 0.0]","true"
"アトリ_tatr01_l_d4_p2_f6.png","アトリ_tatr01_d4_p2_f6","アトリ","tatr01","l","d4","p2","f6","1250","2963","2bf25696c4c12b7be6d7f1c618e97f1e3d6ee3ea66fbfa2127e2401e3f36e2aa","0","1250","2963","rotated_bottom_left_pixels","303","2056","626","inherited","[""アトリ_tatr01_l_d4_p2_f5.png"", 0.0]","true"
"アトリ_tatr01_l_d4_p2_f7.png","アトリ_tatr01_d4_p2_f7","アトリ","tatr01","l","d4","p2","f7","1250","2963","a6e029b580eb97675cf169cb9ee1f723e77965ecaaa474d655602abb919a6076","0","1250","2963","rotated_bottom_left_pixels","303","2056","626","inherited","[""アトリ_tatr01_l_d4_p2_f6.png"", 0.0]","true"
"アトリ_tatr01_l_d4_p2_f8.png","アトリ_tatr01_d4_p2_f8","アトリ","tatr01","l","d4","p2","f8","1250","2963","fff1751c1caec393b5f77979ac5eaf20f054abade9811695fa6779c249f5c5fd","0","1250","2963","rotated_bottom_left_pixels","303","2056","626","inherited","[""アトリ_tatr01_l_d4_p2_f7.png"", 0.0]","true"
"アトリ_tatr01_l_d4_p2_f9.png","アトリ_tatr01_d4_p2_f9","アトリ","tatr01","l","d4","p2","f9","1250","2963","0a9c32cbdbc4b0f3bd03068d9a1788782fbccc190ff643cf7f625fb5ebc1335b","0","1250","2963","rotated_bottom_left_pixels","303","2056","626","inherited","[""アトリ_tatr01_l_d4_p2_f8.png"", 0.0]","true"
"アトリ_tatr01_l_d4_p2_fa.png","アトリ_tatr01_d4_p2_fa","アトリ","tatr01","l","d4","p2","fa","1250","2963","c015029cf8947e69c9052bd972b0401d3a14b985aa29c8061882a0a756995d1c","0","1250","2963","rotated_bottom_left_pixels","303","2056","626","inherited","[""アトリ_tatr01_l_d4_p2_f9.png"", 0.0]","true"
"アトリ_tatr01_l_d4_p2_fb.png","アトリ_tatr01_d4_p2_fb","アトリ","tatr01","l","d4","p2","fb","1250","2963","4cbf178362f61ac6f75219bf2e239f2ab53d0dd64d5b8c624dfb0fd07fcee00f","0","1250","2963","rotated_bottom_left_pixels","303","2056","626","inherited","[""アトリ_tatr01_l_d4_p2_fa.png"", 0.0]","true"
"アトリ_tatr01_l_d4_p2_fc.png","アトリ_tatr01_d4_p2_fc","アトリ","tatr01","l","d4","p2","fc","1250","2963","e5b66a281b8b18960323cb1b4a3b4fedb3a3147bb4b236c57f1d9a57c1f2375b","0","1250","2963","rotated_bottom_left_pixels","303","2056","626","inherited","[""アトリ_tatr01_l_d4_p2_fb.png"", 0.0]","true"
"アトリ_tatr01_l_d4_p2_fd.png","アトリ_tatr01_d4_p2_fd","アトリ","tatr01","l","d4","p2","fd","1250","2963","91e146b477392708da335c3b07589605db817270b412c2e41ae920e947138bb9","0","1250","2963","rotated_bottom_left_pixels","303","2056","626","inherited","[""アトリ_tatr01_l_d4_p2_fc.png"", 0.0]","true"
"アトリ_tatr01_l_d4_p2_fe.png","アトリ_tatr01_d4_p2_fe","アトリ","tatr01","l","d4","p2","fe","1250","2963","992e61dedcca2b1bf765f5128998d332a30394f4515a7cbb70ba6a02d3853ed9","0","1250","2963","rotated_bottom_left_pixels","303","2056","626","inherited","[""アトリ_tatr01_l_d4_p2_fd.png"", 0.0]","true"
"アトリ_tatr01_l_d4_p2_ff.png","アトリ_tatr01_d4_p2_ff","アトリ","tatr01","l","d4","p2","ff","1250","2989","dc6abf389ac3b2cdaeff5bc277837c48fa5116185f5ca6315451927e09577629","0","1250","2989","rotated_bottom_left_pixels","303","2056","626","inherited","[""アトリ_tatr01_l_d4_p2_fe.png"", 0.0]","true"
"アトリ_tatr01_l_d4_p2_fg.png","アトリ_tatr01_d4_p2_fg","アトリ","tatr01","l","d4","p2","fg","1250","2963","37ffca8f4ce0077cacbbf82c07b1cb97fdef7c1edc7ab51aeeb1a995856a396a","0","1250","2963","rotated_bottom_left_pixels","303","2056","626","inherited","[""アトリ_tatr01_l_d4_p2_ff.png"", 0.0]","true"
"アトリ_tatr01_l_d4_p2_fh.png","アトリ_tatr01_d4_p2_fh","アトリ","tatr01","l","d4","p2","fh","1250","2989","27005fd63820541a92e8125ec28d15e4516c7946756288fac20bbacddfbdb7b5","0","1250","2989","rotated_bottom_left_pixels","303","2056","626","inherited","[""アトリ_tatr01_l_d4_p2_fg.png"", 0.0]","true"
"アトリ_tatr01_l_d4_p2_fi.png","アトリ_tatr01_d4_p2_fi","アトリ","tatr01","l","d4","p2","fi","1250","2963","c2f0f0a5cd7d9d2df82a07187f7fed98ba76c1704782a591738da1da9e9030e2","0","1250","2963","rotated_bottom_left_pixels","303","2056","626","inherited","[""アトリ_tatr01_l_d4_p2_fh.png"", 0.0]","true"
"アトリ_tatr01_l_d4_p2_fj.png","アトリ_tatr01_d4_p2_fj","アトリ","tatr01","l","d4","p2","fj","1250","2963","0f80146d3017768a4b2d6e1d59814de03b7a0a7f356a26a095062cc6caaa1c77","0","1250","2963","rotated_bottom_left_pixels","303","2056","626","inherited","[""アトリ_tatr01_l_d4_p2_fi.png"", 0.0]","true"
"アトリ_tatr01_l_d4_p2_fk.png","アトリ_tatr01_d4_p2_fk","アトリ","tatr01","l","d4","p2","fk","1250","2963","e2a09ff0e966bc1d180a557096d4a91bfe3611a20dea1ba4b2a9b04d99781190","0","1250","2963","rotated_bottom_left_pixels","303","2056","626","inherited","[""アトリ_tatr01_l_d4_p2_fj.png"", 0.0]","true"
"アトリ_tatr01_l_d4_p2_fl.png","アトリ_tatr01_d4_p2_fl","アトリ","tatr01","l","d4","p2","fl","1250","2963","09268ed2d18431ba973805d3c22e0be76e05bf10e0feb0d28579eaa44540ed03","0","1250","2963","rotated_bottom_left_pixels","303","2056","626","inherited","[""アトリ_tatr01_l_d4_p2_fk.png"", 0.0]","true"
"アトリ_tatr02_l_d1_p3_f1.png","アトリ_tatr02_d1_p3_f1","アトリ","tatr02","l","d1","p3","f1","2129","2578","c17755e0aeec3e224fb7417df3995a18255813f155a69541de8a925906546471","0","2129","2578","rotated_bottom_left_pixels","929","1900","626","scaled_reference","[""annotations/face_boxes_l.csv"",""64f8c2b3286bd55a23a92e92b2bac699fcfffc62795ac75da0fc9e73ec786eca"",""アトリ_tatr02_l_d1_p3_f1.png"",0]","true"
"アトリ_tatr02_l_d1_p3_f2.png","アトリ_tatr02_d1_p3_f2","アトリ","tatr02","l","d1","p3","f2","2129","2578","582c5b128ce4a78247a7da0b9acf58f9b3a06843b88fdadca75679086f30bbf5","0","2129","2578","rotated_bottom_left_pixels","929","1900","626","inherited","[""アトリ_tatr02_l_d1_p3_f1.png"", 0.0]","true"
"アトリ_tatr02_l_d1_p3_f3.png","アトリ_tatr02_d1_p3_f3","アトリ","tatr02","l","d1","p3","f3","2129","2578","02ffe36e2f97a13b034525f5e9617550827308f706eddd8e65d99bfd8c25fcea","0","2129","2578","rotated_bottom_left_pixels","929","1900","626","inherited","[""アトリ_tatr02_l_d1_p3_f2.png"", 0.0]","true"
"アトリ_tatr02_l_d1_p3_f4.png","アトリ_tatr02_d1_p3_f4","アトリ","tatr02","l","d1","p3","f4","2129","2578","0aefa0fd37f66fb11fd06644cbe85a11fc0a34f0bcdadfcdad6886c72629e10b","0","2129","2578","rotated_bottom_left_pixels","929","1900","626","inherited","[""アトリ_tatr02_l_d1_p3_f3.png"", 0.0]","true"
"アトリ_tatr02_l_d1_p3_f5.png","アトリ_tatr02_d1_p3_f5","アトリ","tatr02","l","d1","p3","f5","2129","2578","5c7a4be623bbbc97f9941978f21cbe1be26dcd5bd2d58d2337848a6ff89187d4","0","2129","2578","rotated_bottom_left_pixels","929","1900","626","inherited","[""アトリ_tatr02_l_d1_p3_f4.png"", 0.0]","true"
"アトリ_tatr02_l_d1_p3_f6.png","アトリ_tatr02_d1_p3_f6","アトリ","tatr02","l","d1","p3","f6","2129","2578","677e29beb12cba240561a3d41051fc4efdb18467223c39b2af37157915aa8433","0","2129","2578","rotated_bottom_left_pixels","929","1900","626","inherited","[""アトリ_tatr02_l_d1_p3_f5.png"", 0.0]","true"
"アトリ_tatr02_l_d1_p3_f7.png","アトリ_tatr02_d1_p3_f7","アトリ","tatr02","l","d1","p3","f7","2129","2578","ad32773aa9930e56812fe5a5280b2bb31f6357dde1c2912062b0c764ad70a87e","0","2129","2578","rotated_bottom_left_pixels","929","1900","626","inherited","[""アトリ_tatr02_l_d1_p3_f6.png"", 0.0]","true"
"アトリ_tatr02_l_d1_p3_f8.png","アトリ_tatr02_d1_p3_f8","アトリ","tatr02","l","d1","p3","f8","2129","2578","ac7f369f1aafa8a0b52121bca43d55bb08844bde4b55287bc80f5751cfb6e268","0","2129","2578","rotated_bottom_left_pixels","929","1900","626","inherited","[""アトリ_tatr02_l_d1_p3_f7.png"", 0.0]","true"
"アトリ_tatr02_l_d1_p3_f9.png","アトリ_tatr02_d1_p3_f9","アトリ","tatr02","l","d1","p3","f9","2129","2578","58ec2b1b302ddf3e81979fcb02c420a349a6563ff4f4bc21caf97af17a303699","0","2129","2578","rotated_bottom_left_pixels","929","1900","626","inherited","[""アトリ_tatr02_l_d1_p3_f8.png"", 0.0]","true"
"アトリ_tatr02_l_d1_p3_fa.png","アトリ_tatr02_d1_p3_fa","アトリ","tatr02","l","d1","p3","fa","2129","2578","d5906cfba331bc8e32845ef70b34eba6d49bcecd0ac398fe6ee8204cb2931863","0","2129","2578","rotated_bottom_left_pixels","929","1900","626","inherited","[""アトリ_tatr02_l_d1_p3_f9.png"", 0.0]","true"
"アトリ_tatr02_l_d1_p3_fb.png","アトリ_tatr02_d1_p3_fb","アトリ","tatr02","l","d1","p3","fb","2129","2578","472aaa8ecd58382e749ba78e1ab8b24a48f59745b5719d66305609e6ced73e80","0","2129","2578","rotated_bottom_left_pixels","929","1900","626","inherited","[""アトリ_tatr02_l_d1_p3_fa.png"", 0.0]","true"
"アトリ_tatr02_l_d1_p3_fc.png","アトリ_tatr02_d1_p3_fc","アトリ","tatr02","l","d1","p3","fc","2129","2578","c100c084b46319d973dd3f1e461ef4e0977cc5e0fc8c79182d73822b47c12d80","0","2129","2578","rotated_bottom_left_pixels","929","1900","626","inherited","[""アトリ_tatr02_l_d1_p3_fb.png"", 0.0]","true"
"アトリ_tatr02_l_d1_p3_fd.png","アトリ_tatr02_d1_p3_fd","アトリ","tatr02","l","d1","p3","fd","2129","2578","f786af13587f1c6f454de0d2caf50970cbe220df3548e2e024c86f1f628d5987","0","2129","2578","rotated_bottom_left_pixels","929","1900","626","inherited","[""アトリ_tatr02_l_d1_p3_fc.png"", 0.0]","true"
"アトリ_tatr02_l_d1_p3_fe.png","アトリ_tatr02_d1_p3_fe","アトリ","tatr02","l","d1","p3","fe","2129","2578","4a8113b4875d7d67febeb1038ae9bd233cbe9156a2139f7edb362ea81db93671","0","2129","2578","rotated_bottom_left_pixels","929","1900","626","inherited","[""アトリ_tatr02_l_d1_p3_fd.png"", 0.0]","true"
"アトリ_tatr02_l_d1_p3_ff.png","アトリ_tatr02_d1_p3_ff","アトリ","tatr02","l","d1","p3","ff","2129","2578","4215112d7b1b3ddc6081febcfd053a5cdcdc0e43f549e76ae656643d5c8f6fc8","0","2129","2578","rotated_bottom_left_pixels","929","1900","626","inherited","[""アトリ_tatr02_l_d1_p3_fe.png"", 0.0]","true"
"アトリ_tatr02_l_d1_p3_fg.png","アトリ_tatr02_d1_p3_fg","アトリ","tatr02","l","d1","p3","fg","2129","2578","01e102546fa9369d3431fc1fcf7b46cebf96d803a9fc2a6a6e39fa8cc7c1b77a","0","2129","2578","rotated_bottom_left_pixels","929","1900","626","inherited","[""アトリ_tatr02_l_d1_p3_ff.png"", 0.0]","true"
"アトリ_tatr02_l_d1_p3_fh.png","アトリ_tatr02_d1_p3_fh","アトリ","tatr02","l","d1","p3","fh","2129","2578","03d3e58fd49fb59cabd222751b732e5b002d7a8969f6b0b23bcf944d300143a2","0","2129","2578","rotated_bottom_left_pixels","929","1900","626","inherited","[""アトリ_tatr02_l_d1_p3_fg.png"", 0.0]","true"
"アトリ_tatr02_l_d1_p3_fi.png","アトリ_tatr02_d1_p3_fi","アトリ","tatr02","l","d1","p3","fi","2129","2578","d8bda5791595a48dedbcbf1634fb6ae27bd9002894d8f410b22985451988b0c5","0","2129","2578","rotated_bottom_left_pixels","929","1900","626","inherited","[""アトリ_tatr02_l_d1_p3_fh.png"", 0.0]","true"
"アトリ_tatr02_l_d1_p3_fj.png","アトリ_tatr02_d1_p3_fj","アトリ","tatr02","l","d1","p3","fj","2129","2578","d6eeaf97b956ba3823e4d94c61759bc7d3c1f0b3d51cee41762d3b2e35023da5","0","2129","2578","rotated_bottom_left_pixels","929","1900","626","inherited","[""アトリ_tatr02_l_d1_p3_fi.png"", 0.0]","true"
"アトリ_tatr02_l_d1_p3_fk.png","アトリ_tatr02_d1_p3_fk","アトリ","tatr02","l","d1","p3","fk","2129","2578","aa29135a4ded423ac4985c036614332cf45486e8ac0008f2865f8b0cbebfbb6a","0","2129","2578","rotated_bottom_left_pixels","929","1900","626","inherited","[""アトリ_tatr02_l_d1_p3_fj.png"", 0.0]","true"
"アトリ_tatr02_l_d1_p3_fl.png","アトリ_tatr02_d1_p3_fl","アトリ","tatr02","l","d1","p3","fl","2129","2578","ed7d13379f1755f31477211c5fedad0213bfc3bff6b6d51f7e7460a2f4bcbc8d","0","2129","2578","rotated_bottom_left_pixels","929","1900","626","inherited","[""アトリ_tatr02_l_d1_p3_fk.png"", 0.0]","true"
"アトリ_tatr02_l_d2_p3_f1.png","アトリ_tatr02_d2_p3_f1","アトリ","tatr02","l","d2","p3","f1","2129","2578","b1ac704dd241eb5cd53beb4b13ec49504a9edce8ad1195277ad8edf78bf43b04","0","2129","2578","rotated_bottom_left_pixels","929","1900","626","inherited","[""アトリ_tatr02_l_d1_p3_fl.png"", 0.0]","true"
"アトリ_tatr02_l_d2_p3_f2.png","アトリ_tatr02_d2_p3_f2","アトリ","tatr02","l","d2","p3","f2","2129","2578","c77bc9bfe4cdbe00e57ec2821727b9bdac15923516203ee061b34f3483e26c4d","0","2129","2578","rotated_bottom_left_pixels","929","1900","626","inherited","[""アトリ_tatr02_l_d2_p3_f1.png"", 0.0]","true"
"アトリ_tatr02_l_d2_p3_f3.png","アトリ_tatr02_d2_p3_f3","アトリ","tatr02","l","d2","p3","f3","2129","2578","65dbd477594c460089de9704597a92c3e0d801391b8e96c8d4867094b5e28c14","0","2129","2578","rotated_bottom_left_pixels","929","1900","626","inherited","[""アトリ_tatr02_l_d2_p3_f2.png"", 0.0]","true"
"アトリ_tatr02_l_d2_p3_f4.png","アトリ_tatr02_d2_p3_f4","アトリ","tatr02","l","d2","p3","f4","2129","2578","0d006e0b6f9255f52538f22da553ed21992a6d2e54cd1da3401915ffec66a3a8","0","2129","2578","rotated_bottom_left_pixels","929","1900","626","inherited","[""アトリ_tatr02_l_d2_p3_f3.png"", 0.0]","true"
"アトリ_tatr02_l_d2_p3_f5.png","アトリ_tatr02_d2_p3_f5","アトリ","tatr02","l","d2","p3","f5","2129","2578","ffd01ca46a2acc8ba612e352f2153385930c161d9209a845ec262cbd4534e9e9","0","2129","2578","rotated_bottom_left_pixels","929","1900","626","inherited","[""アトリ_tatr02_l_d2_p3_f4.png"", 0.0]","true"
"アトリ_tatr02_l_d2_p3_f6.png","アトリ_tatr02_d2_p3_f6","アトリ","tatr02","l","d2","p3","f6","2129","2578","2dfa38e8ee1540f3bd45ff07ae3903632f64ce67b4e01b209924b85290f0d1b0","0","2129","2578","rotated_bottom_left_pixels","929","1900","626","inherited","[""アトリ_tatr02_l_d2_p3_f5.png"", 0.0]","true"
"アトリ_tatr02_l_d2_p3_f7.png","アトリ_tatr02_d2_p3_f7","アトリ","tatr02","l","d2","p3","f7","2129","2578","98354498f12037c75dd752c0ccdc49b695ab9ae93e9b9405adef512769f77e90","0","2129","2578","rotated_bottom_left_pixels","929","1900","626","inherited","[""アトリ_tatr02_l_d2_p3_f6.png"", 0.0]","true"
"アトリ_tatr02_l_d2_p3_f8.png","アトリ_tatr02_d2_p3_f8","アトリ","tatr02","l","d2","p3","f8","2129","2578","6e63677a2e8166477204d3b4ee563c6585fc3a5b0d38bdfb523821876ba26530","0","2129","2578","rotated_bottom_left_pixels","929","1900","626","inherited","[""アトリ_tatr02_l_d2_p3_f7.png"", 0.0]","true"
"アトリ_tatr02_l_d2_p3_f9.png","アトリ_tatr02_d2_p3_f9","アトリ","tatr02","l","d2","p3","f9","2129","2578","e3daba8e644cffa7abc9daa56e647c621e5f1d77d1945fafc52ef94f90e6bf6f","0","2129","2578","rotated_bottom_left_pixels","929","1900","626","inherited","[""アトリ_tatr02_l_d2_p3_f8.png"", 0.0]","true"
"アトリ_tatr02_l_d2_p3_fa.png","アトリ_tatr02_d2_p3_fa","アトリ","tatr02","l","d2","p3","fa","2129","2578","fb529c00820e31ef1fbc8dad4819c63ea3f9242c6e031c3647c1d519af861797","0","2129","2578","rotated_bottom_left_pixels","929","1900","626","inherited","[""アトリ_tatr02_l_d2_p3_f9.png"", 0.0]","true"
"アトリ_tatr02_l_d2_p3_fb.png","アトリ_tatr02_d2_p3_fb","アトリ","tatr02","l","d2","p3","fb","2129","2578","13616145df978ad9ff2966967a309fc2773313fcea10ac20b0b646c556f28418","0","2129","2578","rotated_bottom_left_pixels","929","1900","626","inherited","[""アトリ_tatr02_l_d2_p3_fa.png"", 0.0]","true"
"アトリ_tatr02_l_d2_p3_fc.png","アトリ_tatr02_d2_p3_fc","アトリ","tatr02","l","d2","p3","fc","2129","2578","d72be07f4464bfff6c8f684f660e6caa031de97d3fd346c46aaa5d09039f28d8","0","2129","2578","rotated_bottom_left_pixels","929","1900","626","inherited","[""アトリ_tatr02_l_d2_p3_fb.png"", 0.0]","true"
"アトリ_tatr02_l_d2_p3_fd.png","アトリ_tatr02_d2_p3_fd","アトリ","tatr02","l","d2","p3","fd","2129","2578","2343b35ba9ab80aa602a64a53ce82729faeff12372028ebd5356b2bb467aae38","0","2129","2578","rotated_bottom_left_pixels","929","1900","626","inherited","[""アトリ_tatr02_l_d2_p3_fc.png"", 0.0]","true"
"アトリ_tatr02_l_d2_p3_fe.png","アトリ_tatr02_d2_p3_fe","アトリ","tatr02","l","d2","p3","fe","2129","2578","e578811a6d167f5c6d014af1ce78d6dace275ba4d0d1067c3ac80e03fe508292","0","2129","2578","rotated_bottom_left_pixels","929","1900","626","inherited","[""アトリ_tatr02_l_d2_p3_fd.png"", 0.0]","true"
"アトリ_tatr02_l_d2_p3_ff.png","アトリ_tatr02_d2_p3_ff","アトリ","tatr02","l","d2","p3","ff","2129","2578","59363bcbd4e46e85df43c3b94ee6320c0e4a9dc93450287c4543989bf7abd82b","0","2129","2578","rotated_bottom_left_pixels","929","1900","626","inherited","[""アトリ_tatr02_l_d2_p3_fe.png"", 0.0]","true"
"アトリ_tatr02_l_d2_p3_fg.png","アトリ_tatr02_d2_p3_fg","アトリ","tatr02","l","d2","p3","fg","2129","2578","ad6f5eb992afdcc6ef0e959e6ff6373309067bd3f4968f18e9c371f2fdc5321c","0","2129","2578","rotated_bottom_left_pixels","929","1900","626","inherited","[""アトリ_tatr02_l_d2_p3_ff.png"", 0.0]","true"
"アトリ_tatr02_l_d2_p3_fh.png","アトリ_tatr02_d2_p3_fh","アトリ","tatr02","l","d2","p3","fh","2129","2578","3dc96c5c59f9009d552f9083c95e7c84b6929d6628e2f42d8b8dfb8e67d88929","0","2129","2578","rotated_bottom_left_pixels","929","1900","626","inherited","[""アトリ_tatr02_l_d2_p3_fg.png"", 0.0]","true"
"アトリ_tatr02_l_d2_p3_fi.png","アトリ_tatr02_d2_p3_fi","アトリ","tatr02","l","d2","p3","fi","2129","2578","796e32f9d05a5647693d68a5c849498c8eabc24ca92e055d087067068c43519e","0","2129","2578","rotated_bottom_left_pixels","929","1900","626","inherited","[""アトリ_tatr02_l_d2_p3_fh.png"", 0.0]","true"
"アトリ_tatr02_l_d2_p3_fj.png","アトリ_tatr02_d2_p3_fj","アトリ","tatr02","l","d2","p3","fj","2129","2578","b66754a74fca2f3f4c5fe89d2ffc25977c57920c7f4be2a8704ba7acb0c828d5","0","2129","2578","rotated_bottom_left_pixels","929","1900","626","inherited","[""アトリ_tatr02_l_d2_p3_fi.png"", 0.0]","true"
"アトリ_tatr02_l_d2_p3_fk.png","アトリ_tatr02_d2_p3_fk","アトリ","tatr02","l","d2","p3","fk","2129","2578","12e94cf2eb7533371d6bcf0491c3a4e55e6c6468f5e4f827a567b7391e5173a6","0","2129","2578","rotated_bottom_left_pixels","929","1900","626","inherited","[""アトリ_tatr02_l_d2_p3_fj.png"", 0.0]","true"
"アトリ_tatr02_l_d2_p3_fl.png","アトリ_tatr02_d2_p3_fl","アトリ","tatr02","l","d2","p3","fl","2129","2578","15011ec8bb6af900dc8ecbd7c388f740508e4cfc9df97ae1be75f5ade19a0f4a","0","2129","2578","rotated_bottom_left_pixels","929","1900","626","inherited","[""アトリ_tatr02_l_d2_p3_fk.png"", 0.0]","true"
"アトリ_tatr02_l_d3_p3_f1.png","アトリ_tatr02_d3_p3_f1","アトリ","tatr02","l","d3","p3","f1","2129","2578","f6c68e366b565aec072d09c568440fb9d54d4cc96f1d8d565851b468e7a62060","0","2129","2578","rotated_bottom_left_pixels","929","1900","626","inherited","[""アトリ_tatr02_l_d2_p3_fl.png"", 0.0]","true"
"アトリ_tatr02_l_d3_p3_f2.png","アトリ_tatr02_d3_p3_f2","アトリ","tatr02","l","d3","p3","f2","2129","2578","d9fdc11bf6c9f727b19cee2536a26696c5acaf88a17c0e0198f4e8bc9a56898c","0","2129","2578","rotated_bottom_left_pixels","929","1900","626","inherited","[""アトリ_tatr02_l_d3_p3_f1.png"", 0.0]","true"
"アトリ_tatr02_l_d3_p3_f3.png","アトリ_tatr02_d3_p3_f3","アトリ","tatr02","l","d3","p3","f3","2129","2578","bc32c48e315b973f9ef5706f4e6ad1f92d5da459f671d54ecf0e7c6c61fba379","0","2129","2578","rotated_bottom_left_pixels","929","1900","626","inherited","[""アトリ_tatr02_l_d3_p3_f2.png"", 0.0]","true"
"アトリ_tatr02_l_d3_p3_f4.png","アトリ_tatr02_d3_p3_f4","アトリ","tatr02","l","d3","p3","f4","2129","2578","ad748d8c12fb5e55b741987cda75ad0d37a3631dc6772f57b6c734b429356315","0","2129","2578","rotated_bottom_left_pixels","929","1900","626","inherited","[""アトリ_tatr02_l_d3_p3_f3.png"", 0.0]","true"
"アトリ_tatr02_l_d3_p3_f5.png","アトリ_tatr02_d3_p3_f5","アトリ","tatr02","l","d3","p3","f5","2129","2578","1e35faf2c7bb3bc541a01171d5dddc955c1d0b7afa2209175092b47a9761bf2a","0","2129","2578","rotated_bottom_left_pixels","929","1900","626","inherited","[""アトリ_tatr02_l_d3_p3_f4.png"", 0.0]","true"
"アトリ_tatr02_l_d3_p3_f6.png","アトリ_tatr02_d3_p3_f6","アトリ","tatr02","l","d3","p3","f6","2129","2578","cd52390da23d61882af0e8e6d04e65c4ceeb09553d85d86caa178d45f9bf59be","0","2129","2578","rotated_bottom_left_pixels","929","1900","626","inherited","[""アトリ_tatr02_l_d3_p3_f5.png"", 0.0]","true"
"アトリ_tatr02_l_d3_p3_f7.png","アトリ_tatr02_d3_p3_f7","アトリ","tatr02","l","d3","p3","f7","2129","2578","bb2833a7b282b8e39c099a2368396a0fd4d52c596a4eda4418d2d027b4ebcbca","0","2129","2578","rotated_bottom_left_pixels","929","1900","626","inherited","[""アトリ_tatr02_l_d3_p3_f6.png"", 0.0]","true"
"アトリ_tatr02_l_d3_p3_f8.png","アトリ_tatr02_d3_p3_f8","アトリ","tatr02","l","d3","p3","f8","2129","2578","ffdc6f4103308893c07e5efe02ae25c994495dc017d3fa24fe021181043345ad","0","2129","2578","rotated_bottom_left_pixels","929","1900","626","inherited","[""アトリ_tatr02_l_d3_p3_f7.png"", 0.0]","true"
"アトリ_tatr02_l_d3_p3_f9.png","アトリ_tatr02_d3_p3_f9","アトリ","tatr02","l","d3","p3","f9","2129","2578","ba85da30bcbd114f81ec512db251e0a04a2caee23b19ef3ee698ba2ffa7a7c1f","0","2129","2578","rotated_bottom_left_pixels","929","1900","626","inherited","[""アトリ_tatr02_l_d3_p3_f8.png"", 0.0]","true"
"アトリ_tatr02_l_d3_p3_fa.png","アトリ_tatr02_d3_p3_fa","アトリ","tatr02","l","d3","p3","fa","2129","2578","810dd2321f8a81621da41e940fa4f9e50f15276d1410aa1fe6b699f99d392e15","0","2129","2578","rotated_bottom_left_pixels","929","1900","626","inherited","[""アトリ_tatr02_l_d3_p3_f9.png"", 0.0]","true"
"アトリ_tatr02_l_d3_p3_fb.png","アトリ_tatr02_d3_p3_fb","アトリ","tatr02","l","d3","p3","fb","2129","2578","5eaade63dd5f09175400b9e069db7c7f1d2a018fadfa33326c6ae14e78e4c6e7","0","2129","2578","rotated_bottom_left_pixels","929","1900","626","inherited","[""アトリ_tatr02_l_d3_p3_fa.png"", 0.0]","true"
"アトリ_tatr02_l_d3_p3_fc.png","アトリ_tatr02_d3_p3_fc","アトリ","tatr02","l","d3","p3","fc","2129","2578","70d26caf430f6551dee492f64116c4619b0990ba0c480d0ab422694277c16ba0","0","2129","2578","rotated_bottom_left_pixels","929","1900","626","inherited","[""アトリ_tatr02_l_d3_p3_fb.png"", 0.0]","true"
"アトリ_tatr02_l_d3_p3_fd.png","アトリ_tatr02_d3_p3_fd","アトリ","tatr02","l","d3","p3","fd","2129","2578","0dc241f3806473dce876009e1af2ef38700b3d866df0a5dd99d5c1369b0a09b9","0","2129","2578","rotated_bottom_left_pixels","929","1900","626","inherited","[""アトリ_tatr02_l_d3_p3_fc.png"", 0.0]","true"
"アトリ_tatr02_l_d3_p3_fe.png","アトリ_tatr02_d3_p3_fe","アトリ","tatr02","l","d3","p3","fe","2129","2578","185b6472809cff1ae108019b064f7e5d5a4e8bab126b2e4520dd78db77b87380","0","2129","2578","rotated_bottom_left_pixels","929","1900","626","inherited","[""アトリ_tatr02_l_d3_p3_fd.png"", 0.0]","true"
"アトリ_tatr02_l_d3_p3_ff.png","アトリ_tatr02_d3_p3_ff","アトリ","tatr02","l","d3","p3","ff","2129","2578","48ea6a5ca28f3b74bd9003074624f39108ead20aed913959f1a7daaef48185b0","0","2129","2578","rotated_bottom_left_pixels","929","1900","626","inherited","[""アトリ_tatr02_l_d3_p3_fe.png"", 0.0]","true"
"アトリ_tatr02_l_d3_p3_fg.png","アトリ_tatr02_d3_p3_fg","アトリ","tatr02","l","d3","p3","fg","2129","2578","53066bbe85fdf6839c37899c3c0846c83268710399e3bb17be3465b206c8656c","0","2129","2578","rotated_bottom_left_pixels","929","1900","626","inherited","[""アトリ_tatr02_l_d3_p3_ff.png"", 0.0]","true"
"アトリ_tatr02_l_d3_p3_fh.png","アトリ_tatr02_d3_p3_fh","アトリ","tatr02","l","d3","p3","fh","2129","2578","a997a072d67ea7ebdd10cb1954d9d433420832022bd4123948b2e6d1c659743d","0","2129","2578","rotated_bottom_left_pixels","929","1900","626","inherited","[""アトリ_tatr02_l_d3_p3_fg.png"", 0.0]","true"
"アトリ_tatr02_l_d3_p3_fi.png","アトリ_tatr02_d3_p3_fi","アトリ","tatr02","l","d3","p3","fi","2129","2578","4934bb1b4273dc590f39bb7860112f8ace135cef264d1b18744161935502ac7b","0","2129","2578","rotated_bottom_left_pixels","929","1900","626","inherited","[""アトリ_tatr02_l_d3_p3_fh.png"", 0.0]","true"
"アトリ_tatr02_l_d3_p3_fj.png","アトリ_tatr02_d3_p3_fj","アトリ","tatr02","l","d3","p3","fj","2129","2578","9a28914ad786d2ec7f230cff4bfb9402ec6d5f9500277603dc9e67e6a78c3807","0","2129","2578","rotated_bottom_left_pixels","929","1900","626","inherited","[""アトリ_tatr02_l_d3_p3_fi.png"", 0.0]","true"
"アトリ_tatr02_l_d3_p3_fk.png","アトリ_tatr02_d3_p3_fk","アトリ","tatr02","l","d3","p3","fk","2129","2578","f155733e03472096c1d2f58dc6728ee41d64ce7cd7b5d6c2cf0520c6489d3db7","0","2129","2578","rotated_bottom_left_pixels","929","1900","626","inherited","[""アトリ_tatr02_l_d3_p3_fj.png"", 0.0]","true"
"アトリ_tatr02_l_d3_p3_fl.png","アトリ_tatr02_d3_p3_fl","アトリ","tatr02","l","d3","p3","fl","2129","2578","5e9ff4d83567b6a6ae53c7c8631339d3ec6d78cdcb7d59542d83e312da167273","0","2129","2578","rotated_bottom_left_pixels","929","1900","626","inherited","[""アトリ_tatr02_l_d3_p3_fk.png"", 0.0]","true"
"アトリ_tatr02_l_d4_p3_f1.png","アトリ_tatr02_d4_p3_f1","アトリ","tatr02","l","d4","p3","f1","2129","2578","fd127356e092abf83eaef18b08d250181466e2c252c78cc64f25301b7cecf9cc","0","2129","2578","rotated_bottom_left_pixels","929","1900","626","inherited","[""アトリ_tatr02_l_d3_p3_fl.png"", 0.0]","true"
"アトリ_tatr02_l_d4_p3_f2.png","アトリ_tatr02_d4_p3_f2","アトリ","tatr02","l","d4","p3","f2","2129","2578","67544938dd6dae24e943a8acd4a80199f551f7d7d854a84d3dcfd293f1c8de07","0","2129","2578","rotated_bottom_left_pixels","929","1900","626","inherited","[""アトリ_tatr02_l_d4_p3_f1.png"", 0.0]","true"
"アトリ_tatr02_l_d4_p3_f3.png","アトリ_tatr02_d4_p3_f3","アトリ","tatr02","l","d4","p3","f3","2129","2578","340a0ce83f192ce4fd66caf00356421df8289b4c5f12ec665f8707f3ff769922","0","2129","2578","rotated_bottom_left_pixels","929","1900","626","inherited","[""アトリ_tatr02_l_d4_p3_f2.png"", 0.0]","true"
"アトリ_tatr02_l_d4_p3_f4.png","アトリ_tatr02_d4_p3_f4","アトリ","tatr02","l","d4","p3","f4","2129","2578","3b01477534d10e3b4540ca7fef8306b4586d76ebe9e56b62cbef58ca8f596950","0","2129","2578","rotated_bottom_left_pixels","929","1900","626","inherited","[""アトリ_tatr02_l_d4_p3_f3.png"", 0.0]","true"
"アトリ_tatr02_l_d4_p3_f5.png","アトリ_tatr02_d4_p3_f5","アトリ","tatr02","l","d4","p3","f5","2129","2578","5be953963f829ea3612a5419498afc80d9df43f41d171fb03bc3e42643a694f6","0","2129","2578","rotated_bottom_left_pixels","929","1900","626","inherited","[""アトリ_tatr02_l_d4_p3_f4.png"", 0.0]","true"
"アトリ_tatr02_l_d4_p3_f6.png","アトリ_tatr02_d4_p3_f6","アトリ","tatr02","l","d4","p3","f6","2129","2578","6f05e9533033c3770657bbf2576349eed0cc8b2782f0033e24bb81c6a90bd859","0","2129","2578","rotated_bottom_left_pixels","929","1900","626","inherited","[""アトリ_tatr02_l_d4_p3_f5.png"", 0.0]","true"
"アトリ_tatr02_l_d4_p3_f7.png","アトリ_tatr02_d4_p3_f7","アトリ","tatr02","l","d4","p3","f7","2129","2578","992e4b3144682e26002fd41748f3f5ca3daae6c68d3b73d83f370b8488a573bb","0","2129","2578","rotated_bottom_left_pixels","929","1900","626","inherited","[""アトリ_tatr02_l_d4_p3_f6.png"", 0.0]","true"
"アトリ_tatr02_l_d4_p3_f8.png","アトリ_tatr02_d4_p3_f8","アトリ","tatr02","l","d4","p3","f8","2129","2578","5a81ab16a363c450542d728bc08aa073f12d7ba3d3c8cf3f1c5329e9e9627860","0","2129","2578","rotated_bottom_left_pixels","929","1900","626","inherited","[""アトリ_tatr02_l_d4_p3_f7.png"", 0.0]","true"
"アトリ_tatr02_l_d4_p3_f9.png","アトリ_tatr02_d4_p3_f9","アトリ","tatr02","l","d4","p3","f9","2129","2578","8d4a72d4335106bd38eaafb59119351aa602ab956211c5ae0d24695fe9b2f0ac","0","2129","2578","rotated_bottom_left_pixels","929","1900","626","inherited","[""アトリ_tatr02_l_d4_p3_f8.png"", 0.0]","true"
"アトリ_tatr02_l_d4_p3_fa.png","アトリ_tatr02_d4_p3_fa","アトリ","tatr02","l","d4","p3","fa","2129","2578","8db55f269edeb47f955b08d50de973ce8554a61199f7006d9a43ff79c000c700","0","2129","2578","rotated_bottom_left_pixels","929","1900","626","inherited","[""アトリ_tatr02_l_d4_p3_f9.png"", 0.0]","true"
"アトリ_tatr02_l_d4_p3_fb.png","アトリ_tatr02_d4_p3_fb","アトリ","tatr02","l","d4","p3","fb","2129","2578","87b7fb7cb4a2b6719412403c287b88f1d15f4ddf6160d6a635e83ce0e1731704","0","2129","2578","rotated_bottom_left_pixels","929","1900","626","inherited","[""アトリ_tatr02_l_d4_p3_fa.png"", 0.0]","true"
"アトリ_tatr02_l_d4_p3_fc.png","アトリ_tatr02_d4_p3_fc","アトリ","tatr02","l","d4","p3","fc","2129","2578","b98fea3b9aa78f9462e14c6d9275694b7d183439d6373114771b4fe6477865df","0","2129","2578","rotated_bottom_left_pixels","929","1900","626","inherited","[""アトリ_tatr02_l_d4_p3_fb.png"", 0.0]","true"
"アトリ_tatr02_l_d4_p3_fd.png","アトリ_tatr02_d4_p3_fd","アトリ","tatr02","l","d4","p3","fd","2129","2578","3561dfea3a0b1f95855909f70ae12e8691014d98f79d00237a94b4592fb5a935","0","2129","2578","rotated_bottom_left_pixels","929","1900","626","inherited","[""アトリ_tatr02_l_d4_p3_fc.png"", 0.0]","true"
"アトリ_tatr02_l_d4_p3_fe.png","アトリ_tatr02_d4_p3_fe","アトリ","tatr02","l","d4","p3","fe","2129","2578","a607700c446358aaad7e7d521970ab0c8c838b46c822d0722e1061d0a5b817d8","0","2129","2578","rotated_bottom_left_pixels","929","1900","626","inherited","[""アトリ_tatr02_l_d4_p3_fd.png"", 0.0]","true"
"アトリ_tatr02_l_d4_p3_ff.png","アトリ_tatr02_d4_p3_ff","アトリ","tatr02","l","d4","p3","ff","2129","2578","1fb4b837dbf267ebc70e003e7164cc512f814fc7ea8b9a1c677c688b623de0ee","0","2129","2578","rotated_bottom_left_pixels","929","1900","626","inherited","[""アトリ_tatr02_l_d4_p3_fe.png"", 0.0]","true"
"アトリ_tatr02_l_d4_p3_fg.png","アトリ_tatr02_d4_p3_fg","アトリ","tatr02","l","d4","p3","fg","2129","2578","2f128531f5b5d97bab5ca3addd22ea163fa94cef2ba47165be7ea661a0345c08","0","2129","2578","rotated_bottom_left_pixels","929","1900","626","inherited","[""アトリ_tatr02_l_d4_p3_ff.png"", 0.0]","true"
"アトリ_tatr02_l_d4_p3_fh.png","アトリ_tatr02_d4_p3_fh","アトリ","tatr02","l","d4","p3","fh","2129","2578","d02a3c797b8555df0c59610713361744005421b1ddb3318018bb7ebdc872509b","0","2129","2578","rotated_bottom_left_pixels","929","1900","626","inherited","[""アトリ_tatr02_l_d4_p3_fg.png"", 0.0]","true"
"アトリ_tatr02_l_d4_p3_fi.png","アトリ_tatr02_d4_p3_fi","アトリ","tatr02","l","d4","p3","fi","2129","2578","7c22d2a69c6479d0c31a08499391d31c9264608e07b90689af448ddee272cc85","0","2129","2578","rotated_bottom_left_pixels","929","1900","626","inherited","[""アトリ_tatr02_l_d4_p3_fh.png"", 0.0]","true"
"アトリ_tatr02_l_d4_p3_fj.png","アトリ_tatr02_d4_p3_fj","アトリ","tatr02","l","d4","p3","fj","2129","2578","9c02ec58730068ab5182c961dc91ee7c063951260ce549abec2a53e82e992f5c","0","2129","2578","rotated_bottom_left_pixels","929","1900","626","inherited","[""アトリ_tatr02_l_d4_p3_fi.png"", 0.0]","true"
"アトリ_tatr02_l_d4_p3_fk.png","アトリ_tatr02_d4_p3_fk","アトリ","tatr02","l","d4","p3","fk","2129","2578","4f32e944ec0b99361ce995b536a73625555de6829ae131dd75bcb4d66e091f7a","0","2129","2578","rotated_bottom_left_pixels","929","1900","626","inherited","[""アトリ_tatr02_l_d4_p3_fj.png"", 0.0]","true"
"アトリ_tatr02_l_d4_p3_fl.png","アトリ_tatr02_d4_p3_fl","アトリ","tatr02","l","d4","p3","fl","2129","2578","fee145352aaeacd4f5dd4ef0b64e6691a1875a9ca98d26e9228fd2fcb826e2b7","0","2129","2578","rotated_bottom_left_pixels","929","1900","626","inherited","[""アトリ_tatr02_l_d4_p3_fk.png"", 0.0]","true"
"アトリ_tatr01_l_d1_p1_f1.png","アトリ_tatr01_d1_p1_f1","アトリ","tatr01","l","d1","p1","f1","1156","2740","52dbd99c3568c3e86fa10e4cc2396a89f54e59e7d8d612642c831c663c65fadc","45","2755","2755","rotated_bottom_left_pixels","411","1786","626","manual_adjusted","[""アトリ_tatr01_l_d1_p1_f1.png"", 0.0]","true"
"アトリ_tatr01_l_d1_p1_f2.png","アトリ_tatr01_d1_p1_f2","アトリ","tatr01","l","d1","p1","f2","1156","2740","cf2f1b284a4d605d3a00e5420bed6b99d4ceb6efade4721f27fde7aebc69a08e","45","2755","2755","rotated_bottom_left_pixels","411","1786","626","inherited","[""アトリ_tatr01_l_d1_p1_f1.png"", 45.0]","true"
"アトリ_tatr01_l_d1_p1_f3.png","アトリ_tatr01_d1_p1_f3","アトリ","tatr01","l","d1","p1","f3","1156","2740","3fc96b51c330b45478e8aa015506b3cb30e81714aaef146b905b135b6fb68aea","45","2755","2755","rotated_bottom_left_pixels","411","1786","626","inherited","[""アトリ_tatr01_l_d1_p1_f2.png"", 45.0]","true"
"アトリ_tatr01_l_d1_p1_f4.png","アトリ_tatr01_d1_p1_f4","アトリ","tatr01","l","d1","p1","f4","1156","2740","e207d101ef2ea5a2fbb71aef97789bf77ef33c459b2b4aabccbe9f8f63985e8f","45","2755","2755","rotated_bottom_left_pixels","411","1786","626","inherited","[""アトリ_tatr01_l_d1_p1_f3.png"", 45.0]","true"
"アトリ_tatr01_l_d1_p1_f5.png","アトリ_tatr01_d1_p1_f5","アトリ","tatr01","l","d1","p1","f5","1156","2740","538451b5208c45ce5a751ee44c91409ce4878fa445bfed71d4a8ede2823f89a7","45","2755","2755","rotated_bottom_left_pixels","411","1786","626","inherited","[""アトリ_tatr01_l_d1_p1_f4.png"", 45.0]","true"
"アトリ_tatr01_l_d1_p1_f6.png","アトリ_tatr01_d1_p1_f6","アトリ","tatr01","l","d1","p1","f6","1156","2740","2eff7b03ff03d4bbe8e716a2cda75f793dc429d34e78e1d387423a5092903de3","45","2755","2755","rotated_bottom_left_pixels","411","1786","626","inherited","[""アトリ_tatr01_l_d1_p1_f5.png"", 45.0]","true"
"アトリ_tatr01_l_d1_p1_f7.png","アトリ_tatr01_d1_p1_f7","アトリ","tatr01","l","d1","p1","f7","1156","2740","a5084a24dd6b10a0dd266efc27a83d2498aee975be5dab487a72d4ed6c923c88","45","2755","2755","rotated_bottom_left_pixels","411","1786","626","inherited","[""アトリ_tatr01_l_d1_p1_f6.png"", 45.0]","true"
"アトリ_tatr01_l_d1_p1_f8.png","アトリ_tatr01_d1_p1_f8","アトリ","tatr01","l","d1","p1","f8","1156","2740","3a4e9daa9be38f9407cde97319de35f1876d81225f0dfab603210d17d5ed8e72","45","2755","2755","rotated_bottom_left_pixels","411","1786","626","inherited","[""アトリ_tatr01_l_d1_p1_f7.png"", 45.0]","true"
"アトリ_tatr01_l_d1_p1_f9.png","アトリ_tatr01_d1_p1_f9","アトリ","tatr01","l","d1","p1","f9","1156","2740","4639650c7feaf6c0ea3ad73deae2a3ebbcb9168399a5705521f7696e58e190ee","45","2755","2755","rotated_bottom_left_pixels","411","1786","626","inherited","[""アトリ_tatr01_l_d1_p1_f8.png"", 45.0]","true"
"アトリ_tatr01_l_d1_p1_fa.png","アトリ_tatr01_d1_p1_fa","アトリ","tatr01","l","d1","p1","fa","1156","2740","664bae112ba55bef854812596e3c2dafaea38e87617497a1a483e3d9ef340621","45","2755","2755","rotated_bottom_left_pixels","411","1786","626","inherited","[""アトリ_tatr01_l_d1_p1_f9.png"", 45.0]","true"
"アトリ_tatr01_l_d1_p1_fb.png","アトリ_tatr01_d1_p1_fb","アトリ","tatr01","l","d1","p1","fb","1156","2740","4e3482c6cf57e2ad859fecc0d9f7d913c7580bb4632865aae283c4e5589cc74f","45","2755","2755","rotated_bottom_left_pixels","411","1786","626","inherited","[""アトリ_tatr01_l_d1_p1_fa.png"", 45.0]","true"
"アトリ_tatr01_l_d1_p1_fc.png","アトリ_tatr01_d1_p1_fc","アトリ","tatr01","l","d1","p1","fc","1156","2740","d64e55537c502cb13d4d5639e5e43167dfb3437d47f83d263a3dbdca959dfd1c","45","2755","2755","rotated_bottom_left_pixels","411","1786","626","inherited","[""アトリ_tatr01_l_d1_p1_fb.png"", 45.0]","true"
"アトリ_tatr01_l_d1_p1_fd.png","アトリ_tatr01_d1_p1_fd","アトリ","tatr01","l","d1","p1","fd","1156","2740","a14c21c3eab36c7eb23020c7384e97c4695fa78dab8744f2f27b909048ea1b1f","45","2755","2755","rotated_bottom_left_pixels","411","1786","626","inherited","[""アトリ_tatr01_l_d1_p1_fc.png"", 45.0]","true"
"アトリ_tatr01_l_d1_p1_fe.png","アトリ_tatr01_d1_p1_fe","アトリ","tatr01","l","d1","p1","fe","1156","2740","33416af45d69b1ffd15a5c5938ff4f20604ae7d8c764da63fcd7befc2274ac5d","45","2755","2755","rotated_bottom_left_pixels","411","1786","626","inherited","[""アトリ_tatr01_l_d1_p1_fd.png"", 45.0]","true"
"アトリ_tatr01_l_d1_p1_ff.png","アトリ_tatr01_d1_p1_ff","アトリ","tatr01","l","d1","p1","ff","1156","2989","a5d1cc4f7c42f030e823527df0939596ffd4977b45eae249b9a66e217387ab11","45","2931","2931","rotated_bottom_left_pixels","585","1791","626","manual_adjusted","[""アトリ_tatr01_l_d1_p1_fe.png"", 45.0]","true"
"アトリ_tatr01_l_d1_p1_fg.png","アトリ_tatr01_d1_p1_fg","アトリ","tatr01","l","d1","p1","fg","1156","2740","9d0d292d9027fdfd2e1504496b93416db514c0efd02f8618bd6f05419d4ea990","45","2755","2755","rotated_bottom_left_pixels","411","1786","626","manual_adjusted","[""アトリ_tatr01_l_d1_p1_ff.png"", 45.0]","true"
"アトリ_tatr01_l_d1_p1_fh.png","アトリ_tatr01_d1_p1_fh","アトリ","tatr01","l","d1","p1","fh","1156","2989","3ac0f9896091ad67d32164ed6c9000bda648b569db191c068f22beddd0e282a8","45","2931","2931","rotated_bottom_left_pixels","585","1791","626","manual_adjusted","[""アトリ_tatr01_l_d1_p1_fg.png"", 45.0]","true"
"アトリ_tatr01_l_d1_p1_fi.png","アトリ_tatr01_d1_p1_fi","アトリ","tatr01","l","d1","p1","fi","1156","2740","f9f2c7d42ee72ef6b543b5b2999190db6896418b59c41749706d5b563264f45d","45","2755","2755","rotated_bottom_left_pixels","411","1786","626","manual_adjusted","[""アトリ_tatr01_l_d1_p1_fh.png"", 45.0]","true"
"アトリ_tatr01_l_d1_p1_fj.png","アトリ_tatr01_d1_p1_fj","アトリ","tatr01","l","d1","p1","fj","1156","2740","94a45df00932c72ee8a16ffb117b3838457ca6fe05e0a7eee5be3a6e0ff0c50a","45","2755","2755","rotated_bottom_left_pixels","411","1786","626","inherited","[""アトリ_tatr01_l_d1_p1_fi.png"", 45.0]","true"
"アトリ_tatr01_l_d1_p1_fk.png","アトリ_tatr01_d1_p1_fk","アトリ","tatr01","l","d1","p1","fk","1156","2740","bba81b3e6d01408d2da47e9f987ae5891e9f775825377e749be808d7b6d2857c","45","2755","2755","rotated_bottom_left_pixels","411","1786","626","inherited","[""アトリ_tatr01_l_d1_p1_fj.png"", 45.0]","true"
"アトリ_tatr01_l_d1_p1_fl.png","アトリ_tatr01_d1_p1_fl","アトリ","tatr01","l","d1","p1","fl","1156","2740","ad80c962ac1bd8e636bcd61045e099e598cbc4b2605ed88aa9cb5ecc3e0691a5","45","2755","2755","rotated_bottom_left_pixels","411","1786","626","inherited","[""アトリ_tatr01_l_d1_p1_fk.png"", 45.0]","true"
"アトリ_tatr01_l_d2_p1_f1.png","アトリ_tatr01_d2_p1_f1","アトリ","tatr01","l","d2","p1","f1","1156","2740","0fab2349ad8d77c2e37c3fc49cde24b64cc5eb84fbf35d7503dbd2a96dbd3e50","45","2755","2755","rotated_bottom_left_pixels","411","1786","626","inherited","[""アトリ_tatr01_l_d1_p1_fl.png"", 45.0]","true"
"アトリ_tatr01_l_d2_p1_f2.png","アトリ_tatr01_d2_p1_f2","アトリ","tatr01","l","d2","p1","f2","1156","2740","399a0913ae20283465d2bebec22fd3f91fe4242658569ca5f36c25d2c3a0075a","45","2755","2755","rotated_bottom_left_pixels","411","1786","626","inherited","[""アトリ_tatr01_l_d2_p1_f1.png"", 45.0]","true"
"アトリ_tatr01_l_d2_p1_f3.png","アトリ_tatr01_d2_p1_f3","アトリ","tatr01","l","d2","p1","f3","1156","2740","7d52e578712762cebf41098975effa307cd0f88ef1d4973bbabab9714d5187a5","45","2755","2755","rotated_bottom_left_pixels","411","1786","626","inherited","[""アトリ_tatr01_l_d2_p1_f2.png"", 45.0]","true"
"アトリ_tatr01_l_d2_p1_f4.png","アトリ_tatr01_d2_p1_f4","アトリ","tatr01","l","d2","p1","f4","1156","2740","027a456afa0f573e4e93a3a66ca8afe63d58f5f3562241ee72fa1c9cee926b96","45","2755","2755","rotated_bottom_left_pixels","411","1786","626","inherited","[""アトリ_tatr01_l_d2_p1_f3.png"", 45.0]","true"
"アトリ_tatr01_l_d2_p1_f5.png","アトリ_tatr01_d2_p1_f5","アトリ","tatr01","l","d2","p1","f5","1156","2740","a7ca754cb59f4bbb2a3a18c0a2ef599e64cc10c97f82ccc0eebaa57de4893b0a","45","2755","2755","rotated_bottom_left_pixels","411","1786","626","inherited","[""アトリ_tatr01_l_d2_p1_f4.png"", 45.0]","true"
"アトリ_tatr01_l_d2_p1_f6.png","アトリ_tatr01_d2_p1_f6","アトリ","tatr01","l","d2","p1","f6","1156","2740","84bd627a1de6e2b423b066f1a27fcf1f917000e7040c1b8a46c77e367d2025ff","45","2755","2755","rotated_bottom_left_pixels","411","1786","626","inherited","[""アトリ_tatr01_l_d2_p1_f5.png"", 45.0]","true"
"アトリ_tatr01_l_d2_p1_f7.png","アトリ_tatr01_d2_p1_f7","アトリ","tatr01","l","d2","p1","f7","1156","2740","1946e53ca6ca21e4c143f647bc32f0cb45768432053dc2b9f52079bb17ed1c2d","45","2755","2755","rotated_bottom_left_pixels","411","1786","626","inherited","[""アトリ_tatr01_l_d2_p1_f6.png"", 45.0]","true"
"アトリ_tatr01_l_d2_p1_f8.png","アトリ_tatr01_d2_p1_f8","アトリ","tatr01","l","d2","p1","f8","1156","2740","6093c937624db617ae356a28ab4dfd9a8ad03b6c517fad37f4c8b73064028621","45","2755","2755","rotated_bottom_left_pixels","411","1786","626","inherited","[""アトリ_tatr01_l_d2_p1_f7.png"", 45.0]","true"
"アトリ_tatr01_l_d2_p1_f9.png","アトリ_tatr01_d2_p1_f9","アトリ","tatr01","l","d2","p1","f9","1156","2740","049454e9118d385f598ceec5b616ffa0e4cf805fd65e928be685a7c2135944d8","45","2755","2755","rotated_bottom_left_pixels","411","1786","626","inherited","[""アトリ_tatr01_l_d2_p1_f8.png"", 45.0]","true"
"アトリ_tatr01_l_d2_p1_fa.png","アトリ_tatr01_d2_p1_fa","アトリ","tatr01","l","d2","p1","fa","1156","2740","92fb110574d19ac12cd80365b2e00b94e1a2b00c1a522e26ca3af2b1fe1c9b7d","45","2755","2755","rotated_bottom_left_pixels","411","1786","626","inherited","[""アトリ_tatr01_l_d2_p1_f9.png"", 45.0]","true"
"アトリ_tatr01_l_d2_p1_fb.png","アトリ_tatr01_d2_p1_fb","アトリ","tatr01","l","d2","p1","fb","1156","2740","3402d6a9accdf3ccb572f2fa597679e1367cf2aeac12baf5088386b714f234d3","45","2755","2755","rotated_bottom_left_pixels","411","1786","626","inherited","[""アトリ_tatr01_l_d2_p1_fa.png"", 45.0]","true"
"アトリ_tatr01_l_d2_p1_fc.png","アトリ_tatr01_d2_p1_fc","アトリ","tatr01","l","d2","p1","fc","1156","2740","1b312d9c307bfe582774c1e3dde8d75509becbcee7e27fb0755a11e1a523805e","45","2755","2755","rotated_bottom_left_pixels","411","1786","626","inherited","[""アトリ_tatr01_l_d2_p1_fb.png"", 45.0]","true"
"アトリ_tatr01_l_d2_p1_fd.png","アトリ_tatr01_d2_p1_fd","アトリ","tatr01","l","d2","p1","fd","1156","2740","c6c4b0d0524b2cfec7f0a58334376261205ece41aad15fc02e993719a85fd854","45","2755","2755","rotated_bottom_left_pixels","411","1786","626","inherited","[""アトリ_tatr01_l_d2_p1_fc.png"", 45.0]","true"
"アトリ_tatr01_l_d2_p1_fe.png","アトリ_tatr01_d2_p1_fe","アトリ","tatr01","l","d2","p1","fe","1156","2740","2e5a03cddcecac2b3812d6282df77ea86f94b1a08e03a83a171e10e6e473a978","45","2755","2755","rotated_bottom_left_pixels","411","1786","626","inherited","[""アトリ_tatr01_l_d2_p1_fd.png"", 45.0]","true"
"アトリ_tatr01_l_d2_p1_ff.png","アトリ_tatr01_d2_p1_ff","アトリ","tatr01","l","d2","p1","ff","1156","2989","ebfbea5c5edfd824b7271f14e4834e16826bc46aa9e56bfe4d482c1dbefd88e3","45","2931","2931","rotated_bottom_left_pixels","585","1791","626","manual_adjusted","[""アトリ_tatr01_l_d2_p1_fe.png"", 45.0]","true"
"アトリ_tatr01_l_d2_p1_fg.png","アトリ_tatr01_d2_p1_fg","アトリ","tatr01","l","d2","p1","fg","1156","2740","11661dd9a032b7091cb0fa463b6b5280f76c5a317dbe5586aa99658144824428","45","2755","2755","rotated_bottom_left_pixels","411","1786","626","manual_adjusted","[""アトリ_tatr01_l_d2_p1_ff.png"", 45.0]","true"
"アトリ_tatr01_l_d2_p1_fh.png","アトリ_tatr01_d2_p1_fh","アトリ","tatr01","l","d2","p1","fh","1156","2989","58d62c0d4cdb8a1f04de1cd37cf085731d5ac4560baca11edd1733fcee3a0170","45","2931","2931","rotated_bottom_left_pixels","585","1791","626","manual_adjusted","[""アトリ_tatr01_l_d2_p1_fg.png"", 45.0]","true"
"アトリ_tatr01_l_d2_p1_fi.png","アトリ_tatr01_d2_p1_fi","アトリ","tatr01","l","d2","p1","fi","1156","2740","182a8970922591aeba4e5d89a0aac32ae7e24c03e088bf9eb1900ce676a8501b","45","2755","2755","rotated_bottom_left_pixels","411","1786","626","manual_adjusted","[""アトリ_tatr01_l_d2_p1_fh.png"", 45.0]","true"
"アトリ_tatr01_l_d2_p1_fj.png","アトリ_tatr01_d2_p1_fj","アトリ","tatr01","l","d2","p1","fj","1156","2740","330dccee7a6c2452890a9d7195a0e07bf9d6bfecacc73a03896ccd81c9bf4223","45","2755","2755","rotated_bottom_left_pixels","411","1786","626","inherited","[""アトリ_tatr01_l_d2_p1_fi.png"", 45.0]","true"
"アトリ_tatr01_l_d2_p1_fk.png","アトリ_tatr01_d2_p1_fk","アトリ","tatr01","l","d2","p1","fk","1156","2740","c87fc0677a2be2661e8a53975540919399614f207c012eb8e942c8836fc19a9e","45","2755","2755","rotated_bottom_left_pixels","411","1786","626","inherited","[""アトリ_tatr01_l_d2_p1_fj.png"", 45.0]","true"
"アトリ_tatr01_l_d2_p1_fl.png","アトリ_tatr01_d2_p1_fl","アトリ","tatr01","l","d2","p1","fl","1156","2740","7fdd1ad72012130dcfd01e63734eb7a9c1d08dde4ad4be4f33144a9f505dff3f","45","2755","2755","rotated_bottom_left_pixels","411","1786","626","inherited","[""アトリ_tatr01_l_d2_p1_fk.png"", 45.0]","true"
"アトリ_tatr01_l_d3_p1_f1.png","アトリ_tatr01_d3_p1_f1","アトリ","tatr01","l","d3","p1","f1","1156","2740","fa28baa51b20425edc8e361bc5073b20fae72e7bc7c219573cfd51047bfa6e36","45","2755","2755","rotated_bottom_left_pixels","411","1786","626","inherited","[""アトリ_tatr01_l_d2_p1_fl.png"", 45.0]","true"
"アトリ_tatr01_l_d3_p1_f2.png","アトリ_tatr01_d3_p1_f2","アトリ","tatr01","l","d3","p1","f2","1156","2740","dd8cc3ea605db3727cf65044972c5be0842df6bf4c4084c71fe601b93c6288a5","45","2755","2755","rotated_bottom_left_pixels","411","1786","626","inherited","[""アトリ_tatr01_l_d3_p1_f1.png"", 45.0]","true"
"アトリ_tatr01_l_d3_p1_f3.png","アトリ_tatr01_d3_p1_f3","アトリ","tatr01","l","d3","p1","f3","1156","2740","8a0c02f7840c98a642425c2f2d41955433e32e2822964cbb59cd338e8fbd55c9","45","2755","2755","rotated_bottom_left_pixels","411","1786","626","inherited","[""アトリ_tatr01_l_d3_p1_f2.png"", 45.0]","true"
"アトリ_tatr01_l_d3_p1_f4.png","アトリ_tatr01_d3_p1_f4","アトリ","tatr01","l","d3","p1","f4","1156","2740","ec2a7f066b3c80cebb12e4572d1451452f27aa76e0fa840450851197d87a83d0","45","2755","2755","rotated_bottom_left_pixels","411","1786","626","inherited","[""アトリ_tatr01_l_d3_p1_f3.png"", 45.0]","true"
"アトリ_tatr01_l_d3_p1_f5.png","アトリ_tatr01_d3_p1_f5","アトリ","tatr01","l","d3","p1","f5","1156","2740","a1415fefc58411203c70de93844e9eaf82bb915ab24b7bc0ed63bba75de823fe","45","2755","2755","rotated_bottom_left_pixels","411","1786","626","inherited","[""アトリ_tatr01_l_d3_p1_f4.png"", 45.0]","true"
"アトリ_tatr01_l_d3_p1_f6.png","アトリ_tatr01_d3_p1_f6","アトリ","tatr01","l","d3","p1","f6","1156","2740","eadf46091e2f87eb493241996f8c08ad05552f222506bde7ae7a48a59d41e486","45","2755","2755","rotated_bottom_left_pixels","411","1786","626","inherited","[""アトリ_tatr01_l_d3_p1_f5.png"", 45.0]","true"
"アトリ_tatr01_l_d3_p1_f7.png","アトリ_tatr01_d3_p1_f7","アトリ","tatr01","l","d3","p1","f7","1156","2740","639d2ddd092d87db3c8c7dc03ac953af5ed64ba23d6afb3abbcf52b2e6dcf6ec","45","2755","2755","rotated_bottom_left_pixels","411","1786","626","inherited","[""アトリ_tatr01_l_d3_p1_f6.png"", 45.0]","true"
"アトリ_tatr01_l_d3_p1_f8.png","アトリ_tatr01_d3_p1_f8","アトリ","tatr01","l","d3","p1","f8","1156","2740","a2fe178c17804c855c6bb6a097dc6c703b4a16ea4a5d5f880aca4b0e08dff53e","45","2755","2755","rotated_bottom_left_pixels","411","1786","626","inherited","[""アトリ_tatr01_l_d3_p1_f7.png"", 45.0]","true"
"アトリ_tatr01_l_d3_p1_f9.png","アトリ_tatr01_d3_p1_f9","アトリ","tatr01","l","d3","p1","f9","1156","2740","6435f2395011749938fb8d568cc91b3afb4e39586f6f3f81fa9005b27307c583","45","2755","2755","rotated_bottom_left_pixels","411","1786","626","inherited","[""アトリ_tatr01_l_d3_p1_f8.png"", 45.0]","true"
"アトリ_tatr01_l_d3_p1_fa.png","アトリ_tatr01_d3_p1_fa","アトリ","tatr01","l","d3","p1","fa","1156","2740","e5e4dea39c00610a501a8ecb08693691b796f511462c2580a40ef28517d21c11","45","2755","2755","rotated_bottom_left_pixels","411","1786","626","inherited","[""アトリ_tatr01_l_d3_p1_f9.png"", 45.0]","true"
"アトリ_tatr01_l_d3_p1_fb.png","アトリ_tatr01_d3_p1_fb","アトリ","tatr01","l","d3","p1","fb","1156","2740","76f174ab2e197ca50866ad0364e111e35bbda62ca552c4b236b7b5604df5cc26","45","2755","2755","rotated_bottom_left_pixels","411","1786","626","inherited","[""アトリ_tatr01_l_d3_p1_fa.png"", 45.0]","true"
"アトリ_tatr01_l_d3_p1_fc.png","アトリ_tatr01_d3_p1_fc","アトリ","tatr01","l","d3","p1","fc","1156","2740","43d39af421a762d2191ba7fafd577f628e16f3ef8567f05a350be17a80425704","45","2755","2755","rotated_bottom_left_pixels","411","1786","626","inherited","[""アトリ_tatr01_l_d3_p1_fb.png"", 45.0]","true"
"アトリ_tatr01_l_d3_p1_fd.png","アトリ_tatr01_d3_p1_fd","アトリ","tatr01","l","d3","p1","fd","1156","2740","74ecbaeda8eb13cdef03a268043d11ef6e4168c078dfb61aef4772515ab6f7ea","45","2755","2755","rotated_bottom_left_pixels","411","1786","626","inherited","[""アトリ_tatr01_l_d3_p1_fc.png"", 45.0]","true"
"アトリ_tatr01_l_d3_p1_fe.png","アトリ_tatr01_d3_p1_fe","アトリ","tatr01","l","d3","p1","fe","1156","2740","ddd9c5856c9655ef1b82c34a1f6ee41ecacf8670164431be8cb08710b362d086","45","2755","2755","rotated_bottom_left_pixels","411","1786","626","inherited","[""アトリ_tatr01_l_d3_p1_fd.png"", 45.0]","true"
"アトリ_tatr01_l_d3_p1_ff.png","アトリ_tatr01_d3_p1_ff","アトリ","tatr01","l","d3","p1","ff","1156","2989","ba4e3b99387551a9cae84d6e496b18ceec555cac613bc727314097bc3079364c","45","2931","2931","rotated_bottom_left_pixels","585","1791","626","manual_adjusted","[""アトリ_tatr01_l_d3_p1_fe.png"", 45.0]","true"
"アトリ_tatr01_l_d3_p1_fg.png","アトリ_tatr01_d3_p1_fg","アトリ","tatr01","l","d3","p1","fg","1156","2740","90d769816c4c9bf9cd0f52c06cad0999bebdc724cbb23951271b0b3daa38ed4a","45","2755","2755","rotated_bottom_left_pixels","411","1786","626","manual_adjusted","[""アトリ_tatr01_l_d3_p1_ff.png"", 45.0]","true"
"アトリ_tatr01_l_d3_p1_fh.png","アトリ_tatr01_d3_p1_fh","アトリ","tatr01","l","d3","p1","fh","1156","2989","0b0115ca56b3e9c50e7a3a28fb22e44568defca5061d98230b9b83a08077a041","45","2931","2931","rotated_bottom_left_pixels","585","1791","626","manual_adjusted","[""アトリ_tatr01_l_d3_p1_fg.png"", 45.0]","true"
"アトリ_tatr01_l_d3_p1_fi.png","アトリ_tatr01_d3_p1_fi","アトリ","tatr01","l","d3","p1","fi","1156","2740","f9797a4d06b3500c8f67d7e9f00c5023d449214f8dc0f59c726eb8c0e301fb93","45","2755","2755","rotated_bottom_left_pixels","411","1786","626","manual_adjusted","[""アトリ_tatr01_l_d3_p1_fh.png"", 45.0]","true"
"アトリ_tatr01_l_d3_p1_fj.png","アトリ_tatr01_d3_p1_fj","アトリ","tatr01","l","d3","p1","fj","1156","2740","bb3f8acc29d46322913fa2160f9448499f4225c2cdcfdd54187346708cd10e23","45","2755","2755","rotated_bottom_left_pixels","411","1786","626","inherited","[""アトリ_tatr01_l_d3_p1_fi.png"", 45.0]","true"
"アトリ_tatr01_l_d3_p1_fk.png","アトリ_tatr01_d3_p1_fk","アトリ","tatr01","l","d3","p1","fk","1156","2740","92ee1cb129bb24d423745f4f650bfd8f4c3fec5f1e04609a1944da251b42bd36","45","2755","2755","rotated_bottom_left_pixels","411","1786","626","inherited","[""アトリ_tatr01_l_d3_p1_fj.png"", 45.0]","true"
"アトリ_tatr01_l_d3_p1_fl.png","アトリ_tatr01_d3_p1_fl","アトリ","tatr01","l","d3","p1","fl","1156","2740","7ed5469a44636345a9eb0977ae5fcf3ae57ae4ec57ecc52dadb6a345267f7a1c","45","2755","2755","rotated_bottom_left_pixels","411","1786","626","inherited","[""アトリ_tatr01_l_d3_p1_fk.png"", 45.0]","true"
"アトリ_tatr01_l_d4_p1_f1.png","アトリ_tatr01_d4_p1_f1","アトリ","tatr01","l","d4","p1","f1","1156","2740","89d82cfb0641d4ab8e96e349982d5216a9c9dcbcfc8f5dc40db0a56488577138","45","2755","2755","rotated_bottom_left_pixels","411","1786","626","inherited","[""アトリ_tatr01_l_d3_p1_fl.png"", 45.0]","true"
"アトリ_tatr01_l_d4_p1_f2.png","アトリ_tatr01_d4_p1_f2","アトリ","tatr01","l","d4","p1","f2","1156","2740","f4e30024a2427a3cc764d9cffd6f19bf011330d788b27bdf66902107028f6ff6","45","2755","2755","rotated_bottom_left_pixels","411","1786","626","inherited","[""アトリ_tatr01_l_d4_p1_f1.png"", 45.0]","true"
"アトリ_tatr01_l_d4_p1_f3.png","アトリ_tatr01_d4_p1_f3","アトリ","tatr01","l","d4","p1","f3","1156","2740","42b16f48d8ab63609b6d9485aec19cf3b7eb33156eb6be636a3cc135d4de4c83","45","2755","2755","rotated_bottom_left_pixels","411","1786","626","inherited","[""アトリ_tatr01_l_d4_p1_f2.png"", 45.0]","true"
"アトリ_tatr01_l_d4_p1_f4.png","アトリ_tatr01_d4_p1_f4","アトリ","tatr01","l","d4","p1","f4","1156","2740","89871aecca74b9c416c54bd5b2355b9d1c667486908b286b27e8404c0273e51e","45","2755","2755","rotated_bottom_left_pixels","411","1786","626","inherited","[""アトリ_tatr01_l_d4_p1_f3.png"", 45.0]","true"
"アトリ_tatr01_l_d4_p1_f5.png","アトリ_tatr01_d4_p1_f5","アトリ","tatr01","l","d4","p1","f5","1156","2740","feaac41584c5c6dfe6878b98b72902cbcd7dad13d40d7c220f209da9cc00ca10","45","2755","2755","rotated_bottom_left_pixels","411","1786","626","inherited","[""アトリ_tatr01_l_d4_p1_f4.png"", 45.0]","true"
"アトリ_tatr01_l_d4_p1_f6.png","アトリ_tatr01_d4_p1_f6","アトリ","tatr01","l","d4","p1","f6","1156","2740","37e5349db29da49d1fda84557226405f3564456764d2eed32a7188592b4f1397","45","2755","2755","rotated_bottom_left_pixels","411","1786","626","inherited","[""アトリ_tatr01_l_d4_p1_f5.png"", 45.0]","true"
"アトリ_tatr01_l_d4_p1_f7.png","アトリ_tatr01_d4_p1_f7","アトリ","tatr01","l","d4","p1","f7","1156","2740","f7f46e7f4a2497d48491b9aa8dfc5140fa7a3d18f8407ba01a55d2c281f6438d","45","2755","2755","rotated_bottom_left_pixels","411","1786","626","inherited","[""アトリ_tatr01_l_d4_p1_f6.png"", 45.0]","true"
"アトリ_tatr01_l_d4_p1_f8.png","アトリ_tatr01_d4_p1_f8","アトリ","tatr01","l","d4","p1","f8","1156","2740","84b9e1c792aeeca825ba5e16b12dfa157c44de83b7d0c9f1c4dca2dbd2298151","45","2755","2755","rotated_bottom_left_pixels","411","1786","626","inherited","[""アトリ_tatr01_l_d4_p1_f7.png"", 45.0]","true"
"アトリ_tatr01_l_d4_p1_f9.png","アトリ_tatr01_d4_p1_f9","アトリ","tatr01","l","d4","p1","f9","1156","2740","cee7f19b8276a234462072a198ddca23422aa611f70417060e9e62cb830a2b03","45","2755","2755","rotated_bottom_left_pixels","411","1786","626","inherited","[""アトリ_tatr01_l_d4_p1_f8.png"", 45.0]","true"
"アトリ_tatr01_l_d4_p1_fa.png","アトリ_tatr01_d4_p1_fa","アトリ","tatr01","l","d4","p1","fa","1156","2740","6a7a56e913c6752c6e26d7165db678d5ea7858d7c26a81ca65174a32d8b23b0e","45","2755","2755","rotated_bottom_left_pixels","411","1786","626","inherited","[""アトリ_tatr01_l_d4_p1_f9.png"", 45.0]","true"
"アトリ_tatr01_l_d4_p1_fb.png","アトリ_tatr01_d4_p1_fb","アトリ","tatr01","l","d4","p1","fb","1156","2740","fa10a0d805a77458b4be5ecb3901e9b8c5dc065d6cc7ec0e3a4b2ea3da83d103","45","2755","2755","rotated_bottom_left_pixels","411","1786","626","inherited","[""アトリ_tatr01_l_d4_p1_fa.png"", 45.0]","true"
"アトリ_tatr01_l_d4_p1_fc.png","アトリ_tatr01_d4_p1_fc","アトリ","tatr01","l","d4","p1","fc","1156","2740","543dd2ba5f81d314f1bc7abeb8ea90f060386307ab812f995a19294e95977543","45","2755","2755","rotated_bottom_left_pixels","411","1786","626","inherited","[""アトリ_tatr01_l_d4_p1_fb.png"", 45.0]","true"
"アトリ_tatr01_l_d4_p1_fd.png","アトリ_tatr01_d4_p1_fd","アトリ","tatr01","l","d4","p1","fd","1156","2740","f2517f7a4d7f3a97f3e6d8687e25e48ba2d1371157c0cc04099e80bf0c94f8f0","45","2755","2755","rotated_bottom_left_pixels","411","1786","626","inherited","[""アトリ_tatr01_l_d4_p1_fc.png"", 45.0]","true"
"アトリ_tatr01_l_d4_p1_fe.png","アトリ_tatr01_d4_p1_fe","アトリ","tatr01","l","d4","p1","fe","1156","2740","b21be381d7bafd36dd7c6d0f3913abda4010fe2ea9d872546ed2ed6ab61fac0a","45","2755","2755","rotated_bottom_left_pixels","411","1786","626","inherited","[""アトリ_tatr01_l_d4_p1_fd.png"", 45.0]","true"
"アトリ_tatr01_l_d4_p1_ff.png","アトリ_tatr01_d4_p1_ff","アトリ","tatr01","l","d4","p1","ff","1156","2989","136e7ee75a49e5553d4d24eed7246b630d0fab722d0b113bb79ffc08c2f4e1ee","45","2931","2931","rotated_bottom_left_pixels","585","1791","626","manual_adjusted","[""アトリ_tatr01_l_d4_p1_fe.png"", 45.0]","true"
"アトリ_tatr01_l_d4_p1_fg.png","アトリ_tatr01_d4_p1_fg","アトリ","tatr01","l","d4","p1","fg","1156","2740","94b1840218a32ffca461d5b641de3534f93094fe979e565103d1e06065e9a3ab","45","2755","2755","rotated_bottom_left_pixels","411","1786","626","manual_adjusted","[""アトリ_tatr01_l_d4_p1_ff.png"", 45.0]","true"
"アトリ_tatr01_l_d4_p1_fh.png","アトリ_tatr01_d4_p1_fh","アトリ","tatr01","l","d4","p1","fh","1156","2989","a520eaad87705967a1e4024b02f133f263eaedc78e782697725679c249abafcc","45","2931","2931","rotated_bottom_left_pixels","585","1791","626","manual_adjusted","[""アトリ_tatr01_l_d4_p1_fg.png"", 45.0]","true"
"アトリ_tatr01_l_d4_p1_fi.png","アトリ_tatr01_d4_p1_fi","アトリ","tatr01","l","d4","p1","fi","1156","2740","45830e2bb4fa50ebd316d5cb4fcc1503b701f185d8faeae9bf9e519cb2a047c0","45","2755","2755","rotated_bottom_left_pixels","411","1786","626","manual_adjusted","[""アトリ_tatr01_l_d4_p1_fh.png"", 45.0]","true"
"アトリ_tatr01_l_d4_p1_fj.png","アトリ_tatr01_d4_p1_fj","アトリ","tatr01","l","d4","p1","fj","1156","2740","edd1119ce756ed5faaa87042f4fef2c9830e4bc7455c5f8094e81888804f1428","45","2755","2755","rotated_bottom_left_pixels","411","1786","626","inherited","[""アトリ_tatr01_l_d4_p1_fi.png"", 45.0]","true"
"アトリ_tatr01_l_d4_p1_fk.png","アトリ_tatr01_d4_p1_fk","アトリ","tatr01","l","d4","p1","fk","1156","2740","3262113fdfad91aaf4f9888e9cf5a93f7dcc8271f4bf0d5897780988fd97765b","45","2755","2755","rotated_bottom_left_pixels","411","1786","626","inherited","[""アトリ_tatr01_l_d4_p1_fj.png"", 45.0]","true"
"アトリ_tatr01_l_d4_p1_fl.png","アトリ_tatr01_d4_p1_fl","アトリ","tatr01","l","d4","p1","fl","1156","2740","e67da6ae9e7ff48302cd383ad4289f3757228cc6c1a9d24ac218c5b31eb3d32f","45","2755","2755","rotated_bottom_left_pixels","411","1786","626","inherited","[""アトリ_tatr01_l_d4_p1_fk.png"", 45.0]","true"
"アトリ_tatr01_l_d1_p2_f1.png","アトリ_tatr01_d1_p2_f1","アトリ","tatr01","l","d1","p2","f1","1250","2963","a32de8f87e0a29e0975d977def9b4b14f8532445f709acfa274b03c4e3737b3a","45","2980","2980","rotated_bottom_left_pixels","580","1792","626","manual_adjusted","[""アトリ_tatr01_l_d1_p2_f1.png"", 0.0]","true"
"アトリ_tatr01_l_d1_p2_f2.png","アトリ_tatr01_d1_p2_f2","アトリ","tatr01","l","d1","p2","f2","1250","2963","4263d82dff6cba6e32875a66a66c17763cc10cae43b68ed81db6f0a93eca7a17","45","2980","2980","rotated_bottom_left_pixels","580","1792","626","manual_adjusted","[""アトリ_tatr01_l_d1_p2_f1.png"", 45.0]","true"
"アトリ_tatr01_l_d1_p2_f3.png","アトリ_tatr01_d1_p2_f3","アトリ","tatr01","l","d1","p2","f3","1250","2963","2720c1083e4ed9d42aa5552dbaf006f0d050af7f27a5e88d246a45a578574ea8","45","2980","2980","rotated_bottom_left_pixels","580","1792","626","manual_adjusted","[""アトリ_tatr01_l_d1_p2_f2.png"", 45.0]","true"
"アトリ_tatr01_l_d1_p2_f4.png","アトリ_tatr01_d1_p2_f4","アトリ","tatr01","l","d1","p2","f4","1250","2963","c7b04a04f40e05dac11c5fdf02dddd0238c41d9143df2e464bfacfd6bdc67fb2","45","2980","2980","rotated_bottom_left_pixels","580","1792","626","manual_adjusted","[""アトリ_tatr01_l_d1_p2_f3.png"", 45.0]","true"
"アトリ_tatr01_l_d1_p2_f5.png","アトリ_tatr01_d1_p2_f5","アトリ","tatr01","l","d1","p2","f5","1250","2963","69b6b6b165349f51b28ff6c4b8ed3848e6009ae372123b33f49a993f0694729c","45","2980","2980","rotated_bottom_left_pixels","580","1792","626","manual_adjusted","[""アトリ_tatr01_l_d1_p2_f4.png"", 45.0]","true"
"アトリ_tatr01_l_d1_p2_f6.png","アトリ_tatr01_d1_p2_f6","アトリ","tatr01","l","d1","p2","f6","1250","2963","6e8fbb4a661a510b445fd8060e7a860fdb5012f43bac854e83d3c072e4452ec0","45","2980","2980","rotated_bottom_left_pixels","580","1792","626","manual_adjusted","[""アトリ_tatr01_l_d1_p2_f5.png"", 45.0]","true"
"アトリ_tatr01_l_d1_p2_f7.png","アトリ_tatr01_d1_p2_f7","アトリ","tatr01","l","d1","p2","f7","1250","2963","7be56828231e5d524c1e0c91a3eb481b4fb8458e4467baaffd979ff72f4b5ea6","45","2980","2980","rotated_bottom_left_pixels","580","1792","626","manual_adjusted","[""アトリ_tatr01_l_d1_p2_f6.png"", 45.0]","true"
"アトリ_tatr01_l_d1_p2_f8.png","アトリ_tatr01_d1_p2_f8","アトリ","tatr01","l","d1","p2","f8","1250","2963","e2247f7bdb14217655aba9ee21be623f5d4d34a51931487a79cce7babb0c4120","45","2980","2980","rotated_bottom_left_pixels","580","1792","626","manual_adjusted","[""アトリ_tatr01_l_d1_p2_f7.png"", 45.0]","true"
"アトリ_tatr01_l_d1_p2_f9.png","アトリ_tatr01_d1_p2_f9","アトリ","tatr01","l","d1","p2","f9","1250","2963","a9465d957a8b3ad84d2d9d852de8945afe5d647a79eb332b6271475cc0a68a45","45","2980","2980","rotated_bottom_left_pixels","580","1792","626","manual_adjusted","[""アトリ_tatr01_l_d1_p2_f8.png"", 45.0]","true"
"アトリ_tatr01_l_d1_p2_fa.png","アトリ_tatr01_d1_p2_fa","アトリ","tatr01","l","d1","p2","fa","1250","2963","bfa7b73756ceb3676948ef48be3a399afeaebde8002b3ea3201ba6c18774e838","45","2980","2980","rotated_bottom_left_pixels","580","1792","626","manual_adjusted","[""アトリ_tatr01_l_d1_p2_f9.png"", 45.0]","true"
"アトリ_tatr01_l_d1_p2_fb.png","アトリ_tatr01_d1_p2_fb","アトリ","tatr01","l","d1","p2","fb","1250","2963","3e03a1b1a688634ceb2d289be4773a77837e39e69ddb6c59617117455d1a6a11","45","2980","2980","rotated_bottom_left_pixels","580","1792","626","manual_adjusted","[""アトリ_tatr01_l_d1_p2_fa.png"", 45.0]","true"
"アトリ_tatr01_l_d1_p2_fc.png","アトリ_tatr01_d1_p2_fc","アトリ","tatr01","l","d1","p2","fc","1250","2963","946dd8a17d8c4c6d383ae4622bb3195b60bca5e68351e265a842a9d7ce8b3706","45","2980","2980","rotated_bottom_left_pixels","580","1792","626","manual_adjusted","[""アトリ_tatr01_l_d1_p2_fb.png"", 45.0]","true"
"アトリ_tatr01_l_d1_p2_fd.png","アトリ_tatr01_d1_p2_fd","アトリ","tatr01","l","d1","p2","fd","1250","2963","e02c65ee12ee258496af3a875b4b3df35931aae30dc4d33507a018b8629c0329","45","2980","2980","rotated_bottom_left_pixels","580","1792","626","manual_adjusted","[""アトリ_tatr01_l_d1_p2_fc.png"", 45.0]","true"
"アトリ_tatr01_l_d1_p2_fe.png","アトリ_tatr01_d1_p2_fe","アトリ","tatr01","l","d1","p2","fe","1250","2963","5f81810775d036300084bb6150eaf863c81f92087df9e62d590af5869c47f4da","45","2980","2980","rotated_bottom_left_pixels","580","1792","626","manual_adjusted","[""アトリ_tatr01_l_d1_p2_fd.png"", 45.0]","true"
"アトリ_tatr01_l_d1_p2_ff.png","アトリ_tatr01_d1_p2_ff","アトリ","tatr01","l","d1","p2","ff","1250","2989","c85dca38f3f841872d29cdc3f69963f1774fc77a23a7fee1c37269fcdf130f03","45","2998","2998","rotated_bottom_left_pixels","588","1791","626","manual_adjusted","[""アトリ_tatr01_l_d1_p2_fe.png"", 45.0]","true"
"アトリ_tatr01_l_d1_p2_fg.png","アトリ_tatr01_d1_p2_fg","アトリ","tatr01","l","d1","p2","fg","1250","2963","004e08df54c25f2e8f05cfcf770f88d852f3865128932d364ddad9d7e3198c80","45","2980","2980","rotated_bottom_left_pixels","580","1792","626","manual_adjusted","[""アトリ_tatr01_l_d1_p2_ff.png"", 45.0]","true"
"アトリ_tatr01_l_d1_p2_fh.png","アトリ_tatr01_d1_p2_fh","アトリ","tatr01","l","d1","p2","fh","1250","2989","3e9783cf08b0f15a238c727c09e70c51eb2e30bdf4848a085b8e57d8d3402289","45","2998","2998","rotated_bottom_left_pixels","588","1791","626","manual_adjusted","[""アトリ_tatr01_l_d1_p2_fg.png"", 45.0]","true"
"アトリ_tatr01_l_d1_p2_fi.png","アトリ_tatr01_d1_p2_fi","アトリ","tatr01","l","d1","p2","fi","1250","2963","74c695c903922df822f7e13d13d438e806e22a69be8b251620f5d68eb4285426","45","2980","2980","rotated_bottom_left_pixels","580","1792","626","inherited","[""アトリ_tatr01_l_d1_p2_fh.png"", 45.0]","true"
"アトリ_tatr01_l_d1_p2_fj.png","アトリ_tatr01_d1_p2_fj","アトリ","tatr01","l","d1","p2","fj","1250","2963","7a2310df609bd1ae28d73d9ab6df6ce5dc619829270a1c67bab1fa939461d9a1","45","2980","2980","rotated_bottom_left_pixels","580","1792","626","inherited","[""アトリ_tatr01_l_d1_p2_fi.png"", 45.0]","true"
"アトリ_tatr01_l_d1_p2_fk.png","アトリ_tatr01_d1_p2_fk","アトリ","tatr01","l","d1","p2","fk","1250","2963","f1d0ec03cb15018a143e1c82c88ffe38aeba6f47e9c665f1679704080cd936b4","45","2980","2980","rotated_bottom_left_pixels","580","1792","626","inherited","[""アトリ_tatr01_l_d1_p2_fj.png"", 45.0]","true"
"アトリ_tatr01_l_d1_p2_fl.png","アトリ_tatr01_d1_p2_fl","アトリ","tatr01","l","d1","p2","fl","1250","2963","cb719a8a53de2c3c5d68748675434709caced1300cba70585081149fa54f5502","45","2980","2980","rotated_bottom_left_pixels","580","1792","626","inherited","[""アトリ_tatr01_l_d1_p2_fk.png"", 45.0]","true"
"アトリ_tatr01_l_d2_p2_f1.png","アトリ_tatr01_d2_p2_f1","アトリ","tatr01","l","d2","p2","f1","1250","2963","df9a437c87472ea18e5e660ee305abbcf67fb56f926a684f7fa824586c87376c","45","2980","2980","rotated_bottom_left_pixels","580","1792","626","inherited","[""アトリ_tatr01_l_d1_p2_fl.png"", 45.0]","true"
"アトリ_tatr01_l_d2_p2_f2.png","アトリ_tatr01_d2_p2_f2","アトリ","tatr01","l","d2","p2","f2","1250","2963","51b348a6d7fdaa59b6497843810ea44784c87aca43902725ea1ede81163af543","45","2980","2980","rotated_bottom_left_pixels","580","1792","626","inherited","[""アトリ_tatr01_l_d2_p2_f1.png"", 45.0]","true"
"アトリ_tatr01_l_d2_p2_f3.png","アトリ_tatr01_d2_p2_f3","アトリ","tatr01","l","d2","p2","f3","1250","2963","7e6b425952ca4dd8b5e3bd3c80eb4afd68d553ad2e7975fdb6d86fb7b607f7d1","45","2980","2980","rotated_bottom_left_pixels","580","1792","626","inherited","[""アトリ_tatr01_l_d2_p2_f2.png"", 45.0]","true"
"アトリ_tatr01_l_d2_p2_f4.png","アトリ_tatr01_d2_p2_f4","アトリ","tatr01","l","d2","p2","f4","1250","2963","5deaf8b43a27268772959ab7b086991911f1e0719004cf13b0353a6ebd161e53","45","2980","2980","rotated_bottom_left_pixels","580","1792","626","inherited","[""アトリ_tatr01_l_d2_p2_f3.png"", 45.0]","true"
"アトリ_tatr01_l_d2_p2_f5.png","アトリ_tatr01_d2_p2_f5","アトリ","tatr01","l","d2","p2","f5","1250","2963","05da545af1ab1ef27a98540d2540d397600d83ae2f1e162fb365a8c7935cb955","45","2980","2980","rotated_bottom_left_pixels","580","1792","626","inherited","[""アトリ_tatr01_l_d2_p2_f4.png"", 45.0]","true"
"アトリ_tatr01_l_d2_p2_f6.png","アトリ_tatr01_d2_p2_f6","アトリ","tatr01","l","d2","p2","f6","1250","2963","f7295c84fbe369686ad71f881b2330c1d477f0be87bbc20732a9dd1d355aa0d1","45","2980","2980","rotated_bottom_left_pixels","580","1792","626","inherited","[""アトリ_tatr01_l_d2_p2_f5.png"", 45.0]","true"
"アトリ_tatr01_l_d2_p2_f7.png","アトリ_tatr01_d2_p2_f7","アトリ","tatr01","l","d2","p2","f7","1250","2963","7861e2850636936b30e5634fd974eaf42ac03924d4f18c437f66a1034802cfef","45","2980","2980","rotated_bottom_left_pixels","580","1792","626","inherited","[""アトリ_tatr01_l_d2_p2_f6.png"", 45.0]","true"
"アトリ_tatr01_l_d2_p2_f8.png","アトリ_tatr01_d2_p2_f8","アトリ","tatr01","l","d2","p2","f8","1250","2963","a69467a60c5d89f02f97feae247a94eb931ce7413299d406d21a15f1934c9627","45","2980","2980","rotated_bottom_left_pixels","580","1792","626","inherited","[""アトリ_tatr01_l_d2_p2_f7.png"", 45.0]","true"
"アトリ_tatr01_l_d2_p2_f9.png","アトリ_tatr01_d2_p2_f9","アトリ","tatr01","l","d2","p2","f9","1250","2963","023e06d8ab1328eb1f98695f4271df9057497bfd29f1a1d12c57a15ef7a8be03","45","2980","2980","rotated_bottom_left_pixels","580","1792","626","inherited","[""アトリ_tatr01_l_d2_p2_f8.png"", 45.0]","true"
"アトリ_tatr01_l_d2_p2_fa.png","アトリ_tatr01_d2_p2_fa","アトリ","tatr01","l","d2","p2","fa","1250","2963","2038d60848c6c7adff794c728fd25b7b5fa64486f26ef6a531ef8653edaa41d3","45","2980","2980","rotated_bottom_left_pixels","580","1792","626","inherited","[""アトリ_tatr01_l_d2_p2_f9.png"", 45.0]","true"
"アトリ_tatr01_l_d2_p2_fb.png","アトリ_tatr01_d2_p2_fb","アトリ","tatr01","l","d2","p2","fb","1250","2963","9c6cebb4df02bfba76e3685601e3d7eb3e2180613a265a95050f436fd882e715","45","2980","2980","rotated_bottom_left_pixels","580","1792","626","inherited","[""アトリ_tatr01_l_d2_p2_fa.png"", 45.0]","true"
"アトリ_tatr01_l_d2_p2_fc.png","アトリ_tatr01_d2_p2_fc","アトリ","tatr01","l","d2","p2","fc","1250","2963","82a7108ad457a390a8ad71c8d6931c4b909b3d395e2403b725c05320cbe61d02","45","2980","2980","rotated_bottom_left_pixels","580","1792","626","inherited","[""アトリ_tatr01_l_d2_p2_fb.png"", 45.0]","true"
"アトリ_tatr01_l_d2_p2_fd.png","アトリ_tatr01_d2_p2_fd","アトリ","tatr01","l","d2","p2","fd","1250","2963","2e855d53ac4f5a29e8d5af3123df57b86a150f72cf05bf21cbbfa8e3e64831a0","45","2980","2980","rotated_bottom_left_pixels","580","1792","626","inherited","[""アトリ_tatr01_l_d2_p2_fc.png"", 45.0]","true"
"アトリ_tatr01_l_d2_p2_fe.png","アトリ_tatr01_d2_p2_fe","アトリ","tatr01","l","d2","p2","fe","1250","2963","838a16f58a0488a6869a9a9a46a42ab485621e61b2c661adee2508b80080e393","45","2980","2980","rotated_bottom_left_pixels","580","1792","626","inherited","[""アトリ_tatr01_l_d2_p2_fd.png"", 45.0]","true"
"アトリ_tatr01_l_d2_p2_ff.png","アトリ_tatr01_d2_p2_ff","アトリ","tatr01","l","d2","p2","ff","1250","2989","6a6cd3ce79436515a871691d91ce1fbc2cf782478725ac1351c5bc8bb2b12091","45","2998","2998","rotated_bottom_left_pixels","588","1791","626","manual_adjusted","[""アトリ_tatr01_l_d2_p2_fe.png"", 45.0]","true"
"アトリ_tatr01_l_d2_p2_fg.png","アトリ_tatr01_d2_p2_fg","アトリ","tatr01","l","d2","p2","fg","1250","2963","53367ca5c7c7ea696c84e25a25488558336ef432ac270fc330e5f4be8cb952cf","45","2980","2980","rotated_bottom_left_pixels","580","1792","626","manual_adjusted","[""アトリ_tatr01_l_d2_p2_ff.png"", 45.0]","true"
"アトリ_tatr01_l_d2_p2_fh.png","アトリ_tatr01_d2_p2_fh","アトリ","tatr01","l","d2","p2","fh","1250","2989","47190bb565504ba3eefa3a3b65c6bff707d7f18c9412b3da4f7e8a93bb77e708","45","2998","2998","rotated_bottom_left_pixels","588","1791","626","manual_adjusted","[""アトリ_tatr01_l_d2_p2_fg.png"", 45.0]","true"
"アトリ_tatr01_l_d2_p2_fi.png","アトリ_tatr01_d2_p2_fi","アトリ","tatr01","l","d2","p2","fi","1250","2963","324ba05a5a12ee2ce194cdc49655eb50bdda0d5990f0c6112e0bc433605b72eb","45","2980","2980","rotated_bottom_left_pixels","580","1792","626","manual_adjusted","[""アトリ_tatr01_l_d2_p2_fh.png"", 45.0]","true"
"アトリ_tatr01_l_d2_p2_fj.png","アトリ_tatr01_d2_p2_fj","アトリ","tatr01","l","d2","p2","fj","1250","2963","8738ed5276eb3e398f4be2aecafda3380e4e0fcf1b5ee26b711117e3fe71dce7","45","2980","2980","rotated_bottom_left_pixels","580","1792","626","inherited","[""アトリ_tatr01_l_d2_p2_fi.png"", 45.0]","true"
"アトリ_tatr01_l_d2_p2_fk.png","アトリ_tatr01_d2_p2_fk","アトリ","tatr01","l","d2","p2","fk","1250","2963","7d0b12fcc0499d96ea6955fb9e0c3bca464fce5b96822012daac9c579ecc59de","45","2980","2980","rotated_bottom_left_pixels","580","1792","626","inherited","[""アトリ_tatr01_l_d2_p2_fj.png"", 45.0]","true"
"アトリ_tatr01_l_d2_p2_fl.png","アトリ_tatr01_d2_p2_fl","アトリ","tatr01","l","d2","p2","fl","1250","2963","01b991e81e5571f322f9dd03cc7aeec8fdef591b883e292d76365199fb861d17","45","2980","2980","rotated_bottom_left_pixels","580","1792","626","inherited","[""アトリ_tatr01_l_d2_p2_fk.png"", 45.0]","true"
"アトリ_tatr01_l_d3_p2_f1.png","アトリ_tatr01_d3_p2_f1","アトリ","tatr01","l","d3","p2","f1","1250","2963","28aaccff9edb5977760edb9a62de45605c200c3f8e16101d98d3b0a06dc567a8","45","2980","2980","rotated_bottom_left_pixels","580","1792","626","inherited","[""アトリ_tatr01_l_d2_p2_fl.png"", 45.0]","true"
"アトリ_tatr01_l_d3_p2_f2.png","アトリ_tatr01_d3_p2_f2","アトリ","tatr01","l","d3","p2","f2","1250","2963","47637d0f1a1e2dde0f9c149e5e61676f2236be3f658c3593e27c04a5e8004075","45","2980","2980","rotated_bottom_left_pixels","580","1792","626","inherited","[""アトリ_tatr01_l_d3_p2_f1.png"", 45.0]","true"
"アトリ_tatr01_l_d3_p2_f3.png","アトリ_tatr01_d3_p2_f3","アトリ","tatr01","l","d3","p2","f3","1250","2963","98ceca347e3e09913b55ca7423b608d4a658fb17561ae77c9c82e654b9c73a65","45","2980","2980","rotated_bottom_left_pixels","580","1792","626","inherited","[""アトリ_tatr01_l_d3_p2_f2.png"", 45.0]","true"
"アトリ_tatr01_l_d3_p2_f4.png","アトリ_tatr01_d3_p2_f4","アトリ","tatr01","l","d3","p2","f4","1250","2963","2245919dddb77f7993a528be7bca8b02b4f5a7c73bf91b5dc5349ba1cd8cdee5","45","2980","2980","rotated_bottom_left_pixels","580","1792","626","inherited","[""アトリ_tatr01_l_d3_p2_f3.png"", 45.0]","true"
"アトリ_tatr01_l_d3_p2_f5.png","アトリ_tatr01_d3_p2_f5","アトリ","tatr01","l","d3","p2","f5","1250","2963","d3a9c036dc1fd78d75deb69877c155c5525f2bfabf811c21f17fb659c8f5f7d6","45","2980","2980","rotated_bottom_left_pixels","580","1792","626","inherited","[""アトリ_tatr01_l_d3_p2_f4.png"", 45.0]","true"
"アトリ_tatr01_l_d3_p2_f6.png","アトリ_tatr01_d3_p2_f6","アトリ","tatr01","l","d3","p2","f6","1250","2963","0e792249cda1db5372a6ae35a7fc611ce643615006a93df113e048ab72c75242","45","2980","2980","rotated_bottom_left_pixels","580","1792","626","inherited","[""アトリ_tatr01_l_d3_p2_f5.png"", 45.0]","true"
"アトリ_tatr01_l_d3_p2_f7.png","アトリ_tatr01_d3_p2_f7","アトリ","tatr01","l","d3","p2","f7","1250","2963","96cc530ff4f233ed64dde086fa48096ff447936c126e4c0677ad97d3b1295255","45","2980","2980","rotated_bottom_left_pixels","580","1792","626","inherited","[""アトリ_tatr01_l_d3_p2_f6.png"", 45.0]","true"
"アトリ_tatr01_l_d3_p2_f8.png","アトリ_tatr01_d3_p2_f8","アトリ","tatr01","l","d3","p2","f8","1250","2963","97766e9833278d6e11af6899ae5e76ef7e03a48c49920620db29b8e748d61304","45","2980","2980","rotated_bottom_left_pixels","580","1792","626","inherited","[""アトリ_tatr01_l_d3_p2_f7.png"", 45.0]","true"
"アトリ_tatr01_l_d3_p2_f9.png","アトリ_tatr01_d3_p2_f9","アトリ","tatr01","l","d3","p2","f9","1250","2963","5a477c801132efcba9f0d33cd68016a73dedca006c60a277af55a2bca4526ba7","45","2980","2980","rotated_bottom_left_pixels","580","1792","626","inherited","[""アトリ_tatr01_l_d3_p2_f8.png"", 45.0]","true"
"アトリ_tatr01_l_d3_p2_fa.png","アトリ_tatr01_d3_p2_fa","アトリ","tatr01","l","d3","p2","fa","1250","2963","f2cc7863b958b53f0f0d9c048670ce78ee8105643c4ea2d110b9a1707afbe3e2","45","2980","2980","rotated_bottom_left_pixels","580","1792","626","inherited","[""アトリ_tatr01_l_d3_p2_f9.png"", 45.0]","true"
"アトリ_tatr01_l_d3_p2_fb.png","アトリ_tatr01_d3_p2_fb","アトリ","tatr01","l","d3","p2","fb","1250","2963","eebfc34e9a839b30c06b87807d13b2d3facb6c9b465035e78843f616a9902d04","45","2980","2980","rotated_bottom_left_pixels","580","1792","626","inherited","[""アトリ_tatr01_l_d3_p2_fa.png"", 45.0]","true"
"アトリ_tatr01_l_d3_p2_fc.png","アトリ_tatr01_d3_p2_fc","アトリ","tatr01","l","d3","p2","fc","1250","2963","5d56a8622327d2821ced87025cd03b4fe175acd5d0cb13b29e0dae43c1099a5f","45","2980","2980","rotated_bottom_left_pixels","580","1792","626","inherited","[""アトリ_tatr01_l_d3_p2_fb.png"", 45.0]","true"
"アトリ_tatr01_l_d3_p2_fd.png","アトリ_tatr01_d3_p2_fd","アトリ","tatr01","l","d3","p2","fd","1250","2963","cdfb351c5cac65d461343de75fb506017e2b32a486b4372359a322ca60dd2f42","45","2980","2980","rotated_bottom_left_pixels","580","1792","626","inherited","[""アトリ_tatr01_l_d3_p2_fc.png"", 45.0]","true"
"アトリ_tatr01_l_d3_p2_fe.png","アトリ_tatr01_d3_p2_fe","アトリ","tatr01","l","d3","p2","fe","1250","2963","61632749745e896c4ea653bded98c2f4f0a0cf57bfc670bd0217c12e64e66534","45","2980","2980","rotated_bottom_left_pixels","580","1792","626","inherited","[""アトリ_tatr01_l_d3_p2_fd.png"", 45.0]","true"
"アトリ_tatr01_l_d3_p2_ff.png","アトリ_tatr01_d3_p2_ff","アトリ","tatr01","l","d3","p2","ff","1250","2989","f8642199465f1c2c2f16e7b0b2f1fad309b35498f704b24b52b1f4c18376c64a","45","2998","2998","rotated_bottom_left_pixels","588","1791","626","manual_adjusted","[""アトリ_tatr01_l_d3_p2_fe.png"", 45.0]","true"
"アトリ_tatr01_l_d3_p2_fg.png","アトリ_tatr01_d3_p2_fg","アトリ","tatr01","l","d3","p2","fg","1250","2963","74dee4ced7d5dc0e32d4668421c2483a3f4452dea5535449f38ce0f3963ac37a","45","2980","2980","rotated_bottom_left_pixels","580","1792","626","manual_adjusted","[""アトリ_tatr01_l_d3_p2_ff.png"", 45.0]","true"
"アトリ_tatr01_l_d3_p2_fh.png","アトリ_tatr01_d3_p2_fh","アトリ","tatr01","l","d3","p2","fh","1250","2989","9f116fe43f6c3c0ab673e3b529653be9d09ca1142d2172d9eaf1e2dc46caa8ae","45","2998","2998","rotated_bottom_left_pixels","588","1791","626","manual_adjusted","[""アトリ_tatr01_l_d3_p2_fg.png"", 45.0]","true"
"アトリ_tatr01_l_d3_p2_fi.png","アトリ_tatr01_d3_p2_fi","アトリ","tatr01","l","d3","p2","fi","1250","2963","a19f637b7f53cdd97b6ca3d1b4dc134c0e35d86b216abe20877e635aeedc79d8","45","2980","2980","rotated_bottom_left_pixels","580","1792","626","manual_adjusted","[""アトリ_tatr01_l_d3_p2_fh.png"", 45.0]","true"
"アトリ_tatr01_l_d3_p2_fj.png","アトリ_tatr01_d3_p2_fj","アトリ","tatr01","l","d3","p2","fj","1250","2963","f4c47dea28b733ef69f8a9b65dfce80a2981de9b5508ca72bb29a6aa0be7b156","45","2980","2980","rotated_bottom_left_pixels","580","1792","626","inherited","[""アトリ_tatr01_l_d3_p2_fi.png"", 45.0]","true"
"アトリ_tatr01_l_d3_p2_fk.png","アトリ_tatr01_d3_p2_fk","アトリ","tatr01","l","d3","p2","fk","1250","2963","e7b2f09e107be931ff7eafe9c33a7c8650806a026e0e763c4b57319ea9536401","45","2980","2980","rotated_bottom_left_pixels","580","1792","626","inherited","[""アトリ_tatr01_l_d3_p2_fj.png"", 45.0]","true"
"アトリ_tatr01_l_d3_p2_fl.png","アトリ_tatr01_d3_p2_fl","アトリ","tatr01","l","d3","p2","fl","1250","2963","a16810d9db0cbcafb165684236e3f8344470586faad3765bd4f09f666a424f9a","45","2980","2980","rotated_bottom_left_pixels","580","1792","626","inherited","[""アトリ_tatr01_l_d3_p2_fk.png"", 45.0]","true"
"アトリ_tatr01_l_d4_p2_f1.png","アトリ_tatr01_d4_p2_f1","アトリ","tatr01","l","d4","p2","f1","1250","2963","da26a0333af6ac03a6cc0410c2a1d4fca6f838b473fd087f4ed2b7c5e420e316","45","2980","2980","rotated_bottom_left_pixels","580","1792","626","inherited","[""アトリ_tatr01_l_d3_p2_fl.png"", 45.0]","true"
"アトリ_tatr01_l_d4_p2_f2.png","アトリ_tatr01_d4_p2_f2","アトリ","tatr01","l","d4","p2","f2","1250","2963","d399278af565e255d89d00321608f2d0f0a87fe332fa6456189af883330ff3c8","45","2980","2980","rotated_bottom_left_pixels","580","1792","626","inherited","[""アトリ_tatr01_l_d4_p2_f1.png"", 45.0]","true"
"アトリ_tatr01_l_d4_p2_f3.png","アトリ_tatr01_d4_p2_f3","アトリ","tatr01","l","d4","p2","f3","1250","2963","6cf187ab4bdb419940237fe301dad682284667496548e14493b1306ffd0bd0fd","45","2980","2980","rotated_bottom_left_pixels","580","1792","626","inherited","[""アトリ_tatr01_l_d4_p2_f2.png"", 45.0]","true"
"アトリ_tatr01_l_d4_p2_f4.png","アトリ_tatr01_d4_p2_f4","アトリ","tatr01","l","d4","p2","f4","1250","2963","329eeced82f54542adef86749501ccf7e06c806d78631a3b7a0ac7000fad4cdb","45","2980","2980","rotated_bottom_left_pixels","580","1792","626","inherited","[""アトリ_tatr01_l_d4_p2_f3.png"", 45.0]","true"
"アトリ_tatr01_l_d4_p2_f5.png","アトリ_tatr01_d4_p2_f5","アトリ","tatr01","l","d4","p2","f5","1250","2963","fbe01745a1048e51c0b06e680fcb804ad67fc22e028ef0262c02c61816380eee","45","2980","2980","rotated_bottom_left_pixels","580","1792","626","inherited","[""アトリ_tatr01_l_d4_p2_f4.png"", 45.0]","true"
"アトリ_tatr01_l_d4_p2_f6.png","アトリ_tatr01_d4_p2_f6","アトリ","tatr01","l","d4","p2","f6","1250","2963","2bf25696c4c12b7be6d7f1c618e97f1e3d6ee3ea66fbfa2127e2401e3f36e2aa","45","2980","2980","rotated_bottom_left_pixels","580","1792","626","inherited","[""アトリ_tatr01_l_d4_p2_f5.png"", 45.0]","true"
"アトリ_tatr01_l_d4_p2_f7.png","アトリ_tatr01_d4_p2_f7","アトリ","tatr01","l","d4","p2","f7","1250","2963","a6e029b580eb97675cf169cb9ee1f723e77965ecaaa474d655602abb919a6076","45","2980","2980","rotated_bottom_left_pixels","580","1792","626","inherited","[""アトリ_tatr01_l_d4_p2_f6.png"", 45.0]","true"
"アトリ_tatr01_l_d4_p2_f8.png","アトリ_tatr01_d4_p2_f8","アトリ","tatr01","l","d4","p2","f8","1250","2963","fff1751c1caec393b5f77979ac5eaf20f054abade9811695fa6779c249f5c5fd","45","2980","2980","rotated_bottom_left_pixels","580","1792","626","inherited","[""アトリ_tatr01_l_d4_p2_f7.png"", 45.0]","true"
"アトリ_tatr01_l_d4_p2_f9.png","アトリ_tatr01_d4_p2_f9","アトリ","tatr01","l","d4","p2","f9","1250","2963","0a9c32cbdbc4b0f3bd03068d9a1788782fbccc190ff643cf7f625fb5ebc1335b","45","2980","2980","rotated_bottom_left_pixels","580","1792","626","inherited","[""アトリ_tatr01_l_d4_p2_f8.png"", 45.0]","true"
"アトリ_tatr01_l_d4_p2_fa.png","アトリ_tatr01_d4_p2_fa","アトリ","tatr01","l","d4","p2","fa","1250","2963","c015029cf8947e69c9052bd972b0401d3a14b985aa29c8061882a0a756995d1c","45","2980","2980","rotated_bottom_left_pixels","580","1792","626","inherited","[""アトリ_tatr01_l_d4_p2_f9.png"", 45.0]","true"
"アトリ_tatr01_l_d4_p2_fb.png","アトリ_tatr01_d4_p2_fb","アトリ","tatr01","l","d4","p2","fb","1250","2963","4cbf178362f61ac6f75219bf2e239f2ab53d0dd64d5b8c624dfb0fd07fcee00f","45","2980","2980","rotated_bottom_left_pixels","580","1792","626","inherited","[""アトリ_tatr01_l_d4_p2_fa.png"", 45.0]","true"
"アトリ_tatr01_l_d4_p2_fc.png","アトリ_tatr01_d4_p2_fc","アトリ","tatr01","l","d4","p2","fc","1250","2963","e5b66a281b8b18960323cb1b4a3b4fedb3a3147bb4b236c57f1d9a57c1f2375b","45","2980","2980","rotated_bottom_left_pixels","580","1792","626","inherited","[""アトリ_tatr01_l_d4_p2_fb.png"", 45.0]","true"
"アトリ_tatr01_l_d4_p2_fd.png","アトリ_tatr01_d4_p2_fd","アトリ","tatr01","l","d4","p2","fd","1250","2963","91e146b477392708da335c3b07589605db817270b412c2e41ae920e947138bb9","45","2980","2980","rotated_bottom_left_pixels","580","1792","626","inherited","[""アトリ_tatr01_l_d4_p2_fc.png"", 45.0]","true"
"アトリ_tatr01_l_d4_p2_fe.png","アトリ_tatr01_d4_p2_fe","アトリ","tatr01","l","d4","p2","fe","1250","2963","992e61dedcca2b1bf765f5128998d332a30394f4515a7cbb70ba6a02d3853ed9","45","2980","2980","rotated_bottom_left_pixels","580","1792","626","inherited","[""アトリ_tatr01_l_d4_p2_fd.png"", 45.0]","true"
"アトリ_tatr01_l_d4_p2_ff.png","アトリ_tatr01_d4_p2_ff","アトリ","tatr01","l","d4","p2","ff","1250","2989","dc6abf389ac3b2cdaeff5bc277837c48fa5116185f5ca6315451927e09577629","45","2998","2998","rotated_bottom_left_pixels","588","1791","626","manual_adjusted","[""アトリ_tatr01_l_d4_p2_fe.png"", 45.0]","true"
"アトリ_tatr01_l_d4_p2_fg.png","アトリ_tatr01_d4_p2_fg","アトリ","tatr01","l","d4","p2","fg","1250","2963","37ffca8f4ce0077cacbbf82c07b1cb97fdef7c1edc7ab51aeeb1a995856a396a","45","2980","2980","rotated_bottom_left_pixels","580","1792","626","manual_adjusted","[""アトリ_tatr01_l_d4_p2_ff.png"", 45.0]","true"
"アトリ_tatr01_l_d4_p2_fh.png","アトリ_tatr01_d4_p2_fh","アトリ","tatr01","l","d4","p2","fh","1250","2989","27005fd63820541a92e8125ec28d15e4516c7946756288fac20bbacddfbdb7b5","45","2998","2998","rotated_bottom_left_pixels","588","1791","626","manual_adjusted","[""アトリ_tatr01_l_d4_p2_fg.png"", 45.0]","true"
"アトリ_tatr01_l_d4_p2_fi.png","アトリ_tatr01_d4_p2_fi","アトリ","tatr01","l","d4","p2","fi","1250","2963","c2f0f0a5cd7d9d2df82a07187f7fed98ba76c1704782a591738da1da9e9030e2","45","2980","2980","rotated_bottom_left_pixels","580","1792","626","manual_adjusted","[""アトリ_tatr01_l_d4_p2_fh.png"", 45.0]","true"
"アトリ_tatr01_l_d4_p2_fj.png","アトリ_tatr01_d4_p2_fj","アトリ","tatr01","l","d4","p2","fj","1250","2963","0f80146d3017768a4b2d6e1d59814de03b7a0a7f356a26a095062cc6caaa1c77","45","2980","2980","rotated_bottom_left_pixels","580","1792","626","inherited","[""アトリ_tatr01_l_d4_p2_fi.png"", 45.0]","true"
"アトリ_tatr01_l_d4_p2_fk.png","アトリ_tatr01_d4_p2_fk","アトリ","tatr01","l","d4","p2","fk","1250","2963","e2a09ff0e966bc1d180a557096d4a91bfe3611a20dea1ba4b2a9b04d99781190","45","2980","2980","rotated_bottom_left_pixels","580","1792","626","inherited","[""アトリ_tatr01_l_d4_p2_fj.png"", 45.0]","true"
"アトリ_tatr01_l_d4_p2_fl.png","アトリ_tatr01_d4_p2_fl","アトリ","tatr01","l","d4","p2","fl","1250","2963","09268ed2d18431ba973805d3c22e0be76e05bf10e0feb0d28579eaa44540ed03","45","2980","2980","rotated_bottom_left_pixels","580","1792","626","inherited","[""アトリ_tatr01_l_d4_p2_fk.png"", 45.0]","true"
"アトリ_tatr02_l_d1_p3_f1.png","アトリ_tatr02_d1_p3_f1","アトリ","tatr02","l","d1","p3","f1","2129","2578","c17755e0aeec3e224fb7417df3995a18255813f155a69541de8a925906546471","45","3329","3329","rotated_bottom_left_pixels","760","2126","626","manual_adjusted","[""アトリ_tatr02_l_d1_p3_f1.png"", 0.0]","true"
"アトリ_tatr02_l_d1_p3_f2.png","アトリ_tatr02_d1_p3_f2","アトリ","tatr02","l","d1","p3","f2","2129","2578","582c5b128ce4a78247a7da0b9acf58f9b3a06843b88fdadca75679086f30bbf5","45","3329","3329","rotated_bottom_left_pixels","760","2126","626","inherited","[""アトリ_tatr02_l_d1_p3_f1.png"", 45.0]","true"
"アトリ_tatr02_l_d1_p3_f3.png","アトリ_tatr02_d1_p3_f3","アトリ","tatr02","l","d1","p3","f3","2129","2578","02ffe36e2f97a13b034525f5e9617550827308f706eddd8e65d99bfd8c25fcea","45","3329","3329","rotated_bottom_left_pixels","760","2126","626","inherited","[""アトリ_tatr02_l_d1_p3_f2.png"", 45.0]","true"
"アトリ_tatr02_l_d1_p3_f4.png","アトリ_tatr02_d1_p3_f4","アトリ","tatr02","l","d1","p3","f4","2129","2578","0aefa0fd37f66fb11fd06644cbe85a11fc0a34f0bcdadfcdad6886c72629e10b","45","3329","3329","rotated_bottom_left_pixels","760","2126","626","inherited","[""アトリ_tatr02_l_d1_p3_f3.png"", 45.0]","true"
"アトリ_tatr02_l_d1_p3_f5.png","アトリ_tatr02_d1_p3_f5","アトリ","tatr02","l","d1","p3","f5","2129","2578","5c7a4be623bbbc97f9941978f21cbe1be26dcd5bd2d58d2337848a6ff89187d4","45","3329","3329","rotated_bottom_left_pixels","760","2126","626","inherited","[""アトリ_tatr02_l_d1_p3_f4.png"", 45.0]","true"
"アトリ_tatr02_l_d1_p3_f6.png","アトリ_tatr02_d1_p3_f6","アトリ","tatr02","l","d1","p3","f6","2129","2578","677e29beb12cba240561a3d41051fc4efdb18467223c39b2af37157915aa8433","45","3329","3329","rotated_bottom_left_pixels","760","2126","626","inherited","[""アトリ_tatr02_l_d1_p3_f5.png"", 45.0]","true"
"アトリ_tatr02_l_d1_p3_f7.png","アトリ_tatr02_d1_p3_f7","アトリ","tatr02","l","d1","p3","f7","2129","2578","ad32773aa9930e56812fe5a5280b2bb31f6357dde1c2912062b0c764ad70a87e","45","3329","3329","rotated_bottom_left_pixels","760","2126","626","inherited","[""アトリ_tatr02_l_d1_p3_f6.png"", 45.0]","true"
"アトリ_tatr02_l_d1_p3_f8.png","アトリ_tatr02_d1_p3_f8","アトリ","tatr02","l","d1","p3","f8","2129","2578","ac7f369f1aafa8a0b52121bca43d55bb08844bde4b55287bc80f5751cfb6e268","45","3329","3329","rotated_bottom_left_pixels","760","2126","626","inherited","[""アトリ_tatr02_l_d1_p3_f7.png"", 45.0]","true"
"アトリ_tatr02_l_d1_p3_f9.png","アトリ_tatr02_d1_p3_f9","アトリ","tatr02","l","d1","p3","f9","2129","2578","58ec2b1b302ddf3e81979fcb02c420a349a6563ff4f4bc21caf97af17a303699","45","3329","3329","rotated_bottom_left_pixels","760","2126","626","inherited","[""アトリ_tatr02_l_d1_p3_f8.png"", 45.0]","true"
"アトリ_tatr02_l_d1_p3_fa.png","アトリ_tatr02_d1_p3_fa","アトリ","tatr02","l","d1","p3","fa","2129","2578","d5906cfba331bc8e32845ef70b34eba6d49bcecd0ac398fe6ee8204cb2931863","45","3329","3329","rotated_bottom_left_pixels","760","2126","626","inherited","[""アトリ_tatr02_l_d1_p3_f9.png"", 45.0]","true"
"アトリ_tatr02_l_d1_p3_fb.png","アトリ_tatr02_d1_p3_fb","アトリ","tatr02","l","d1","p3","fb","2129","2578","472aaa8ecd58382e749ba78e1ab8b24a48f59745b5719d66305609e6ced73e80","45","3329","3329","rotated_bottom_left_pixels","760","2126","626","inherited","[""アトリ_tatr02_l_d1_p3_fa.png"", 45.0]","true"
"アトリ_tatr02_l_d1_p3_fc.png","アトリ_tatr02_d1_p3_fc","アトリ","tatr02","l","d1","p3","fc","2129","2578","c100c084b46319d973dd3f1e461ef4e0977cc5e0fc8c79182d73822b47c12d80","45","3329","3329","rotated_bottom_left_pixels","760","2126","626","inherited","[""アトリ_tatr02_l_d1_p3_fb.png"", 45.0]","true"
"アトリ_tatr02_l_d1_p3_fd.png","アトリ_tatr02_d1_p3_fd","アトリ","tatr02","l","d1","p3","fd","2129","2578","f786af13587f1c6f454de0d2caf50970cbe220df3548e2e024c86f1f628d5987","45","3329","3329","rotated_bottom_left_pixels","760","2126","626","inherited","[""アトリ_tatr02_l_d1_p3_fc.png"", 45.0]","true"
"アトリ_tatr02_l_d1_p3_fe.png","アトリ_tatr02_d1_p3_fe","アトリ","tatr02","l","d1","p3","fe","2129","2578","4a8113b4875d7d67febeb1038ae9bd233cbe9156a2139f7edb362ea81db93671","45","3329","3329","rotated_bottom_left_pixels","760","2126","626","inherited","[""アトリ_tatr02_l_d1_p3_fd.png"", 45.0]","true"
"アトリ_tatr02_l_d1_p3_ff.png","アトリ_tatr02_d1_p3_ff","アトリ","tatr02","l","d1","p3","ff","2129","2578","4215112d7b1b3ddc6081febcfd053a5cdcdc0e43f549e76ae656643d5c8f6fc8","45","3329","3329","rotated_bottom_left_pixels","760","2126","626","inherited","[""アトリ_tatr02_l_d1_p3_fe.png"", 45.0]","true"
"アトリ_tatr02_l_d1_p3_fg.png","アトリ_tatr02_d1_p3_fg","アトリ","tatr02","l","d1","p3","fg","2129","2578","01e102546fa9369d3431fc1fcf7b46cebf96d803a9fc2a6a6e39fa8cc7c1b77a","45","3329","3329","rotated_bottom_left_pixels","760","2126","626","inherited","[""アトリ_tatr02_l_d1_p3_ff.png"", 45.0]","true"
"アトリ_tatr02_l_d1_p3_fh.png","アトリ_tatr02_d1_p3_fh","アトリ","tatr02","l","d1","p3","fh","2129","2578","03d3e58fd49fb59cabd222751b732e5b002d7a8969f6b0b23bcf944d300143a2","45","3329","3329","rotated_bottom_left_pixels","760","2126","626","inherited","[""アトリ_tatr02_l_d1_p3_fg.png"", 45.0]","true"
"アトリ_tatr02_l_d1_p3_fi.png","アトリ_tatr02_d1_p3_fi","アトリ","tatr02","l","d1","p3","fi","2129","2578","d8bda5791595a48dedbcbf1634fb6ae27bd9002894d8f410b22985451988b0c5","45","3329","3329","rotated_bottom_left_pixels","760","2126","626","inherited","[""アトリ_tatr02_l_d1_p3_fh.png"", 45.0]","true"
"アトリ_tatr02_l_d1_p3_fj.png","アトリ_tatr02_d1_p3_fj","アトリ","tatr02","l","d1","p3","fj","2129","2578","d6eeaf97b956ba3823e4d94c61759bc7d3c1f0b3d51cee41762d3b2e35023da5","45","3329","3329","rotated_bottom_left_pixels","760","2126","626","inherited","[""アトリ_tatr02_l_d1_p3_fi.png"", 45.0]","true"
"アトリ_tatr02_l_d1_p3_fk.png","アトリ_tatr02_d1_p3_fk","アトリ","tatr02","l","d1","p3","fk","2129","2578","aa29135a4ded423ac4985c036614332cf45486e8ac0008f2865f8b0cbebfbb6a","45","3329","3329","rotated_bottom_left_pixels","760","2126","626","inherited","[""アトリ_tatr02_l_d1_p3_fj.png"", 45.0]","true"
"アトリ_tatr02_l_d1_p3_fl.png","アトリ_tatr02_d1_p3_fl","アトリ","tatr02","l","d1","p3","fl","2129","2578","ed7d13379f1755f31477211c5fedad0213bfc3bff6b6d51f7e7460a2f4bcbc8d","45","3329","3329","rotated_bottom_left_pixels","760","2126","626","inherited","[""アトリ_tatr02_l_d1_p3_fk.png"", 45.0]","true"
"アトリ_tatr02_l_d2_p3_f1.png","アトリ_tatr02_d2_p3_f1","アトリ","tatr02","l","d2","p3","f1","2129","2578","b1ac704dd241eb5cd53beb4b13ec49504a9edce8ad1195277ad8edf78bf43b04","45","3329","3329","rotated_bottom_left_pixels","760","2126","626","inherited","[""アトリ_tatr02_l_d1_p3_fl.png"", 45.0]","true"
"アトリ_tatr02_l_d2_p3_f2.png","アトリ_tatr02_d2_p3_f2","アトリ","tatr02","l","d2","p3","f2","2129","2578","c77bc9bfe4cdbe00e57ec2821727b9bdac15923516203ee061b34f3483e26c4d","45","3329","3329","rotated_bottom_left_pixels","760","2126","626","inherited","[""アトリ_tatr02_l_d2_p3_f1.png"", 45.0]","true"
"アトリ_tatr02_l_d2_p3_f3.png","アトリ_tatr02_d2_p3_f3","アトリ","tatr02","l","d2","p3","f3","2129","2578","65dbd477594c460089de9704597a92c3e0d801391b8e96c8d4867094b5e28c14","45","3329","3329","rotated_bottom_left_pixels","760","2126","626","inherited","[""アトリ_tatr02_l_d2_p3_f2.png"", 45.0]","true"
"アトリ_tatr02_l_d2_p3_f4.png","アトリ_tatr02_d2_p3_f4","アトリ","tatr02","l","d2","p3","f4","2129","2578","0d006e0b6f9255f52538f22da553ed21992a6d2e54cd1da3401915ffec66a3a8","45","3329","3329","rotated_bottom_left_pixels","760","2126","626","inherited","[""アトリ_tatr02_l_d2_p3_f3.png"", 45.0]","true"
"アトリ_tatr02_l_d2_p3_f5.png","アトリ_tatr02_d2_p3_f5","アトリ","tatr02","l","d2","p3","f5","2129","2578","ffd01ca46a2acc8ba612e352f2153385930c161d9209a845ec262cbd4534e9e9","45","3329","3329","rotated_bottom_left_pixels","760","2126","626","inherited","[""アトリ_tatr02_l_d2_p3_f4.png"", 45.0]","true"
"アトリ_tatr02_l_d2_p3_f6.png","アトリ_tatr02_d2_p3_f6","アトリ","tatr02","l","d2","p3","f6","2129","2578","2dfa38e8ee1540f3bd45ff07ae3903632f64ce67b4e01b209924b85290f0d1b0","45","3329","3329","rotated_bottom_left_pixels","760","2126","626","inherited","[""アトリ_tatr02_l_d2_p3_f5.png"", 45.0]","true"
"アトリ_tatr02_l_d2_p3_f7.png","アトリ_tatr02_d2_p3_f7","アトリ","tatr02","l","d2","p3","f7","2129","2578","98354498f12037c75dd752c0ccdc49b695ab9ae93e9b9405adef512769f77e90","45","3329","3329","rotated_bottom_left_pixels","760","2126","626","inherited","[""アトリ_tatr02_l_d2_p3_f6.png"", 45.0]","true"
"アトリ_tatr02_l_d2_p3_f8.png","アトリ_tatr02_d2_p3_f8","アトリ","tatr02","l","d2","p3","f8","2129","2578","6e63677a2e8166477204d3b4ee563c6585fc3a5b0d38bdfb523821876ba26530","45","3329","3329","rotated_bottom_left_pixels","760","2126","626","inherited","[""アトリ_tatr02_l_d2_p3_f7.png"", 45.0]","true"
"アトリ_tatr02_l_d2_p3_f9.png","アトリ_tatr02_d2_p3_f9","アトリ","tatr02","l","d2","p3","f9","2129","2578","e3daba8e644cffa7abc9daa56e647c621e5f1d77d1945fafc52ef94f90e6bf6f","45","3329","3329","rotated_bottom_left_pixels","760","2126","626","inherited","[""アトリ_tatr02_l_d2_p3_f8.png"", 45.0]","true"
"アトリ_tatr02_l_d2_p3_fa.png","アトリ_tatr02_d2_p3_fa","アトリ","tatr02","l","d2","p3","fa","2129","2578","fb529c00820e31ef1fbc8dad4819c63ea3f9242c6e031c3647c1d519af861797","45","3329","3329","rotated_bottom_left_pixels","760","2126","626","inherited","[""アトリ_tatr02_l_d2_p3_f9.png"", 45.0]","true"
"アトリ_tatr02_l_d2_p3_fb.png","アトリ_tatr02_d2_p3_fb","アトリ","tatr02","l","d2","p3","fb","2129","2578","13616145df978ad9ff2966967a309fc2773313fcea10ac20b0b646c556f28418","45","3329","3329","rotated_bottom_left_pixels","760","2126","626","inherited","[""アトリ_tatr02_l_d2_p3_fa.png"", 45.0]","true"
"アトリ_tatr02_l_d2_p3_fc.png","アトリ_tatr02_d2_p3_fc","アトリ","tatr02","l","d2","p3","fc","2129","2578","d72be07f4464bfff6c8f684f660e6caa031de97d3fd346c46aaa5d09039f28d8","45","3329","3329","rotated_bottom_left_pixels","760","2126","626","inherited","[""アトリ_tatr02_l_d2_p3_fb.png"", 45.0]","true"
"アトリ_tatr02_l_d2_p3_fd.png","アトリ_tatr02_d2_p3_fd","アトリ","tatr02","l","d2","p3","fd","2129","2578","2343b35ba9ab80aa602a64a53ce82729faeff12372028ebd5356b2bb467aae38","45","3329","3329","rotated_bottom_left_pixels","760","2126","626","inherited","[""アトリ_tatr02_l_d2_p3_fc.png"", 45.0]","true"
"アトリ_tatr02_l_d2_p3_fe.png","アトリ_tatr02_d2_p3_fe","アトリ","tatr02","l","d2","p3","fe","2129","2578","e578811a6d167f5c6d014af1ce78d6dace275ba4d0d1067c3ac80e03fe508292","45","3329","3329","rotated_bottom_left_pixels","760","2126","626","inherited","[""アトリ_tatr02_l_d2_p3_fd.png"", 45.0]","true"
"アトリ_tatr02_l_d2_p3_ff.png","アトリ_tatr02_d2_p3_ff","アトリ","tatr02","l","d2","p3","ff","2129","2578","59363bcbd4e46e85df43c3b94ee6320c0e4a9dc93450287c4543989bf7abd82b","45","3329","3329","rotated_bottom_left_pixels","760","2126","626","inherited","[""アトリ_tatr02_l_d2_p3_fe.png"", 45.0]","true"
"アトリ_tatr02_l_d2_p3_fg.png","アトリ_tatr02_d2_p3_fg","アトリ","tatr02","l","d2","p3","fg","2129","2578","ad6f5eb992afdcc6ef0e959e6ff6373309067bd3f4968f18e9c371f2fdc5321c","45","3329","3329","rotated_bottom_left_pixels","760","2126","626","inherited","[""アトリ_tatr02_l_d2_p3_ff.png"", 45.0]","true"
"アトリ_tatr02_l_d2_p3_fh.png","アトリ_tatr02_d2_p3_fh","アトリ","tatr02","l","d2","p3","fh","2129","2578","3dc96c5c59f9009d552f9083c95e7c84b6929d6628e2f42d8b8dfb8e67d88929","45","3329","3329","rotated_bottom_left_pixels","760","2126","626","inherited","[""アトリ_tatr02_l_d2_p3_fg.png"", 45.0]","true"
"アトリ_tatr02_l_d2_p3_fi.png","アトリ_tatr02_d2_p3_fi","アトリ","tatr02","l","d2","p3","fi","2129","2578","796e32f9d05a5647693d68a5c849498c8eabc24ca92e055d087067068c43519e","45","3329","3329","rotated_bottom_left_pixels","760","2126","626","inherited","[""アトリ_tatr02_l_d2_p3_fh.png"", 45.0]","true"
"アトリ_tatr02_l_d2_p3_fj.png","アトリ_tatr02_d2_p3_fj","アトリ","tatr02","l","d2","p3","fj","2129","2578","b66754a74fca2f3f4c5fe89d2ffc25977c57920c7f4be2a8704ba7acb0c828d5","45","3329","3329","rotated_bottom_left_pixels","760","2126","626","inherited","[""アトリ_tatr02_l_d2_p3_fi.png"", 45.0]","true"
"アトリ_tatr02_l_d2_p3_fk.png","アトリ_tatr02_d2_p3_fk","アトリ","tatr02","l","d2","p3","fk","2129","2578","12e94cf2eb7533371d6bcf0491c3a4e55e6c6468f5e4f827a567b7391e5173a6","45","3329","3329","rotated_bottom_left_pixels","760","2126","626","inherited","[""アトリ_tatr02_l_d2_p3_fj.png"", 45.0]","true"
"アトリ_tatr02_l_d2_p3_fl.png","アトリ_tatr02_d2_p3_fl","アトリ","tatr02","l","d2","p3","fl","2129","2578","15011ec8bb6af900dc8ecbd7c388f740508e4cfc9df97ae1be75f5ade19a0f4a","45","3329","3329","rotated_bottom_left_pixels","760","2126","626","inherited","[""アトリ_tatr02_l_d2_p3_fk.png"", 45.0]","true"
"アトリ_tatr02_l_d3_p3_f1.png","アトリ_tatr02_d3_p3_f1","アトリ","tatr02","l","d3","p3","f1","2129","2578","f6c68e366b565aec072d09c568440fb9d54d4cc96f1d8d565851b468e7a62060","45","3329","3329","rotated_bottom_left_pixels","760","2126","626","inherited","[""アトリ_tatr02_l_d2_p3_fl.png"", 45.0]","true"
"アトリ_tatr02_l_d3_p3_f2.png","アトリ_tatr02_d3_p3_f2","アトリ","tatr02","l","d3","p3","f2","2129","2578","d9fdc11bf6c9f727b19cee2536a26696c5acaf88a17c0e0198f4e8bc9a56898c","45","3329","3329","rotated_bottom_left_pixels","760","2126","626","inherited","[""アトリ_tatr02_l_d3_p3_f1.png"", 45.0]","true"
"アトリ_tatr02_l_d3_p3_f3.png","アトリ_tatr02_d3_p3_f3","アトリ","tatr02","l","d3","p3","f3","2129","2578","bc32c48e315b973f9ef5706f4e6ad1f92d5da459f671d54ecf0e7c6c61fba379","45","3329","3329","rotated_bottom_left_pixels","760","2126","626","inherited","[""アトリ_tatr02_l_d3_p3_f2.png"", 45.0]","true"
"アトリ_tatr02_l_d3_p3_f4.png","アトリ_tatr02_d3_p3_f4","アトリ","tatr02","l","d3","p3","f4","2129","2578","ad748d8c12fb5e55b741987cda75ad0d37a3631dc6772f57b6c734b429356315","45","3329","3329","rotated_bottom_left_pixels","760","2126","626","inherited","[""アトリ_tatr02_l_d3_p3_f3.png"", 45.0]","true"
"アトリ_tatr02_l_d3_p3_f5.png","アトリ_tatr02_d3_p3_f5","アトリ","tatr02","l","d3","p3","f5","2129","2578","1e35faf2c7bb3bc541a01171d5dddc955c1d0b7afa2209175092b47a9761bf2a","45","3329","3329","rotated_bottom_left_pixels","760","2126","626","inherited","[""アトリ_tatr02_l_d3_p3_f4.png"", 45.0]","true"
"アトリ_tatr02_l_d3_p3_f6.png","アトリ_tatr02_d3_p3_f6","アトリ","tatr02","l","d3","p3","f6","2129","2578","cd52390da23d61882af0e8e6d04e65c4ceeb09553d85d86caa178d45f9bf59be","45","3329","3329","rotated_bottom_left_pixels","760","2126","626","inherited","[""アトリ_tatr02_l_d3_p3_f5.png"", 45.0]","true"
"アトリ_tatr02_l_d3_p3_f7.png","アトリ_tatr02_d3_p3_f7","アトリ","tatr02","l","d3","p3","f7","2129","2578","bb2833a7b282b8e39c099a2368396a0fd4d52c596a4eda4418d2d027b4ebcbca","45","3329","3329","rotated_bottom_left_pixels","760","2126","626","inherited","[""アトリ_tatr02_l_d3_p3_f6.png"", 45.0]","true"
"アトリ_tatr02_l_d3_p3_f8.png","アトリ_tatr02_d3_p3_f8","アトリ","tatr02","l","d3","p3","f8","2129","2578","ffdc6f4103308893c07e5efe02ae25c994495dc017d3fa24fe021181043345ad","45","3329","3329","rotated_bottom_left_pixels","760","2126","626","inherited","[""アトリ_tatr02_l_d3_p3_f7.png"", 45.0]","true"
"アトリ_tatr02_l_d3_p3_f9.png","アトリ_tatr02_d3_p3_f9","アトリ","tatr02","l","d3","p3","f9","2129","2578","ba85da30bcbd114f81ec512db251e0a04a2caee23b19ef3ee698ba2ffa7a7c1f","45","3329","3329","rotated_bottom_left_pixels","760","2126","626","inherited","[""アトリ_tatr02_l_d3_p3_f8.png"", 45.0]","true"
"アトリ_tatr02_l_d3_p3_fa.png","アトリ_tatr02_d3_p3_fa","アトリ","tatr02","l","d3","p3","fa","2129","2578","810dd2321f8a81621da41e940fa4f9e50f15276d1410aa1fe6b699f99d392e15","45","3329","3329","rotated_bottom_left_pixels","760","2126","626","inherited","[""アトリ_tatr02_l_d3_p3_f9.png"", 45.0]","true"
"アトリ_tatr02_l_d3_p3_fb.png","アトリ_tatr02_d3_p3_fb","アトリ","tatr02","l","d3","p3","fb","2129","2578","5eaade63dd5f09175400b9e069db7c7f1d2a018fadfa33326c6ae14e78e4c6e7","45","3329","3329","rotated_bottom_left_pixels","760","2126","626","inherited","[""アトリ_tatr02_l_d3_p3_fa.png"", 45.0]","true"
"アトリ_tatr02_l_d3_p3_fc.png","アトリ_tatr02_d3_p3_fc","アトリ","tatr02","l","d3","p3","fc","2129","2578","70d26caf430f6551dee492f64116c4619b0990ba0c480d0ab422694277c16ba0","45","3329","3329","rotated_bottom_left_pixels","760","2126","626","inherited","[""アトリ_tatr02_l_d3_p3_fb.png"", 45.0]","true"
"アトリ_tatr02_l_d3_p3_fd.png","アトリ_tatr02_d3_p3_fd","アトリ","tatr02","l","d3","p3","fd","2129","2578","0dc241f3806473dce876009e1af2ef38700b3d866df0a5dd99d5c1369b0a09b9","45","3329","3329","rotated_bottom_left_pixels","760","2126","626","inherited","[""アトリ_tatr02_l_d3_p3_fc.png"", 45.0]","true"
"アトリ_tatr02_l_d3_p3_fe.png","アトリ_tatr02_d3_p3_fe","アトリ","tatr02","l","d3","p3","fe","2129","2578","185b6472809cff1ae108019b064f7e5d5a4e8bab126b2e4520dd78db77b87380","45","3329","3329","rotated_bottom_left_pixels","760","2126","626","inherited","[""アトリ_tatr02_l_d3_p3_fd.png"", 45.0]","true"
"アトリ_tatr02_l_d3_p3_ff.png","アトリ_tatr02_d3_p3_ff","アトリ","tatr02","l","d3","p3","ff","2129","2578","48ea6a5ca28f3b74bd9003074624f39108ead20aed913959f1a7daaef48185b0","45","3329","3329","rotated_bottom_left_pixels","760","2126","626","inherited","[""アトリ_tatr02_l_d3_p3_fe.png"", 45.0]","true"
"アトリ_tatr02_l_d3_p3_fg.png","アトリ_tatr02_d3_p3_fg","アトリ","tatr02","l","d3","p3","fg","2129","2578","53066bbe85fdf6839c37899c3c0846c83268710399e3bb17be3465b206c8656c","45","3329","3329","rotated_bottom_left_pixels","760","2126","626","inherited","[""アトリ_tatr02_l_d3_p3_ff.png"", 45.0]","true"
"アトリ_tatr02_l_d3_p3_fh.png","アトリ_tatr02_d3_p3_fh","アトリ","tatr02","l","d3","p3","fh","2129","2578","a997a072d67ea7ebdd10cb1954d9d433420832022bd4123948b2e6d1c659743d","45","3329","3329","rotated_bottom_left_pixels","760","2126","626","inherited","[""アトリ_tatr02_l_d3_p3_fg.png"", 45.0]","true"
"アトリ_tatr02_l_d3_p3_fi.png","アトリ_tatr02_d3_p3_fi","アトリ","tatr02","l","d3","p3","fi","2129","2578","4934bb1b4273dc590f39bb7860112f8ace135cef264d1b18744161935502ac7b","45","3329","3329","rotated_bottom_left_pixels","760","2126","626","inherited","[""アトリ_tatr02_l_d3_p3_fh.png"", 45.0]","true"
"アトリ_tatr02_l_d3_p3_fj.png","アトリ_tatr02_d3_p3_fj","アトリ","tatr02","l","d3","p3","fj","2129","2578","9a28914ad786d2ec7f230cff4bfb9402ec6d5f9500277603dc9e67e6a78c3807","45","3329","3329","rotated_bottom_left_pixels","760","2126","626","inherited","[""アトリ_tatr02_l_d3_p3_fi.png"", 45.0]","true"
"アトリ_tatr02_l_d3_p3_fk.png","アトリ_tatr02_d3_p3_fk","アトリ","tatr02","l","d3","p3","fk","2129","2578","f155733e03472096c1d2f58dc6728ee41d64ce7cd7b5d6c2cf0520c6489d3db7","45","3329","3329","rotated_bottom_left_pixels","760","2126","626","inherited","[""アトリ_tatr02_l_d3_p3_fj.png"", 45.0]","true"
"アトリ_tatr02_l_d3_p3_fl.png","アトリ_tatr02_d3_p3_fl","アトリ","tatr02","l","d3","p3","fl","2129","2578","5e9ff4d83567b6a6ae53c7c8631339d3ec6d78cdcb7d59542d83e312da167273","45","3329","3329","rotated_bottom_left_pixels","760","2126","626","inherited","[""アトリ_tatr02_l_d3_p3_fk.png"", 45.0]","true"
"アトリ_tatr02_l_d4_p3_f1.png","アトリ_tatr02_d4_p3_f1","アトリ","tatr02","l","d4","p3","f1","2129","2578","fd127356e092abf83eaef18b08d250181466e2c252c78cc64f25301b7cecf9cc","45","3329","3329","rotated_bottom_left_pixels","760","2126","626","inherited","[""アトリ_tatr02_l_d3_p3_fl.png"", 45.0]","true"
"アトリ_tatr02_l_d4_p3_f2.png","アトリ_tatr02_d4_p3_f2","アトリ","tatr02","l","d4","p3","f2","2129","2578","67544938dd6dae24e943a8acd4a80199f551f7d7d854a84d3dcfd293f1c8de07","45","3329","3329","rotated_bottom_left_pixels","760","2126","626","inherited","[""アトリ_tatr02_l_d4_p3_f1.png"", 45.0]","true"
"アトリ_tatr02_l_d4_p3_f3.png","アトリ_tatr02_d4_p3_f3","アトリ","tatr02","l","d4","p3","f3","2129","2578","340a0ce83f192ce4fd66caf00356421df8289b4c5f12ec665f8707f3ff769922","45","3329","3329","rotated_bottom_left_pixels","760","2126","626","inherited","[""アトリ_tatr02_l_d4_p3_f2.png"", 45.0]","true"
"アトリ_tatr02_l_d4_p3_f4.png","アトリ_tatr02_d4_p3_f4","アトリ","tatr02","l","d4","p3","f4","2129","2578","3b01477534d10e3b4540ca7fef8306b4586d76ebe9e56b62cbef58ca8f596950","45","3329","3329","rotated_bottom_left_pixels","760","2126","626","inherited","[""アトリ_tatr02_l_d4_p3_f3.png"", 45.0]","true"
"アトリ_tatr02_l_d4_p3_f5.png","アトリ_tatr02_d4_p3_f5","アトリ","tatr02","l","d4","p3","f5","2129","2578","5be953963f829ea3612a5419498afc80d9df43f41d171fb03bc3e42643a694f6","45","3329","3329","rotated_bottom_left_pixels","760","2126","626","inherited","[""アトリ_tatr02_l_d4_p3_f4.png"", 45.0]","true"
"アトリ_tatr02_l_d4_p3_f6.png","アトリ_tatr02_d4_p3_f6","アトリ","tatr02","l","d4","p3","f6","2129","2578","6f05e9533033c3770657bbf2576349eed0cc8b2782f0033e24bb81c6a90bd859","45","3329","3329","rotated_bottom_left_pixels","760","2126","626","inherited","[""アトリ_tatr02_l_d4_p3_f5.png"", 45.0]","true"
"アトリ_tatr02_l_d4_p3_f7.png","アトリ_tatr02_d4_p3_f7","アトリ","tatr02","l","d4","p3","f7","2129","2578","992e4b3144682e26002fd41748f3f5ca3daae6c68d3b73d83f370b8488a573bb","45","3329","3329","rotated_bottom_left_pixels","760","2126","626","inherited","[""アトリ_tatr02_l_d4_p3_f6.png"", 45.0]","true"
"アトリ_tatr02_l_d4_p3_f8.png","アトリ_tatr02_d4_p3_f8","アトリ","tatr02","l","d4","p3","f8","2129","2578","5a81ab16a363c450542d728bc08aa073f12d7ba3d3c8cf3f1c5329e9e9627860","45","3329","3329","rotated_bottom_left_pixels","760","2126","626","inherited","[""アトリ_tatr02_l_d4_p3_f7.png"", 45.0]","true"
"アトリ_tatr02_l_d4_p3_f9.png","アトリ_tatr02_d4_p3_f9","アトリ","tatr02","l","d4","p3","f9","2129","2578","8d4a72d4335106bd38eaafb59119351aa602ab956211c5ae0d24695fe9b2f0ac","45","3329","3329","rotated_bottom_left_pixels","760","2126","626","inherited","[""アトリ_tatr02_l_d4_p3_f8.png"", 45.0]","true"
"アトリ_tatr02_l_d4_p3_fa.png","アトリ_tatr02_d4_p3_fa","アトリ","tatr02","l","d4","p3","fa","2129","2578","8db55f269edeb47f955b08d50de973ce8554a61199f7006d9a43ff79c000c700","45","3329","3329","rotated_bottom_left_pixels","760","2126","626","inherited","[""アトリ_tatr02_l_d4_p3_f9.png"", 45.0]","true"
"アトリ_tatr02_l_d4_p3_fb.png","アトリ_tatr02_d4_p3_fb","アトリ","tatr02","l","d4","p3","fb","2129","2578","87b7fb7cb4a2b6719412403c287b88f1d15f4ddf6160d6a635e83ce0e1731704","45","3329","3329","rotated_bottom_left_pixels","760","2126","626","inherited","[""アトリ_tatr02_l_d4_p3_fa.png"", 45.0]","true"
"アトリ_tatr02_l_d4_p3_fc.png","アトリ_tatr02_d4_p3_fc","アトリ","tatr02","l","d4","p3","fc","2129","2578","b98fea3b9aa78f9462e14c6d9275694b7d183439d6373114771b4fe6477865df","45","3329","3329","rotated_bottom_left_pixels","760","2126","626","inherited","[""アトリ_tatr02_l_d4_p3_fb.png"", 45.0]","true"
"アトリ_tatr02_l_d4_p3_fd.png","アトリ_tatr02_d4_p3_fd","アトリ","tatr02","l","d4","p3","fd","2129","2578","3561dfea3a0b1f95855909f70ae12e8691014d98f79d00237a94b4592fb5a935","45","3329","3329","rotated_bottom_left_pixels","760","2126","626","inherited","[""アトリ_tatr02_l_d4_p3_fc.png"", 45.0]","true"
"アトリ_tatr02_l_d4_p3_fe.png","アトリ_tatr02_d4_p3_fe","アトリ","tatr02","l","d4","p3","fe","2129","2578","a607700c446358aaad7e7d521970ab0c8c838b46c822d0722e1061d0a5b817d8","45","3329","3329","rotated_bottom_left_pixels","760","2126","626","inherited","[""アトリ_tatr02_l_d4_p3_fd.png"", 45.0]","true"
"アトリ_tatr02_l_d4_p3_ff.png","アトリ_tatr02_d4_p3_ff","アトリ","tatr02","l","d4","p3","ff","2129","2578","1fb4b837dbf267ebc70e003e7164cc512f814fc7ea8b9a1c677c688b623de0ee","45","3329","3329","rotated_bottom_left_pixels","760","2126","626","inherited","[""アトリ_tatr02_l_d4_p3_fe.png"", 45.0]","true"
"アトリ_tatr02_l_d4_p3_fg.png","アトリ_tatr02_d4_p3_fg","アトリ","tatr02","l","d4","p3","fg","2129","2578","2f128531f5b5d97bab5ca3addd22ea163fa94cef2ba47165be7ea661a0345c08","45","3329","3329","rotated_bottom_left_pixels","760","2126","626","inherited","[""アトリ_tatr02_l_d4_p3_ff.png"", 45.0]","true"
"アトリ_tatr02_l_d4_p3_fh.png","アトリ_tatr02_d4_p3_fh","アトリ","tatr02","l","d4","p3","fh","2129","2578","d02a3c797b8555df0c59610713361744005421b1ddb3318018bb7ebdc872509b","45","3329","3329","rotated_bottom_left_pixels","760","2126","626","inherited","[""アトリ_tatr02_l_d4_p3_fg.png"", 45.0]","true"
"アトリ_tatr02_l_d4_p3_fi.png","アトリ_tatr02_d4_p3_fi","アトリ","tatr02","l","d4","p3","fi","2129","2578","7c22d2a69c6479d0c31a08499391d31c9264608e07b90689af448ddee272cc85","45","3329","3329","rotated_bottom_left_pixels","760","2126","626","inherited","[""アトリ_tatr02_l_d4_p3_fh.png"", 45.0]","true"
"アトリ_tatr02_l_d4_p3_fj.png","アトリ_tatr02_d4_p3_fj","アトリ","tatr02","l","d4","p3","fj","2129","2578","9c02ec58730068ab5182c961dc91ee7c063951260ce549abec2a53e82e992f5c","45","3329","3329","rotated_bottom_left_pixels","760","2126","626","inherited","[""アトリ_tatr02_l_d4_p3_fi.png"", 45.0]","true"
"アトリ_tatr02_l_d4_p3_fk.png","アトリ_tatr02_d4_p3_fk","アトリ","tatr02","l","d4","p3","fk","2129","2578","4f32e944ec0b99361ce995b536a73625555de6829ae131dd75bcb4d66e091f7a","45","3329","3329","rotated_bottom_left_pixels","760","2126","626","inherited","[""アトリ_tatr02_l_d4_p3_fj.png"", 45.0]","true"
"アトリ_tatr02_l_d4_p3_fl.png","アトリ_tatr02_d4_p3_fl","アトリ","tatr02","l","d4","p3","fl","2129","2578","fee145352aaeacd4f5dd4ef0b64e6691a1875a9ca98d26e9228fd2fcb826e2b7","45","3329","3329","rotated_bottom_left_pixels","760","2126","626","inherited","[""アトリ_tatr02_l_d4_p3_fk.png"", 45.0]","true"
"アトリ_tatr01_l_d1_p1_f1.png","アトリ_tatr01_d1_p1_f1","アトリ","tatr01","l","d1","p1","f1","1156","2740","52dbd99c3568c3e86fa10e4cc2396a89f54e59e7d8d612642c831c663c65fadc","90","2740","1156","rotated_bottom_left_pixels","56","294","626","rotated_reference","[""アトリ_tatr01_l_d1_p1_f1.png"", 0.0]","true"
"アトリ_tatr01_l_d1_p1_f2.png","アトリ_tatr01_d1_p1_f2","アトリ","tatr01","l","d1","p1","f2","1156","2740","cf2f1b284a4d605d3a00e5420bed6b99d4ceb6efade4721f27fde7aebc69a08e","90","2740","1156","rotated_bottom_left_pixels","56","294","626","inherited","[""アトリ_tatr01_l_d1_p1_f1.png"", 90.0]","true"
"アトリ_tatr01_l_d1_p1_f3.png","アトリ_tatr01_d1_p1_f3","アトリ","tatr01","l","d1","p1","f3","1156","2740","3fc96b51c330b45478e8aa015506b3cb30e81714aaef146b905b135b6fb68aea","90","2740","1156","rotated_bottom_left_pixels","56","294","626","inherited","[""アトリ_tatr01_l_d1_p1_f2.png"", 90.0]","true"
"アトリ_tatr01_l_d1_p1_f4.png","アトリ_tatr01_d1_p1_f4","アトリ","tatr01","l","d1","p1","f4","1156","2740","e207d101ef2ea5a2fbb71aef97789bf77ef33c459b2b4aabccbe9f8f63985e8f","90","2740","1156","rotated_bottom_left_pixels","56","294","626","inherited","[""アトリ_tatr01_l_d1_p1_f3.png"", 90.0]","true"
"アトリ_tatr01_l_d1_p1_f5.png","アトリ_tatr01_d1_p1_f5","アトリ","tatr01","l","d1","p1","f5","1156","2740","538451b5208c45ce5a751ee44c91409ce4878fa445bfed71d4a8ede2823f89a7","90","2740","1156","rotated_bottom_left_pixels","56","294","626","inherited","[""アトリ_tatr01_l_d1_p1_f4.png"", 90.0]","true"
"アトリ_tatr01_l_d1_p1_f6.png","アトリ_tatr01_d1_p1_f6","アトリ","tatr01","l","d1","p1","f6","1156","2740","2eff7b03ff03d4bbe8e716a2cda75f793dc429d34e78e1d387423a5092903de3","90","2740","1156","rotated_bottom_left_pixels","56","294","626","inherited","[""アトリ_tatr01_l_d1_p1_f5.png"", 90.0]","true"
"アトリ_tatr01_l_d1_p1_f7.png","アトリ_tatr01_d1_p1_f7","アトリ","tatr01","l","d1","p1","f7","1156","2740","a5084a24dd6b10a0dd266efc27a83d2498aee975be5dab487a72d4ed6c923c88","90","2740","1156","rotated_bottom_left_pixels","56","294","626","inherited","[""アトリ_tatr01_l_d1_p1_f6.png"", 90.0]","true"
"アトリ_tatr01_l_d1_p1_f8.png","アトリ_tatr01_d1_p1_f8","アトリ","tatr01","l","d1","p1","f8","1156","2740","3a4e9daa9be38f9407cde97319de35f1876d81225f0dfab603210d17d5ed8e72","90","2740","1156","rotated_bottom_left_pixels","56","294","626","inherited","[""アトリ_tatr01_l_d1_p1_f7.png"", 90.0]","true"
"アトリ_tatr01_l_d1_p1_f9.png","アトリ_tatr01_d1_p1_f9","アトリ","tatr01","l","d1","p1","f9","1156","2740","4639650c7feaf6c0ea3ad73deae2a3ebbcb9168399a5705521f7696e58e190ee","90","2740","1156","rotated_bottom_left_pixels","56","294","626","inherited","[""アトリ_tatr01_l_d1_p1_f8.png"", 90.0]","true"
"アトリ_tatr01_l_d1_p1_fa.png","アトリ_tatr01_d1_p1_fa","アトリ","tatr01","l","d1","p1","fa","1156","2740","664bae112ba55bef854812596e3c2dafaea38e87617497a1a483e3d9ef340621","90","2740","1156","rotated_bottom_left_pixels","56","294","626","inherited","[""アトリ_tatr01_l_d1_p1_f9.png"", 90.0]","true"
"アトリ_tatr01_l_d1_p1_fb.png","アトリ_tatr01_d1_p1_fb","アトリ","tatr01","l","d1","p1","fb","1156","2740","4e3482c6cf57e2ad859fecc0d9f7d913c7580bb4632865aae283c4e5589cc74f","90","2740","1156","rotated_bottom_left_pixels","56","294","626","inherited","[""アトリ_tatr01_l_d1_p1_fa.png"", 90.0]","true"
"アトリ_tatr01_l_d1_p1_fc.png","アトリ_tatr01_d1_p1_fc","アトリ","tatr01","l","d1","p1","fc","1156","2740","d64e55537c502cb13d4d5639e5e43167dfb3437d47f83d263a3dbdca959dfd1c","90","2740","1156","rotated_bottom_left_pixels","56","294","626","inherited","[""アトリ_tatr01_l_d1_p1_fb.png"", 90.0]","true"
"アトリ_tatr01_l_d1_p1_fd.png","アトリ_tatr01_d1_p1_fd","アトリ","tatr01","l","d1","p1","fd","1156","2740","a14c21c3eab36c7eb23020c7384e97c4695fa78dab8744f2f27b909048ea1b1f","90","2740","1156","rotated_bottom_left_pixels","56","294","626","inherited","[""アトリ_tatr01_l_d1_p1_fc.png"", 90.0]","true"
"アトリ_tatr01_l_d1_p1_fe.png","アトリ_tatr01_d1_p1_fe","アトリ","tatr01","l","d1","p1","fe","1156","2740","33416af45d69b1ffd15a5c5938ff4f20604ae7d8c764da63fcd7befc2274ac5d","90","2740","1156","rotated_bottom_left_pixels","56","294","626","inherited","[""アトリ_tatr01_l_d1_p1_fd.png"", 90.0]","true"
"アトリ_tatr01_l_d1_p1_ff.png","アトリ_tatr01_d1_p1_ff","アトリ","tatr01","l","d1","p1","ff","1156","2989","a5d1cc4f7c42f030e823527df0939596ffd4977b45eae249b9a66e217387ab11","90","2989","1156","rotated_bottom_left_pixels","312","294","626","manual_adjusted","[""アトリ_tatr01_l_d1_p1_fe.png"", 90.0]","true"
"アトリ_tatr01_l_d1_p1_fg.png","アトリ_tatr01_d1_p1_fg","アトリ","tatr01","l","d1","p1","fg","1156","2740","9d0d292d9027fdfd2e1504496b93416db514c0efd02f8618bd6f05419d4ea990","90","2740","1156","rotated_bottom_left_pixels","56","294","626","manual_adjusted","[""アトリ_tatr01_l_d1_p1_ff.png"", 90.0]","true"
"アトリ_tatr01_l_d1_p1_fh.png","アトリ_tatr01_d1_p1_fh","アトリ","tatr01","l","d1","p1","fh","1156","2989","3ac0f9896091ad67d32164ed6c9000bda648b569db191c068f22beddd0e282a8","90","2989","1156","rotated_bottom_left_pixels","312","294","626","manual_adjusted","[""アトリ_tatr01_l_d1_p1_fg.png"", 90.0]","true"
"アトリ_tatr01_l_d1_p1_fi.png","アトリ_tatr01_d1_p1_fi","アトリ","tatr01","l","d1","p1","fi","1156","2740","f9f2c7d42ee72ef6b543b5b2999190db6896418b59c41749706d5b563264f45d","90","2740","1156","rotated_bottom_left_pixels","56","294","626","manual_adjusted","[""アトリ_tatr01_l_d1_p1_fh.png"", 90.0]","true"
"アトリ_tatr01_l_d1_p1_fj.png","アトリ_tatr01_d1_p1_fj","アトリ","tatr01","l","d1","p1","fj","1156","2740","94a45df00932c72ee8a16ffb117b3838457ca6fe05e0a7eee5be3a6e0ff0c50a","90","2740","1156","rotated_bottom_left_pixels","56","294","626","inherited","[""アトリ_tatr01_l_d1_p1_fi.png"", 90.0]","true"
"アトリ_tatr01_l_d1_p1_fk.png","アトリ_tatr01_d1_p1_fk","アトリ","tatr01","l","d1","p1","fk","1156","2740","bba81b3e6d01408d2da47e9f987ae5891e9f775825377e749be808d7b6d2857c","90","2740","1156","rotated_bottom_left_pixels","56","294","626","inherited","[""アトリ_tatr01_l_d1_p1_fj.png"", 90.0]","true"
"アトリ_tatr01_l_d1_p1_fl.png","アトリ_tatr01_d1_p1_fl","アトリ","tatr01","l","d1","p1","fl","1156","2740","ad80c962ac1bd8e636bcd61045e099e598cbc4b2605ed88aa9cb5ecc3e0691a5","90","2740","1156","rotated_bottom_left_pixels","56","294","626","inherited","[""アトリ_tatr01_l_d1_p1_fk.png"", 90.0]","true"
"アトリ_tatr01_l_d2_p1_f1.png","アトリ_tatr01_d2_p1_f1","アトリ","tatr01","l","d2","p1","f1","1156","2740","0fab2349ad8d77c2e37c3fc49cde24b64cc5eb84fbf35d7503dbd2a96dbd3e50","90","2740","1156","rotated_bottom_left_pixels","56","294","626","inherited","[""アトリ_tatr01_l_d1_p1_fl.png"", 90.0]","true"
"アトリ_tatr01_l_d2_p1_f2.png","アトリ_tatr01_d2_p1_f2","アトリ","tatr01","l","d2","p1","f2","1156","2740","399a0913ae20283465d2bebec22fd3f91fe4242658569ca5f36c25d2c3a0075a","90","2740","1156","rotated_bottom_left_pixels","56","294","626","inherited","[""アトリ_tatr01_l_d2_p1_f1.png"", 90.0]","true"
"アトリ_tatr01_l_d2_p1_f3.png","アトリ_tatr01_d2_p1_f3","アトリ","tatr01","l","d2","p1","f3","1156","2740","7d52e578712762cebf41098975effa307cd0f88ef1d4973bbabab9714d5187a5","90","2740","1156","rotated_bottom_left_pixels","56","294","626","inherited","[""アトリ_tatr01_l_d2_p1_f2.png"", 90.0]","true"
"アトリ_tatr01_l_d2_p1_f4.png","アトリ_tatr01_d2_p1_f4","アトリ","tatr01","l","d2","p1","f4","1156","2740","027a456afa0f573e4e93a3a66ca8afe63d58f5f3562241ee72fa1c9cee926b96","90","2740","1156","rotated_bottom_left_pixels","56","294","626","inherited","[""アトリ_tatr01_l_d2_p1_f3.png"", 90.0]","true"
"アトリ_tatr01_l_d2_p1_f5.png","アトリ_tatr01_d2_p1_f5","アトリ","tatr01","l","d2","p1","f5","1156","2740","a7ca754cb59f4bbb2a3a18c0a2ef599e64cc10c97f82ccc0eebaa57de4893b0a","90","2740","1156","rotated_bottom_left_pixels","56","294","626","inherited","[""アトリ_tatr01_l_d2_p1_f4.png"", 90.0]","true"
"アトリ_tatr01_l_d2_p1_f6.png","アトリ_tatr01_d2_p1_f6","アトリ","tatr01","l","d2","p1","f6","1156","2740","84bd627a1de6e2b423b066f1a27fcf1f917000e7040c1b8a46c77e367d2025ff","90","2740","1156","rotated_bottom_left_pixels","56","294","626","inherited","[""アトリ_tatr01_l_d2_p1_f5.png"", 90.0]","true"
"アトリ_tatr01_l_d2_p1_f7.png","アトリ_tatr01_d2_p1_f7","アトリ","tatr01","l","d2","p1","f7","1156","2740","1946e53ca6ca21e4c143f647bc32f0cb45768432053dc2b9f52079bb17ed1c2d","90","2740","1156","rotated_bottom_left_pixels","56","294","626","inherited","[""アトリ_tatr01_l_d2_p1_f6.png"", 90.0]","true"
"アトリ_tatr01_l_d2_p1_f8.png","アトリ_tatr01_d2_p1_f8","アトリ","tatr01","l","d2","p1","f8","1156","2740","6093c937624db617ae356a28ab4dfd9a8ad03b6c517fad37f4c8b73064028621","90","2740","1156","rotated_bottom_left_pixels","56","294","626","inherited","[""アトリ_tatr01_l_d2_p1_f7.png"", 90.0]","true"
"アトリ_tatr01_l_d2_p1_f9.png","アトリ_tatr01_d2_p1_f9","アトリ","tatr01","l","d2","p1","f9","1156","2740","049454e9118d385f598ceec5b616ffa0e4cf805fd65e928be685a7c2135944d8","90","2740","1156","rotated_bottom_left_pixels","56","294","626","inherited","[""アトリ_tatr01_l_d2_p1_f8.png"", 90.0]","true"
"アトリ_tatr01_l_d2_p1_fa.png","アトリ_tatr01_d2_p1_fa","アトリ","tatr01","l","d2","p1","fa","1156","2740","92fb110574d19ac12cd80365b2e00b94e1a2b00c1a522e26ca3af2b1fe1c9b7d","90","2740","1156","rotated_bottom_left_pixels","56","294","626","inherited","[""アトリ_tatr01_l_d2_p1_f9.png"", 90.0]","true"
"アトリ_tatr01_l_d2_p1_fb.png","アトリ_tatr01_d2_p1_fb","アトリ","tatr01","l","d2","p1","fb","1156","2740","3402d6a9accdf3ccb572f2fa597679e1367cf2aeac12baf5088386b714f234d3","90","2740","1156","rotated_bottom_left_pixels","56","294","626","inherited","[""アトリ_tatr01_l_d2_p1_fa.png"", 90.0]","true"
"アトリ_tatr01_l_d2_p1_fc.png","アトリ_tatr01_d2_p1_fc","アトリ","tatr01","l","d2","p1","fc","1156","2740","1b312d9c307bfe582774c1e3dde8d75509becbcee7e27fb0755a11e1a523805e","90","2740","1156","rotated_bottom_left_pixels","56","294","626","inherited","[""アトリ_tatr01_l_d2_p1_fb.png"", 90.0]","true"
"アトリ_tatr01_l_d2_p1_fd.png","アトリ_tatr01_d2_p1_fd","アトリ","tatr01","l","d2","p1","fd","1156","2740","c6c4b0d0524b2cfec7f0a58334376261205ece41aad15fc02e993719a85fd854","90","2740","1156","rotated_bottom_left_pixels","56","294","626","inherited","[""アトリ_tatr01_l_d2_p1_fc.png"", 90.0]","true"
"アトリ_tatr01_l_d2_p1_fe.png","アトリ_tatr01_d2_p1_fe","アトリ","tatr01","l","d2","p1","fe","1156","2740","2e5a03cddcecac2b3812d6282df77ea86f94b1a08e03a83a171e10e6e473a978","90","2740","1156","rotated_bottom_left_pixels","56","294","626","inherited","[""アトリ_tatr01_l_d2_p1_fd.png"", 90.0]","true"
"アトリ_tatr01_l_d2_p1_ff.png","アトリ_tatr01_d2_p1_ff","アトリ","tatr01","l","d2","p1","ff","1156","2989","ebfbea5c5edfd824b7271f14e4834e16826bc46aa9e56bfe4d482c1dbefd88e3","90","2989","1156","rotated_bottom_left_pixels","312","294","626","manual_adjusted","[""アトリ_tatr01_l_d2_p1_fe.png"", 90.0]","true"
"アトリ_tatr01_l_d2_p1_fg.png","アトリ_tatr01_d2_p1_fg","アトリ","tatr01","l","d2","p1","fg","1156","2740","11661dd9a032b7091cb0fa463b6b5280f76c5a317dbe5586aa99658144824428","90","2740","1156","rotated_bottom_left_pixels","56","294","626","manual_adjusted","[""アトリ_tatr01_l_d2_p1_ff.png"", 90.0]","true"
"アトリ_tatr01_l_d2_p1_fh.png","アトリ_tatr01_d2_p1_fh","アトリ","tatr01","l","d2","p1","fh","1156","2989","58d62c0d4cdb8a1f04de1cd37cf085731d5ac4560baca11edd1733fcee3a0170","90","2989","1156","rotated_bottom_left_pixels","312","294","626","manual_adjusted","[""アトリ_tatr01_l_d2_p1_fg.png"", 90.0]","true"
"アトリ_tatr01_l_d2_p1_fi.png","アトリ_tatr01_d2_p1_fi","アトリ","tatr01","l","d2","p1","fi","1156","2740","182a8970922591aeba4e5d89a0aac32ae7e24c03e088bf9eb1900ce676a8501b","90","2740","1156","rotated_bottom_left_pixels","56","294","626","manual_adjusted","[""アトリ_tatr01_l_d2_p1_fh.png"", 90.0]","true"
"アトリ_tatr01_l_d2_p1_fj.png","アトリ_tatr01_d2_p1_fj","アトリ","tatr01","l","d2","p1","fj","1156","2740","330dccee7a6c2452890a9d7195a0e07bf9d6bfecacc73a03896ccd81c9bf4223","90","2740","1156","rotated_bottom_left_pixels","56","294","626","inherited","[""アトリ_tatr01_l_d2_p1_fi.png"", 90.0]","true"
"アトリ_tatr01_l_d2_p1_fk.png","アトリ_tatr01_d2_p1_fk","アトリ","tatr01","l","d2","p1","fk","1156","2740","c87fc0677a2be2661e8a53975540919399614f207c012eb8e942c8836fc19a9e","90","2740","1156","rotated_bottom_left_pixels","56","294","626","inherited","[""アトリ_tatr01_l_d2_p1_fj.png"", 90.0]","true"
"アトリ_tatr01_l_d2_p1_fl.png","アトリ_tatr01_d2_p1_fl","アトリ","tatr01","l","d2","p1","fl","1156","2740","7fdd1ad72012130dcfd01e63734eb7a9c1d08dde4ad4be4f33144a9f505dff3f","90","2740","1156","rotated_bottom_left_pixels","56","294","626","inherited","[""アトリ_tatr01_l_d2_p1_fk.png"", 90.0]","true"
"アトリ_tatr01_l_d3_p1_f1.png","アトリ_tatr01_d3_p1_f1","アトリ","tatr01","l","d3","p1","f1","1156","2740","fa28baa51b20425edc8e361bc5073b20fae72e7bc7c219573cfd51047bfa6e36","90","2740","1156","rotated_bottom_left_pixels","56","294","626","inherited","[""アトリ_tatr01_l_d2_p1_fl.png"", 90.0]","true"
"アトリ_tatr01_l_d3_p1_f2.png","アトリ_tatr01_d3_p1_f2","アトリ","tatr01","l","d3","p1","f2","1156","2740","dd8cc3ea605db3727cf65044972c5be0842df6bf4c4084c71fe601b93c6288a5","90","2740","1156","rotated_bottom_left_pixels","56","294","626","inherited","[""アトリ_tatr01_l_d3_p1_f1.png"", 90.0]","true"
"アトリ_tatr01_l_d3_p1_f3.png","アトリ_tatr01_d3_p1_f3","アトリ","tatr01","l","d3","p1","f3","1156","2740","8a0c02f7840c98a642425c2f2d41955433e32e2822964cbb59cd338e8fbd55c9","90","2740","1156","rotated_bottom_left_pixels","56","294","626","inherited","[""アトリ_tatr01_l_d3_p1_f2.png"", 90.0]","true"
"アトリ_tatr01_l_d3_p1_f4.png","アトリ_tatr01_d3_p1_f4","アトリ","tatr01","l","d3","p1","f4","1156","2740","ec2a7f066b3c80cebb12e4572d1451452f27aa76e0fa840450851197d87a83d0","90","2740","1156","rotated_bottom_left_pixels","56","294","626","inherited","[""アトリ_tatr01_l_d3_p1_f3.png"", 90.0]","true"
"アトリ_tatr01_l_d3_p1_f5.png","アトリ_tatr01_d3_p1_f5","アトリ","tatr01","l","d3","p1","f5","1156","2740","a1415fefc58411203c70de93844e9eaf82bb915ab24b7bc0ed63bba75de823fe","90","2740","1156","rotated_bottom_left_pixels","56","294","626","inherited","[""アトリ_tatr01_l_d3_p1_f4.png"", 90.0]","true"
"アトリ_tatr01_l_d3_p1_f6.png","アトリ_tatr01_d3_p1_f6","アトリ","tatr01","l","d3","p1","f6","1156","2740","eadf46091e2f87eb493241996f8c08ad05552f222506bde7ae7a48a59d41e486","90","2740","1156","rotated_bottom_left_pixels","56","294","626","inherited","[""アトリ_tatr01_l_d3_p1_f5.png"", 90.0]","true"
"アトリ_tatr01_l_d3_p1_f7.png","アトリ_tatr01_d3_p1_f7","アトリ","tatr01","l","d3","p1","f7","1156","2740","639d2ddd092d87db3c8c7dc03ac953af5ed64ba23d6afb3abbcf52b2e6dcf6ec","90","2740","1156","rotated_bottom_left_pixels","56","294","626","inherited","[""アトリ_tatr01_l_d3_p1_f6.png"", 90.0]","true"
"アトリ_tatr01_l_d3_p1_f8.png","アトリ_tatr01_d3_p1_f8","アトリ","tatr01","l","d3","p1","f8","1156","2740","a2fe178c17804c855c6bb6a097dc6c703b4a16ea4a5d5f880aca4b0e08dff53e","90","2740","1156","rotated_bottom_left_pixels","56","294","626","inherited","[""アトリ_tatr01_l_d3_p1_f7.png"", 90.0]","true"
"アトリ_tatr01_l_d3_p1_f9.png","アトリ_tatr01_d3_p1_f9","アトリ","tatr01","l","d3","p1","f9","1156","2740","6435f2395011749938fb8d568cc91b3afb4e39586f6f3f81fa9005b27307c583","90","2740","1156","rotated_bottom_left_pixels","56","294","626","inherited","[""アトリ_tatr01_l_d3_p1_f8.png"", 90.0]","true"
"アトリ_tatr01_l_d3_p1_fa.png","アトリ_tatr01_d3_p1_fa","アトリ","tatr01","l","d3","p1","fa","1156","2740","e5e4dea39c00610a501a8ecb08693691b796f511462c2580a40ef28517d21c11","90","2740","1156","rotated_bottom_left_pixels","56","294","626","inherited","[""アトリ_tatr01_l_d3_p1_f9.png"", 90.0]","true"
"アトリ_tatr01_l_d3_p1_fb.png","アトリ_tatr01_d3_p1_fb","アトリ","tatr01","l","d3","p1","fb","1156","2740","76f174ab2e197ca50866ad0364e111e35bbda62ca552c4b236b7b5604df5cc26","90","2740","1156","rotated_bottom_left_pixels","56","294","626","inherited","[""アトリ_tatr01_l_d3_p1_fa.png"", 90.0]","true"
"アトリ_tatr01_l_d3_p1_fc.png","アトリ_tatr01_d3_p1_fc","アトリ","tatr01","l","d3","p1","fc","1156","2740","43d39af421a762d2191ba7fafd577f628e16f3ef8567f05a350be17a80425704","90","2740","1156","rotated_bottom_left_pixels","56","294","626","inherited","[""アトリ_tatr01_l_d3_p1_fb.png"", 90.0]","true"
"アトリ_tatr01_l_d3_p1_fd.png","アトリ_tatr01_d3_p1_fd","アトリ","tatr01","l","d3","p1","fd","1156","2740","74ecbaeda8eb13cdef03a268043d11ef6e4168c078dfb61aef4772515ab6f7ea","90","2740","1156","rotated_bottom_left_pixels","56","294","626","inherited","[""アトリ_tatr01_l_d3_p1_fc.png"", 90.0]","true"
"アトリ_tatr01_l_d3_p1_fe.png","アトリ_tatr01_d3_p1_fe","アトリ","tatr01","l","d3","p1","fe","1156","2740","ddd9c5856c9655ef1b82c34a1f6ee41ecacf8670164431be8cb08710b362d086","90","2740","1156","rotated_bottom_left_pixels","56","294","626","inherited","[""アトリ_tatr01_l_d3_p1_fd.png"", 90.0]","true"
"アトリ_tatr01_l_d3_p1_ff.png","アトリ_tatr01_d3_p1_ff","アトリ","tatr01","l","d3","p1","ff","1156","2989","ba4e3b99387551a9cae84d6e496b18ceec555cac613bc727314097bc3079364c","90","2989","1156","rotated_bottom_left_pixels","312","294","626","manual_adjusted","[""アトリ_tatr01_l_d3_p1_fe.png"", 90.0]","true"
"アトリ_tatr01_l_d3_p1_fg.png","アトリ_tatr01_d3_p1_fg","アトリ","tatr01","l","d3","p1","fg","1156","2740","90d769816c4c9bf9cd0f52c06cad0999bebdc724cbb23951271b0b3daa38ed4a","90","2740","1156","rotated_bottom_left_pixels","56","294","626","manual_adjusted","[""アトリ_tatr01_l_d3_p1_ff.png"", 90.0]","true"
"アトリ_tatr01_l_d3_p1_fh.png","アトリ_tatr01_d3_p1_fh","アトリ","tatr01","l","d3","p1","fh","1156","2989","0b0115ca56b3e9c50e7a3a28fb22e44568defca5061d98230b9b83a08077a041","90","2989","1156","rotated_bottom_left_pixels","312","294","626","manual_adjusted","[""アトリ_tatr01_l_d3_p1_fg.png"", 90.0]","true"
"アトリ_tatr01_l_d3_p1_fi.png","アトリ_tatr01_d3_p1_fi","アトリ","tatr01","l","d3","p1","fi","1156","2740","f9797a4d06b3500c8f67d7e9f00c5023d449214f8dc0f59c726eb8c0e301fb93","90","2740","1156","rotated_bottom_left_pixels","56","294","626","manual_adjusted","[""アトリ_tatr01_l_d3_p1_fh.png"", 90.0]","true"
"アトリ_tatr01_l_d3_p1_fj.png","アトリ_tatr01_d3_p1_fj","アトリ","tatr01","l","d3","p1","fj","1156","2740","bb3f8acc29d46322913fa2160f9448499f4225c2cdcfdd54187346708cd10e23","90","2740","1156","rotated_bottom_left_pixels","56","294","626","inherited","[""アトリ_tatr01_l_d3_p1_fi.png"", 90.0]","true"
"アトリ_tatr01_l_d3_p1_fk.png","アトリ_tatr01_d3_p1_fk","アトリ","tatr01","l","d3","p1","fk","1156","2740","92ee1cb129bb24d423745f4f650bfd8f4c3fec5f1e04609a1944da251b42bd36","90","2740","1156","rotated_bottom_left_pixels","56","294","626","inherited","[""アトリ_tatr01_l_d3_p1_fj.png"", 90.0]","true"
"アトリ_tatr01_l_d3_p1_fl.png","アトリ_tatr01_d3_p1_fl","アトリ","tatr01","l","d3","p1","fl","1156","2740","7ed5469a44636345a9eb0977ae5fcf3ae57ae4ec57ecc52dadb6a345267f7a1c","90","2740","1156","rotated_bottom_left_pixels","56","294","626","inherited","[""アトリ_tatr01_l_d3_p1_fk.png"", 90.0]","true"
"アトリ_tatr01_l_d4_p1_f1.png","アトリ_tatr01_d4_p1_f1","アトリ","tatr01","l","d4","p1","f1","1156","2740","89d82cfb0641d4ab8e96e349982d5216a9c9dcbcfc8f5dc40db0a56488577138","90","2740","1156","rotated_bottom_left_pixels","56","294","626","inherited","[""アトリ_tatr01_l_d3_p1_fl.png"", 90.0]","true"
"アトリ_tatr01_l_d4_p1_f2.png","アトリ_tatr01_d4_p1_f2","アトリ","tatr01","l","d4","p1","f2","1156","2740","f4e30024a2427a3cc764d9cffd6f19bf011330d788b27bdf66902107028f6ff6","90","2740","1156","rotated_bottom_left_pixels","56","294","626","inherited","[""アトリ_tatr01_l_d4_p1_f1.png"", 90.0]","true"
"アトリ_tatr01_l_d4_p1_f3.png","アトリ_tatr01_d4_p1_f3","アトリ","tatr01","l","d4","p1","f3","1156","2740","42b16f48d8ab63609b6d9485aec19cf3b7eb33156eb6be636a3cc135d4de4c83","90","2740","1156","rotated_bottom_left_pixels","56","294","626","inherited","[""アトリ_tatr01_l_d4_p1_f2.png"", 90.0]","true"
"アトリ_tatr01_l_d4_p1_f4.png","アトリ_tatr01_d4_p1_f4","アトリ","tatr01","l","d4","p1","f4","1156","2740","89871aecca74b9c416c54bd5b2355b9d1c667486908b286b27e8404c0273e51e","90","2740","1156","rotated_bottom_left_pixels","56","294","626","inherited","[""アトリ_tatr01_l_d4_p1_f3.png"", 90.0]","true"
"アトリ_tatr01_l_d4_p1_f5.png","アトリ_tatr01_d4_p1_f5","アトリ","tatr01","l","d4","p1","f5","1156","2740","feaac41584c5c6dfe6878b98b72902cbcd7dad13d40d7c220f209da9cc00ca10","90","2740","1156","rotated_bottom_left_pixels","56","294","626","inherited","[""アトリ_tatr01_l_d4_p1_f4.png"", 90.0]","true"
"アトリ_tatr01_l_d4_p1_f6.png","アトリ_tatr01_d4_p1_f6","アトリ","tatr01","l","d4","p1","f6","1156","2740","37e5349db29da49d1fda84557226405f3564456764d2eed32a7188592b4f1397","90","2740","1156","rotated_bottom_left_pixels","56","294","626","inherited","[""アトリ_tatr01_l_d4_p1_f5.png"", 90.0]","true"
"アトリ_tatr01_l_d4_p1_f7.png","アトリ_tatr01_d4_p1_f7","アトリ","tatr01","l","d4","p1","f7","1156","2740","f7f46e7f4a2497d48491b9aa8dfc5140fa7a3d18f8407ba01a55d2c281f6438d","90","2740","1156","rotated_bottom_left_pixels","56","294","626","inherited","[""アトリ_tatr01_l_d4_p1_f6.png"", 90.0]","true"
"アトリ_tatr01_l_d4_p1_f8.png","アトリ_tatr01_d4_p1_f8","アトリ","tatr01","l","d4","p1","f8","1156","2740","84b9e1c792aeeca825ba5e16b12dfa157c44de83b7d0c9f1c4dca2dbd2298151","90","2740","1156","rotated_bottom_left_pixels","56","294","626","inherited","[""アトリ_tatr01_l_d4_p1_f7.png"", 90.0]","true"
"アトリ_tatr01_l_d4_p1_f9.png","アトリ_tatr01_d4_p1_f9","アトリ","tatr01","l","d4","p1","f9","1156","2740","cee7f19b8276a234462072a198ddca23422aa611f70417060e9e62cb830a2b03","90","2740","1156","rotated_bottom_left_pixels","56","294","626","inherited","[""アトリ_tatr01_l_d4_p1_f8.png"", 90.0]","true"
"アトリ_tatr01_l_d4_p1_fa.png","アトリ_tatr01_d4_p1_fa","アトリ","tatr01","l","d4","p1","fa","1156","2740","6a7a56e913c6752c6e26d7165db678d5ea7858d7c26a81ca65174a32d8b23b0e","90","2740","1156","rotated_bottom_left_pixels","56","294","626","inherited","[""アトリ_tatr01_l_d4_p1_f9.png"", 90.0]","true"
"アトリ_tatr01_l_d4_p1_fb.png","アトリ_tatr01_d4_p1_fb","アトリ","tatr01","l","d4","p1","fb","1156","2740","fa10a0d805a77458b4be5ecb3901e9b8c5dc065d6cc7ec0e3a4b2ea3da83d103","90","2740","1156","rotated_bottom_left_pixels","56","294","626","inherited","[""アトリ_tatr01_l_d4_p1_fa.png"", 90.0]","true"
"アトリ_tatr01_l_d4_p1_fc.png","アトリ_tatr01_d4_p1_fc","アトリ","tatr01","l","d4","p1","fc","1156","2740","543dd2ba5f81d314f1bc7abeb8ea90f060386307ab812f995a19294e95977543","90","2740","1156","rotated_bottom_left_pixels","56","294","626","inherited","[""アトリ_tatr01_l_d4_p1_fb.png"", 90.0]","true"
"アトリ_tatr01_l_d4_p1_fd.png","アトリ_tatr01_d4_p1_fd","アトリ","tatr01","l","d4","p1","fd","1156","2740","f2517f7a4d7f3a97f3e6d8687e25e48ba2d1371157c0cc04099e80bf0c94f8f0","90","2740","1156","rotated_bottom_left_pixels","56","294","626","inherited","[""アトリ_tatr01_l_d4_p1_fc.png"", 90.0]","true"
"アトリ_tatr01_l_d4_p1_fe.png","アトリ_tatr01_d4_p1_fe","アトリ","tatr01","l","d4","p1","fe","1156","2740","b21be381d7bafd36dd7c6d0f3913abda4010fe2ea9d872546ed2ed6ab61fac0a","90","2740","1156","rotated_bottom_left_pixels","56","294","626","inherited","[""アトリ_tatr01_l_d4_p1_fd.png"", 90.0]","true"
"アトリ_tatr01_l_d4_p1_ff.png","アトリ_tatr01_d4_p1_ff","アトリ","tatr01","l","d4","p1","ff","1156","2989","136e7ee75a49e5553d4d24eed7246b630d0fab722d0b113bb79ffc08c2f4e1ee","90","2989","1156","rotated_bottom_left_pixels","312","294","626","manual_adjusted","[""アトリ_tatr01_l_d4_p1_fe.png"", 90.0]","true"
"アトリ_tatr01_l_d4_p1_fg.png","アトリ_tatr01_d4_p1_fg","アトリ","tatr01","l","d4","p1","fg","1156","2740","94b1840218a32ffca461d5b641de3534f93094fe979e565103d1e06065e9a3ab","90","2740","1156","rotated_bottom_left_pixels","56","294","626","manual_adjusted","[""アトリ_tatr01_l_d4_p1_ff.png"", 90.0]","true"
"アトリ_tatr01_l_d4_p1_fh.png","アトリ_tatr01_d4_p1_fh","アトリ","tatr01","l","d4","p1","fh","1156","2989","a520eaad87705967a1e4024b02f133f263eaedc78e782697725679c249abafcc","90","2989","1156","rotated_bottom_left_pixels","312","294","626","manual_adjusted","[""アトリ_tatr01_l_d4_p1_fg.png"", 90.0]","true"
"アトリ_tatr01_l_d4_p1_fi.png","アトリ_tatr01_d4_p1_fi","アトリ","tatr01","l","d4","p1","fi","1156","2740","45830e2bb4fa50ebd316d5cb4fcc1503b701f185d8faeae9bf9e519cb2a047c0","90","2740","1156","rotated_bottom_left_pixels","56","294","626","manual_adjusted","[""アトリ_tatr01_l_d4_p1_fh.png"", 90.0]","true"
"アトリ_tatr01_l_d4_p1_fj.png","アトリ_tatr01_d4_p1_fj","アトリ","tatr01","l","d4","p1","fj","1156","2740","edd1119ce756ed5faaa87042f4fef2c9830e4bc7455c5f8094e81888804f1428","90","2740","1156","rotated_bottom_left_pixels","56","294","626","inherited","[""アトリ_tatr01_l_d4_p1_fi.png"", 90.0]","true"
"アトリ_tatr01_l_d4_p1_fk.png","アトリ_tatr01_d4_p1_fk","アトリ","tatr01","l","d4","p1","fk","1156","2740","3262113fdfad91aaf4f9888e9cf5a93f7dcc8271f4bf0d5897780988fd97765b","90","2740","1156","rotated_bottom_left_pixels","56","294","626","inherited","[""アトリ_tatr01_l_d4_p1_fj.png"", 90.0]","true"
"アトリ_tatr01_l_d4_p1_fl.png","アトリ_tatr01_d4_p1_fl","アトリ","tatr01","l","d4","p1","fl","1156","2740","e67da6ae9e7ff48302cd383ad4289f3757228cc6c1a9d24ac218c5b31eb3d32f","90","2740","1156","rotated_bottom_left_pixels","56","294","626","inherited","[""アトリ_tatr01_l_d4_p1_fk.png"", 90.0]","true"
"アトリ_tatr01_l_d1_p2_f1.png","アトリ_tatr01_d1_p2_f1","アトリ","tatr01","l","d1","p2","f1","1250","2963","a32de8f87e0a29e0975d977def9b4b14f8532445f709acfa274b03c4e3737b3a","90","2963","1250","rotated_bottom_left_pixels","281","303","626","rotated_reference","[""アトリ_tatr01_l_d1_p2_f1.png"", 0.0]","true"
"アトリ_tatr01_l_d1_p2_f2.png","アトリ_tatr01_d1_p2_f2","アトリ","tatr01","l","d1","p2","f2","1250","2963","4263d82dff6cba6e32875a66a66c17763cc10cae43b68ed81db6f0a93eca7a17","90","2963","1250","rotated_bottom_left_pixels","281","303","626","inherited","[""アトリ_tatr01_l_d1_p2_f1.png"", 90.0]","true"
"アトリ_tatr01_l_d1_p2_f3.png","アトリ_tatr01_d1_p2_f3","アトリ","tatr01","l","d1","p2","f3","1250","2963","2720c1083e4ed9d42aa5552dbaf006f0d050af7f27a5e88d246a45a578574ea8","90","2963","1250","rotated_bottom_left_pixels","281","303","626","inherited","[""アトリ_tatr01_l_d1_p2_f2.png"", 90.0]","true"
"アトリ_tatr01_l_d1_p2_f4.png","アトリ_tatr01_d1_p2_f4","アトリ","tatr01","l","d1","p2","f4","1250","2963","c7b04a04f40e05dac11c5fdf02dddd0238c41d9143df2e464bfacfd6bdc67fb2","90","2963","1250","rotated_bottom_left_pixels","281","303","626","inherited","[""アトリ_tatr01_l_d1_p2_f3.png"", 90.0]","true"
"アトリ_tatr01_l_d1_p2_f5.png","アトリ_tatr01_d1_p2_f5","アトリ","tatr01","l","d1","p2","f5","1250","2963","69b6b6b165349f51b28ff6c4b8ed3848e6009ae372123b33f49a993f0694729c","90","2963","1250","rotated_bottom_left_pixels","281","303","626","inherited","[""アトリ_tatr01_l_d1_p2_f4.png"", 90.0]","true"
"アトリ_tatr01_l_d1_p2_f6.png","アトリ_tatr01_d1_p2_f6","アトリ","tatr01","l","d1","p2","f6","1250","2963","6e8fbb4a661a510b445fd8060e7a860fdb5012f43bac854e83d3c072e4452ec0","90","2963","1250","rotated_bottom_left_pixels","281","303","626","inherited","[""アトリ_tatr01_l_d1_p2_f5.png"", 90.0]","true"
"アトリ_tatr01_l_d1_p2_f7.png","アトリ_tatr01_d1_p2_f7","アトリ","tatr01","l","d1","p2","f7","1250","2963","7be56828231e5d524c1e0c91a3eb481b4fb8458e4467baaffd979ff72f4b5ea6","90","2963","1250","rotated_bottom_left_pixels","281","303","626","inherited","[""アトリ_tatr01_l_d1_p2_f6.png"", 90.0]","true"
"アトリ_tatr01_l_d1_p2_f8.png","アトリ_tatr01_d1_p2_f8","アトリ","tatr01","l","d1","p2","f8","1250","2963","e2247f7bdb14217655aba9ee21be623f5d4d34a51931487a79cce7babb0c4120","90","2963","1250","rotated_bottom_left_pixels","281","303","626","inherited","[""アトリ_tatr01_l_d1_p2_f7.png"", 90.0]","true"
"アトリ_tatr01_l_d1_p2_f9.png","アトリ_tatr01_d1_p2_f9","アトリ","tatr01","l","d1","p2","f9","1250","2963","a9465d957a8b3ad84d2d9d852de8945afe5d647a79eb332b6271475cc0a68a45","90","2963","1250","rotated_bottom_left_pixels","281","303","626","inherited","[""アトリ_tatr01_l_d1_p2_f8.png"", 90.0]","true"
"アトリ_tatr01_l_d1_p2_fa.png","アトリ_tatr01_d1_p2_fa","アトリ","tatr01","l","d1","p2","fa","1250","2963","bfa7b73756ceb3676948ef48be3a399afeaebde8002b3ea3201ba6c18774e838","90","2963","1250","rotated_bottom_left_pixels","281","303","626","inherited","[""アトリ_tatr01_l_d1_p2_f9.png"", 90.0]","true"
"アトリ_tatr01_l_d1_p2_fb.png","アトリ_tatr01_d1_p2_fb","アトリ","tatr01","l","d1","p2","fb","1250","2963","3e03a1b1a688634ceb2d289be4773a77837e39e69ddb6c59617117455d1a6a11","90","2963","1250","rotated_bottom_left_pixels","281","303","626","inherited","[""アトリ_tatr01_l_d1_p2_fa.png"", 90.0]","true"
"アトリ_tatr01_l_d1_p2_fc.png","アトリ_tatr01_d1_p2_fc","アトリ","tatr01","l","d1","p2","fc","1250","2963","946dd8a17d8c4c6d383ae4622bb3195b60bca5e68351e265a842a9d7ce8b3706","90","2963","1250","rotated_bottom_left_pixels","281","303","626","inherited","[""アトリ_tatr01_l_d1_p2_fb.png"", 90.0]","true"
"アトリ_tatr01_l_d1_p2_fd.png","アトリ_tatr01_d1_p2_fd","アトリ","tatr01","l","d1","p2","fd","1250","2963","e02c65ee12ee258496af3a875b4b3df35931aae30dc4d33507a018b8629c0329","90","2963","1250","rotated_bottom_left_pixels","281","303","626","inherited","[""アトリ_tatr01_l_d1_p2_fc.png"", 90.0]","true"
"アトリ_tatr01_l_d1_p2_fe.png","アトリ_tatr01_d1_p2_fe","アトリ","tatr01","l","d1","p2","fe","1250","2963","5f81810775d036300084bb6150eaf863c81f92087df9e62d590af5869c47f4da","90","2963","1250","rotated_bottom_left_pixels","281","303","626","inherited","[""アトリ_tatr01_l_d1_p2_fd.png"", 90.0]","true"
"アトリ_tatr01_l_d1_p2_ff.png","アトリ_tatr01_d1_p2_ff","アトリ","tatr01","l","d1","p2","ff","1250","2989","c85dca38f3f841872d29cdc3f69963f1774fc77a23a7fee1c37269fcdf130f03","90","2989","1250","rotated_bottom_left_pixels","298","303","626","manual_adjusted","[""アトリ_tatr01_l_d1_p2_fe.png"", 90.0]","true"
"アトリ_tatr01_l_d1_p2_fg.png","アトリ_tatr01_d1_p2_fg","アトリ","tatr01","l","d1","p2","fg","1250","2963","004e08df54c25f2e8f05cfcf770f88d852f3865128932d364ddad9d7e3198c80","90","2963","1250","rotated_bottom_left_pixels","281","303","626","manual_adjusted","[""アトリ_tatr01_l_d1_p2_ff.png"", 90.0]","true"
"アトリ_tatr01_l_d1_p2_fh.png","アトリ_tatr01_d1_p2_fh","アトリ","tatr01","l","d1","p2","fh","1250","2989","3e9783cf08b0f15a238c727c09e70c51eb2e30bdf4848a085b8e57d8d3402289","90","2989","1250","rotated_bottom_left_pixels","298","303","626","manual_adjusted","[""アトリ_tatr01_l_d1_p2_fg.png"", 90.0]","true"
"アトリ_tatr01_l_d1_p2_fi.png","アトリ_tatr01_d1_p2_fi","アトリ","tatr01","l","d1","p2","fi","1250","2963","74c695c903922df822f7e13d13d438e806e22a69be8b251620f5d68eb4285426","90","2963","1250","rotated_bottom_left_pixels","281","303","626","manual_adjusted","[""アトリ_tatr01_l_d1_p2_fh.png"", 90.0]","true"
"アトリ_tatr01_l_d1_p2_fj.png","アトリ_tatr01_d1_p2_fj","アトリ","tatr01","l","d1","p2","fj","1250","2963","7a2310df609bd1ae28d73d9ab6df6ce5dc619829270a1c67bab1fa939461d9a1","90","2963","1250","rotated_bottom_left_pixels","281","303","626","manual_adjusted","[""アトリ_tatr01_l_d1_p2_fi.png"", 90.0]","true"
"アトリ_tatr01_l_d1_p2_fk.png","アトリ_tatr01_d1_p2_fk","アトリ","tatr01","l","d1","p2","fk","1250","2963","f1d0ec03cb15018a143e1c82c88ffe38aeba6f47e9c665f1679704080cd936b4","90","2963","1250","rotated_bottom_left_pixels","281","303","626","inherited","[""アトリ_tatr01_l_d1_p2_fj.png"", 90.0]","true"
"アトリ_tatr01_l_d1_p2_fl.png","アトリ_tatr01_d1_p2_fl","アトリ","tatr01","l","d1","p2","fl","1250","2963","cb719a8a53de2c3c5d68748675434709caced1300cba70585081149fa54f5502","90","2963","1250","rotated_bottom_left_pixels","281","303","626","inherited","[""アトリ_tatr01_l_d1_p2_fk.png"", 90.0]","true"
"アトリ_tatr01_l_d2_p2_f1.png","アトリ_tatr01_d2_p2_f1","アトリ","tatr01","l","d2","p2","f1","1250","2963","df9a437c87472ea18e5e660ee305abbcf67fb56f926a684f7fa824586c87376c","90","2963","1250","rotated_bottom_left_pixels","281","303","626","inherited","[""アトリ_tatr01_l_d1_p2_fl.png"", 90.0]","true"
"アトリ_tatr01_l_d2_p2_f2.png","アトリ_tatr01_d2_p2_f2","アトリ","tatr01","l","d2","p2","f2","1250","2963","51b348a6d7fdaa59b6497843810ea44784c87aca43902725ea1ede81163af543","90","2963","1250","rotated_bottom_left_pixels","281","303","626","inherited","[""アトリ_tatr01_l_d2_p2_f1.png"", 90.0]","true"
"アトリ_tatr01_l_d2_p2_f3.png","アトリ_tatr01_d2_p2_f3","アトリ","tatr01","l","d2","p2","f3","1250","2963","7e6b425952ca4dd8b5e3bd3c80eb4afd68d553ad2e7975fdb6d86fb7b607f7d1","90","2963","1250","rotated_bottom_left_pixels","281","303","626","inherited","[""アトリ_tatr01_l_d2_p2_f2.png"", 90.0]","true"
"アトリ_tatr01_l_d2_p2_f4.png","アトリ_tatr01_d2_p2_f4","アトリ","tatr01","l","d2","p2","f4","1250","2963","5deaf8b43a27268772959ab7b086991911f1e0719004cf13b0353a6ebd161e53","90","2963","1250","rotated_bottom_left_pixels","281","303","626","inherited","[""アトリ_tatr01_l_d2_p2_f3.png"", 90.0]","true"
"アトリ_tatr01_l_d2_p2_f5.png","アトリ_tatr01_d2_p2_f5","アトリ","tatr01","l","d2","p2","f5","1250","2963","05da545af1ab1ef27a98540d2540d397600d83ae2f1e162fb365a8c7935cb955","90","2963","1250","rotated_bottom_left_pixels","281","303","626","inherited","[""アトリ_tatr01_l_d2_p2_f4.png"", 90.0]","true"
"アトリ_tatr01_l_d2_p2_f6.png","アトリ_tatr01_d2_p2_f6","アトリ","tatr01","l","d2","p2","f6","1250","2963","f7295c84fbe369686ad71f881b2330c1d477f0be87bbc20732a9dd1d355aa0d1","90","2963","1250","rotated_bottom_left_pixels","281","303","626","inherited","[""アトリ_tatr01_l_d2_p2_f5.png"", 90.0]","true"
"アトリ_tatr01_l_d2_p2_f7.png","アトリ_tatr01_d2_p2_f7","アトリ","tatr01","l","d2","p2","f7","1250","2963","7861e2850636936b30e5634fd974eaf42ac03924d4f18c437f66a1034802cfef","90","2963","1250","rotated_bottom_left_pixels","281","303","626","inherited","[""アトリ_tatr01_l_d2_p2_f6.png"", 90.0]","true"
"アトリ_tatr01_l_d2_p2_f8.png","アトリ_tatr01_d2_p2_f8","アトリ","tatr01","l","d2","p2","f8","1250","2963","a69467a60c5d89f02f97feae247a94eb931ce7413299d406d21a15f1934c9627","90","2963","1250","rotated_bottom_left_pixels","281","303","626","inherited","[""アトリ_tatr01_l_d2_p2_f7.png"", 90.0]","true"
"アトリ_tatr01_l_d2_p2_f9.png","アトリ_tatr01_d2_p2_f9","アトリ","tatr01","l","d2","p2","f9","1250","2963","023e06d8ab1328eb1f98695f4271df9057497bfd29f1a1d12c57a15ef7a8be03","90","2963","1250","rotated_bottom_left_pixels","281","303","626","inherited","[""アトリ_tatr01_l_d2_p2_f8.png"", 90.0]","true"
"アトリ_tatr01_l_d2_p2_fa.png","アトリ_tatr01_d2_p2_fa","アトリ","tatr01","l","d2","p2","fa","1250","2963","2038d60848c6c7adff794c728fd25b7b5fa64486f26ef6a531ef8653edaa41d3","90","2963","1250","rotated_bottom_left_pixels","281","303","626","inherited","[""アトリ_tatr01_l_d2_p2_f9.png"", 90.0]","true"
"アトリ_tatr01_l_d2_p2_fb.png","アトリ_tatr01_d2_p2_fb","アトリ","tatr01","l","d2","p2","fb","1250","2963","9c6cebb4df02bfba76e3685601e3d7eb3e2180613a265a95050f436fd882e715","90","2963","1250","rotated_bottom_left_pixels","281","303","626","inherited","[""アトリ_tatr01_l_d2_p2_fa.png"", 90.0]","true"
"アトリ_tatr01_l_d2_p2_fc.png","アトリ_tatr01_d2_p2_fc","アトリ","tatr01","l","d2","p2","fc","1250","2963","82a7108ad457a390a8ad71c8d6931c4b909b3d395e2403b725c05320cbe61d02","90","2963","1250","rotated_bottom_left_pixels","281","303","626","inherited","[""アトリ_tatr01_l_d2_p2_fb.png"", 90.0]","true"
"アトリ_tatr01_l_d2_p2_fd.png","アトリ_tatr01_d2_p2_fd","アトリ","tatr01","l","d2","p2","fd","1250","2963","2e855d53ac4f5a29e8d5af3123df57b86a150f72cf05bf21cbbfa8e3e64831a0","90","2963","1250","rotated_bottom_left_pixels","281","303","626","inherited","[""アトリ_tatr01_l_d2_p2_fc.png"", 90.0]","true"
"アトリ_tatr01_l_d2_p2_fe.png","アトリ_tatr01_d2_p2_fe","アトリ","tatr01","l","d2","p2","fe","1250","2963","838a16f58a0488a6869a9a9a46a42ab485621e61b2c661adee2508b80080e393","90","2963","1250","rotated_bottom_left_pixels","281","303","626","inherited","[""アトリ_tatr01_l_d2_p2_fd.png"", 90.0]","true"
"アトリ_tatr01_l_d2_p2_ff.png","アトリ_tatr01_d2_p2_ff","アトリ","tatr01","l","d2","p2","ff","1250","2989","6a6cd3ce79436515a871691d91ce1fbc2cf782478725ac1351c5bc8bb2b12091","90","2989","1250","rotated_bottom_left_pixels","312","303","626","manual_adjusted","[""アトリ_tatr01_l_d2_p2_fe.png"", 90.0]","true"
"アトリ_tatr01_l_d2_p2_fg.png","アトリ_tatr01_d2_p2_fg","アトリ","tatr01","l","d2","p2","fg","1250","2963","53367ca5c7c7ea696c84e25a25488558336ef432ac270fc330e5f4be8cb952cf","90","2963","1250","rotated_bottom_left_pixels","281","303","626","manual_adjusted","[""アトリ_tatr01_l_d2_p2_ff.png"", 90.0]","true"
"アトリ_tatr01_l_d2_p2_fh.png","アトリ_tatr01_d2_p2_fh","アトリ","tatr01","l","d2","p2","fh","1250","2989","47190bb565504ba3eefa3a3b65c6bff707d7f18c9412b3da4f7e8a93bb77e708","90","2989","1250","rotated_bottom_left_pixels","312","303","626","manual_adjusted","[""アトリ_tatr01_l_d2_p2_fg.png"", 90.0]","true"
"アトリ_tatr01_l_d2_p2_fi.png","アトリ_tatr01_d2_p2_fi","アトリ","tatr01","l","d2","p2","fi","1250","2963","324ba05a5a12ee2ce194cdc49655eb50bdda0d5990f0c6112e0bc433605b72eb","90","2963","1250","rotated_bottom_left_pixels","281","303","626","manual_adjusted","[""アトリ_tatr01_l_d2_p2_fh.png"", 90.0]","true"
"アトリ_tatr01_l_d2_p2_fj.png","アトリ_tatr01_d2_p2_fj","アトリ","tatr01","l","d2","p2","fj","1250","2963","8738ed5276eb3e398f4be2aecafda3380e4e0fcf1b5ee26b711117e3fe71dce7","90","2963","1250","rotated_bottom_left_pixels","281","303","626","inherited","[""アトリ_tatr01_l_d2_p2_fi.png"", 90.0]","true"
"アトリ_tatr01_l_d2_p2_fk.png","アトリ_tatr01_d2_p2_fk","アトリ","tatr01","l","d2","p2","fk","1250","2963","7d0b12fcc0499d96ea6955fb9e0c3bca464fce5b96822012daac9c579ecc59de","90","2963","1250","rotated_bottom_left_pixels","281","303","626","inherited","[""アトリ_tatr01_l_d2_p2_fj.png"", 90.0]","true"
"アトリ_tatr01_l_d2_p2_fl.png","アトリ_tatr01_d2_p2_fl","アトリ","tatr01","l","d2","p2","fl","1250","2963","01b991e81e5571f322f9dd03cc7aeec8fdef591b883e292d76365199fb861d17","90","2963","1250","rotated_bottom_left_pixels","281","303","626","inherited","[""アトリ_tatr01_l_d2_p2_fk.png"", 90.0]","true"
"アトリ_tatr01_l_d3_p2_f1.png","アトリ_tatr01_d3_p2_f1","アトリ","tatr01","l","d3","p2","f1","1250","2963","28aaccff9edb5977760edb9a62de45605c200c3f8e16101d98d3b0a06dc567a8","90","2963","1250","rotated_bottom_left_pixels","281","303","626","inherited","[""アトリ_tatr01_l_d2_p2_fl.png"", 90.0]","true"
"アトリ_tatr01_l_d3_p2_f2.png","アトリ_tatr01_d3_p2_f2","アトリ","tatr01","l","d3","p2","f2","1250","2963","47637d0f1a1e2dde0f9c149e5e61676f2236be3f658c3593e27c04a5e8004075","90","2963","1250","rotated_bottom_left_pixels","281","303","626","inherited","[""アトリ_tatr01_l_d3_p2_f1.png"", 90.0]","true"
"アトリ_tatr01_l_d3_p2_f3.png","アトリ_tatr01_d3_p2_f3","アトリ","tatr01","l","d3","p2","f3","1250","2963","98ceca347e3e09913b55ca7423b608d4a658fb17561ae77c9c82e654b9c73a65","90","2963","1250","rotated_bottom_left_pixels","281","303","626","inherited","[""アトリ_tatr01_l_d3_p2_f2.png"", 90.0]","true"
"アトリ_tatr01_l_d3_p2_f4.png","アトリ_tatr01_d3_p2_f4","アトリ","tatr01","l","d3","p2","f4","1250","2963","2245919dddb77f7993a528be7bca8b02b4f5a7c73bf91b5dc5349ba1cd8cdee5","90","2963","1250","rotated_bottom_left_pixels","281","303","626","inherited","[""アトリ_tatr01_l_d3_p2_f3.png"", 90.0]","true"
"アトリ_tatr01_l_d3_p2_f5.png","アトリ_tatr01_d3_p2_f5","アトリ","tatr01","l","d3","p2","f5","1250","2963","d3a9c036dc1fd78d75deb69877c155c5525f2bfabf811c21f17fb659c8f5f7d6","90","2963","1250","rotated_bottom_left_pixels","281","303","626","inherited","[""アトリ_tatr01_l_d3_p2_f4.png"", 90.0]","true"
"アトリ_tatr01_l_d3_p2_f6.png","アトリ_tatr01_d3_p2_f6","アトリ","tatr01","l","d3","p2","f6","1250","2963","0e792249cda1db5372a6ae35a7fc611ce643615006a93df113e048ab72c75242","90","2963","1250","rotated_bottom_left_pixels","281","303","626","inherited","[""アトリ_tatr01_l_d3_p2_f5.png"", 90.0]","true"
"アトリ_tatr01_l_d3_p2_f7.png","アトリ_tatr01_d3_p2_f7","アトリ","tatr01","l","d3","p2","f7","1250","2963","96cc530ff4f233ed64dde086fa48096ff447936c126e4c0677ad97d3b1295255","90","2963","1250","rotated_bottom_left_pixels","281","303","626","inherited","[""アトリ_tatr01_l_d3_p2_f6.png"", 90.0]","true"
"アトリ_tatr01_l_d3_p2_f8.png","アトリ_tatr01_d3_p2_f8","アトリ","tatr01","l","d3","p2","f8","1250","2963","97766e9833278d6e11af6899ae5e76ef7e03a48c49920620db29b8e748d61304","90","2963","1250","rotated_bottom_left_pixels","281","303","626","inherited","[""アトリ_tatr01_l_d3_p2_f7.png"", 90.0]","true"
"アトリ_tatr01_l_d3_p2_f9.png","アトリ_tatr01_d3_p2_f9","アトリ","tatr01","l","d3","p2","f9","1250","2963","5a477c801132efcba9f0d33cd68016a73dedca006c60a277af55a2bca4526ba7","90","2963","1250","rotated_bottom_left_pixels","281","303","626","inherited","[""アトリ_tatr01_l_d3_p2_f8.png"", 90.0]","true"
"アトリ_tatr01_l_d3_p2_fa.png","アトリ_tatr01_d3_p2_fa","アトリ","tatr01","l","d3","p2","fa","1250","2963","f2cc7863b958b53f0f0d9c048670ce78ee8105643c4ea2d110b9a1707afbe3e2","90","2963","1250","rotated_bottom_left_pixels","281","303","626","inherited","[""アトリ_tatr01_l_d3_p2_f9.png"", 90.0]","true"
"アトリ_tatr01_l_d3_p2_fb.png","アトリ_tatr01_d3_p2_fb","アトリ","tatr01","l","d3","p2","fb","1250","2963","eebfc34e9a839b30c06b87807d13b2d3facb6c9b465035e78843f616a9902d04","90","2963","1250","rotated_bottom_left_pixels","281","303","626","inherited","[""アトリ_tatr01_l_d3_p2_fa.png"", 90.0]","true"
"アトリ_tatr01_l_d3_p2_fc.png","アトリ_tatr01_d3_p2_fc","アトリ","tatr01","l","d3","p2","fc","1250","2963","5d56a8622327d2821ced87025cd03b4fe175acd5d0cb13b29e0dae43c1099a5f","90","2963","1250","rotated_bottom_left_pixels","281","303","626","inherited","[""アトリ_tatr01_l_d3_p2_fb.png"", 90.0]","true"
"アトリ_tatr01_l_d3_p2_fd.png","アトリ_tatr01_d3_p2_fd","アトリ","tatr01","l","d3","p2","fd","1250","2963","cdfb351c5cac65d461343de75fb506017e2b32a486b4372359a322ca60dd2f42","90","2963","1250","rotated_bottom_left_pixels","281","303","626","inherited","[""アトリ_tatr01_l_d3_p2_fc.png"", 90.0]","true"
"アトリ_tatr01_l_d3_p2_fe.png","アトリ_tatr01_d3_p2_fe","アトリ","tatr01","l","d3","p2","fe","1250","2963","61632749745e896c4ea653bded98c2f4f0a0cf57bfc670bd0217c12e64e66534","90","2963","1250","rotated_bottom_left_pixels","281","303","626","inherited","[""アトリ_tatr01_l_d3_p2_fd.png"", 90.0]","true"
"アトリ_tatr01_l_d3_p2_ff.png","アトリ_tatr01_d3_p2_ff","アトリ","tatr01","l","d3","p2","ff","1250","2989","f8642199465f1c2c2f16e7b0b2f1fad309b35498f704b24b52b1f4c18376c64a","90","2989","1250","rotated_bottom_left_pixels","312","303","626","manual_adjusted","[""アトリ_tatr01_l_d3_p2_fe.png"", 90.0]","true"
"アトリ_tatr01_l_d3_p2_fg.png","アトリ_tatr01_d3_p2_fg","アトリ","tatr01","l","d3","p2","fg","1250","2963","74dee4ced7d5dc0e32d4668421c2483a3f4452dea5535449f38ce0f3963ac37a","90","2963","1250","rotated_bottom_left_pixels","281","303","626","manual_adjusted","[""アトリ_tatr01_l_d3_p2_ff.png"", 90.0]","true"
"アトリ_tatr01_l_d3_p2_fh.png","アトリ_tatr01_d3_p2_fh","アトリ","tatr01","l","d3","p2","fh","1250","2989","9f116fe43f6c3c0ab673e3b529653be9d09ca1142d2172d9eaf1e2dc46caa8ae","90","2989","1250","rotated_bottom_left_pixels","312","303","626","manual_adjusted","[""アトリ_tatr01_l_d3_p2_fg.png"", 90.0]","true"
"アトリ_tatr01_l_d3_p2_fi.png","アトリ_tatr01_d3_p2_fi","アトリ","tatr01","l","d3","p2","fi","1250","2963","a19f637b7f53cdd97b6ca3d1b4dc134c0e35d86b216abe20877e635aeedc79d8","90","2963","1250","rotated_bottom_left_pixels","281","303","626","manual_adjusted","[""アトリ_tatr01_l_d3_p2_fh.png"", 90.0]","true"
"アトリ_tatr01_l_d3_p2_fj.png","アトリ_tatr01_d3_p2_fj","アトリ","tatr01","l","d3","p2","fj","1250","2963","f4c47dea28b733ef69f8a9b65dfce80a2981de9b5508ca72bb29a6aa0be7b156","90","2963","1250","rotated_bottom_left_pixels","281","303","626","inherited","[""アトリ_tatr01_l_d3_p2_fi.png"", 90.0]","true"
"アトリ_tatr01_l_d3_p2_fk.png","アトリ_tatr01_d3_p2_fk","アトリ","tatr01","l","d3","p2","fk","1250","2963","e7b2f09e107be931ff7eafe9c33a7c8650806a026e0e763c4b57319ea9536401","90","2963","1250","rotated_bottom_left_pixels","281","303","626","inherited","[""アトリ_tatr01_l_d3_p2_fj.png"", 90.0]","true"
"アトリ_tatr01_l_d3_p2_fl.png","アトリ_tatr01_d3_p2_fl","アトリ","tatr01","l","d3","p2","fl","1250","2963","a16810d9db0cbcafb165684236e3f8344470586faad3765bd4f09f666a424f9a","90","2963","1250","rotated_bottom_left_pixels","281","303","626","inherited","[""アトリ_tatr01_l_d3_p2_fk.png"", 90.0]","true"
"アトリ_tatr01_l_d4_p2_f1.png","アトリ_tatr01_d4_p2_f1","アトリ","tatr01","l","d4","p2","f1","1250","2963","da26a0333af6ac03a6cc0410c2a1d4fca6f838b473fd087f4ed2b7c5e420e316","90","2963","1250","rotated_bottom_left_pixels","281","303","626","inherited","[""アトリ_tatr01_l_d3_p2_fl.png"", 90.0]","true"
"アトリ_tatr01_l_d4_p2_f2.png","アトリ_tatr01_d4_p2_f2","アトリ","tatr01","l","d4","p2","f2","1250","2963","d399278af565e255d89d00321608f2d0f0a87fe332fa6456189af883330ff3c8","90","2963","1250","rotated_bottom_left_pixels","281","303","626","inherited","[""アトリ_tatr01_l_d4_p2_f1.png"", 90.0]","true"
"アトリ_tatr01_l_d4_p2_f3.png","アトリ_tatr01_d4_p2_f3","アトリ","tatr01","l","d4","p2","f3","1250","2963","6cf187ab4bdb419940237fe301dad682284667496548e14493b1306ffd0bd0fd","90","2963","1250","rotated_bottom_left_pixels","281","303","626","inherited","[""アトリ_tatr01_l_d4_p2_f2.png"", 90.0]","true"
"アトリ_tatr01_l_d4_p2_f4.png","アトリ_tatr01_d4_p2_f4","アトリ","tatr01","l","d4","p2","f4","1250","2963","329eeced82f54542adef86749501ccf7e06c806d78631a3b7a0ac7000fad4cdb","90","2963","1250","rotated_bottom_left_pixels","281","303","626","inherited","[""アトリ_tatr01_l_d4_p2_f3.png"", 90.0]","true"
"アトリ_tatr01_l_d4_p2_f5.png","アトリ_tatr01_d4_p2_f5","アトリ","tatr01","l","d4","p2","f5","1250","2963","fbe01745a1048e51c0b06e680fcb804ad67fc22e028ef0262c02c61816380eee","90","2963","1250","rotated_bottom_left_pixels","281","303","626","inherited","[""アトリ_tatr01_l_d4_p2_f4.png"", 90.0]","true"
"アトリ_tatr01_l_d4_p2_f6.png","アトリ_tatr01_d4_p2_f6","アトリ","tatr01","l","d4","p2","f6","1250","2963","2bf25696c4c12b7be6d7f1c618e97f1e3d6ee3ea66fbfa2127e2401e3f36e2aa","90","2963","1250","rotated_bottom_left_pixels","281","303","626","inherited","[""アトリ_tatr01_l_d4_p2_f5.png"", 90.0]","true"
"アトリ_tatr01_l_d4_p2_f7.png","アトリ_tatr01_d4_p2_f7","アトリ","tatr01","l","d4","p2","f7","1250","2963","a6e029b580eb97675cf169cb9ee1f723e77965ecaaa474d655602abb919a6076","90","2963","1250","rotated_bottom_left_pixels","281","303","626","inherited","[""アトリ_tatr01_l_d4_p2_f6.png"", 90.0]","true"
"アトリ_tatr01_l_d4_p2_f8.png","アトリ_tatr01_d4_p2_f8","アトリ","tatr01","l","d4","p2","f8","1250","2963","fff1751c1caec393b5f77979ac5eaf20f054abade9811695fa6779c249f5c5fd","90","2963","1250","rotated_bottom_left_pixels","281","303","626","inherited","[""アトリ_tatr01_l_d4_p2_f7.png"", 90.0]","true"
"アトリ_tatr01_l_d4_p2_f9.png","アトリ_tatr01_d4_p2_f9","アトリ","tatr01","l","d4","p2","f9","1250","2963","0a9c32cbdbc4b0f3bd03068d9a1788782fbccc190ff643cf7f625fb5ebc1335b","90","2963","1250","rotated_bottom_left_pixels","281","303","626","inherited","[""アトリ_tatr01_l_d4_p2_f8.png"", 90.0]","true"
"アトリ_tatr01_l_d4_p2_fa.png","アトリ_tatr01_d4_p2_fa","アトリ","tatr01","l","d4","p2","fa","1250","2963","c015029cf8947e69c9052bd972b0401d3a14b985aa29c8061882a0a756995d1c","90","2963","1250","rotated_bottom_left_pixels","281","303","626","inherited","[""アトリ_tatr01_l_d4_p2_f9.png"", 90.0]","true"
"アトリ_tatr01_l_d4_p2_fb.png","アトリ_tatr01_d4_p2_fb","アトリ","tatr01","l","d4","p2","fb","1250","2963","4cbf178362f61ac6f75219bf2e239f2ab53d0dd64d5b8c624dfb0fd07fcee00f","90","2963","1250","rotated_bottom_left_pixels","281","303","626","inherited","[""アトリ_tatr01_l_d4_p2_fa.png"", 90.0]","true"
"アトリ_tatr01_l_d4_p2_fc.png","アトリ_tatr01_d4_p2_fc","アトリ","tatr01","l","d4","p2","fc","1250","2963","e5b66a281b8b18960323cb1b4a3b4fedb3a3147bb4b236c57f1d9a57c1f2375b","90","2963","1250","rotated_bottom_left_pixels","281","303","626","inherited","[""アトリ_tatr01_l_d4_p2_fb.png"", 90.0]","true"
"アトリ_tatr01_l_d4_p2_fd.png","アトリ_tatr01_d4_p2_fd","アトリ","tatr01","l","d4","p2","fd","1250","2963","91e146b477392708da335c3b07589605db817270b412c2e41ae920e947138bb9","90","2963","1250","rotated_bottom_left_pixels","281","303","626","inherited","[""アトリ_tatr01_l_d4_p2_fc.png"", 90.0]","true"
"アトリ_tatr01_l_d4_p2_fe.png","アトリ_tatr01_d4_p2_fe","アトリ","tatr01","l","d4","p2","fe","1250","2963","992e61dedcca2b1bf765f5128998d332a30394f4515a7cbb70ba6a02d3853ed9","90","2963","1250","rotated_bottom_left_pixels","281","303","626","inherited","[""アトリ_tatr01_l_d4_p2_fd.png"", 90.0]","true"
"アトリ_tatr01_l_d4_p2_ff.png","アトリ_tatr01_d4_p2_ff","アトリ","tatr01","l","d4","p2","ff","1250","2989","dc6abf389ac3b2cdaeff5bc277837c48fa5116185f5ca6315451927e09577629","90","2989","1250","rotated_bottom_left_pixels","312","303","626","manual_adjusted","[""アトリ_tatr01_l_d4_p2_fe.png"", 90.0]","true"
"アトリ_tatr01_l_d4_p2_fg.png","アトリ_tatr01_d4_p2_fg","アトリ","tatr01","l","d4","p2","fg","1250","2963","37ffca8f4ce0077cacbbf82c07b1cb97fdef7c1edc7ab51aeeb1a995856a396a","90","2963","1250","rotated_bottom_left_pixels","281","303","626","manual_adjusted","[""アトリ_tatr01_l_d4_p2_ff.png"", 90.0]","true"
"アトリ_tatr01_l_d4_p2_fh.png","アトリ_tatr01_d4_p2_fh","アトリ","tatr01","l","d4","p2","fh","1250","2989","27005fd63820541a92e8125ec28d15e4516c7946756288fac20bbacddfbdb7b5","90","2989","1250","rotated_bottom_left_pixels","312","303","626","manual_adjusted","[""アトリ_tatr01_l_d4_p2_fg.png"", 90.0]","true"
"アトリ_tatr01_l_d4_p2_fi.png","アトリ_tatr01_d4_p2_fi","アトリ","tatr01","l","d4","p2","fi","1250","2963","c2f0f0a5cd7d9d2df82a07187f7fed98ba76c1704782a591738da1da9e9030e2","90","2963","1250","rotated_bottom_left_pixels","281","303","626","manual_adjusted","[""アトリ_tatr01_l_d4_p2_fh.png"", 90.0]","true"
"アトリ_tatr01_l_d4_p2_fj.png","アトリ_tatr01_d4_p2_fj","アトリ","tatr01","l","d4","p2","fj","1250","2963","0f80146d3017768a4b2d6e1d59814de03b7a0a7f356a26a095062cc6caaa1c77","90","2963","1250","rotated_bottom_left_pixels","281","303","626","inherited","[""アトリ_tatr01_l_d4_p2_fi.png"", 90.0]","true"
"アトリ_tatr01_l_d4_p2_fk.png","アトリ_tatr01_d4_p2_fk","アトリ","tatr01","l","d4","p2","fk","1250","2963","e2a09ff0e966bc1d180a557096d4a91bfe3611a20dea1ba4b2a9b04d99781190","90","2963","1250","rotated_bottom_left_pixels","281","303","626","inherited","[""アトリ_tatr01_l_d4_p2_fj.png"", 90.0]","true"
"アトリ_tatr01_l_d4_p2_fl.png","アトリ_tatr01_d4_p2_fl","アトリ","tatr01","l","d4","p2","fl","1250","2963","09268ed2d18431ba973805d3c22e0be76e05bf10e0feb0d28579eaa44540ed03","90","2963","1250","rotated_bottom_left_pixels","281","303","626","inherited","[""アトリ_tatr01_l_d4_p2_fk.png"", 90.0]","true"
"アトリ_tatr02_l_d1_p3_f1.png","アトリ_tatr02_d1_p3_f1","アトリ","tatr02","l","d1","p3","f1","2129","2578","c17755e0aeec3e224fb7417df3995a18255813f155a69541de8a925906546471","90","2578","2129","rotated_bottom_left_pixels","52","929","626","rotated_reference","[""アトリ_tatr02_l_d1_p3_f1.png"", 0.0]","true"
"アトリ_tatr02_l_d1_p3_f2.png","アトリ_tatr02_d1_p3_f2","アトリ","tatr02","l","d1","p3","f2","2129","2578","582c5b128ce4a78247a7da0b9acf58f9b3a06843b88fdadca75679086f30bbf5","90","2578","2129","rotated_bottom_left_pixels","52","929","626","inherited","[""アトリ_tatr02_l_d1_p3_f1.png"", 90.0]","true"
"アトリ_tatr02_l_d1_p3_f3.png","アトリ_tatr02_d1_p3_f3","アトリ","tatr02","l","d1","p3","f3","2129","2578","02ffe36e2f97a13b034525f5e9617550827308f706eddd8e65d99bfd8c25fcea","90","2578","2129","rotated_bottom_left_pixels","52","929","626","inherited","[""アトリ_tatr02_l_d1_p3_f2.png"", 90.0]","true"
"アトリ_tatr02_l_d1_p3_f4.png","アトリ_tatr02_d1_p3_f4","アトリ","tatr02","l","d1","p3","f4","2129","2578","0aefa0fd37f66fb11fd06644cbe85a11fc0a34f0bcdadfcdad6886c72629e10b","90","2578","2129","rotated_bottom_left_pixels","52","929","626","inherited","[""アトリ_tatr02_l_d1_p3_f3.png"", 90.0]","true"
"アトリ_tatr02_l_d1_p3_f5.png","アトリ_tatr02_d1_p3_f5","アトリ","tatr02","l","d1","p3","f5","2129","2578","5c7a4be623bbbc97f9941978f21cbe1be26dcd5bd2d58d2337848a6ff89187d4","90","2578","2129","rotated_bottom_left_pixels","52","929","626","inherited","[""アトリ_tatr02_l_d1_p3_f4.png"", 90.0]","true"
"アトリ_tatr02_l_d1_p3_f6.png","アトリ_tatr02_d1_p3_f6","アトリ","tatr02","l","d1","p3","f6","2129","2578","677e29beb12cba240561a3d41051fc4efdb18467223c39b2af37157915aa8433","90","2578","2129","rotated_bottom_left_pixels","52","929","626","inherited","[""アトリ_tatr02_l_d1_p3_f5.png"", 90.0]","true"
"アトリ_tatr02_l_d1_p3_f7.png","アトリ_tatr02_d1_p3_f7","アトリ","tatr02","l","d1","p3","f7","2129","2578","ad32773aa9930e56812fe5a5280b2bb31f6357dde1c2912062b0c764ad70a87e","90","2578","2129","rotated_bottom_left_pixels","52","929","626","inherited","[""アトリ_tatr02_l_d1_p3_f6.png"", 90.0]","true"
"アトリ_tatr02_l_d1_p3_f8.png","アトリ_tatr02_d1_p3_f8","アトリ","tatr02","l","d1","p3","f8","2129","2578","ac7f369f1aafa8a0b52121bca43d55bb08844bde4b55287bc80f5751cfb6e268","90","2578","2129","rotated_bottom_left_pixels","52","929","626","inherited","[""アトリ_tatr02_l_d1_p3_f7.png"", 90.0]","true"
"アトリ_tatr02_l_d1_p3_f9.png","アトリ_tatr02_d1_p3_f9","アトリ","tatr02","l","d1","p3","f9","2129","2578","58ec2b1b302ddf3e81979fcb02c420a349a6563ff4f4bc21caf97af17a303699","90","2578","2129","rotated_bottom_left_pixels","52","929","626","inherited","[""アトリ_tatr02_l_d1_p3_f8.png"", 90.0]","true"
"アトリ_tatr02_l_d1_p3_fa.png","アトリ_tatr02_d1_p3_fa","アトリ","tatr02","l","d1","p3","fa","2129","2578","d5906cfba331bc8e32845ef70b34eba6d49bcecd0ac398fe6ee8204cb2931863","90","2578","2129","rotated_bottom_left_pixels","52","929","626","inherited","[""アトリ_tatr02_l_d1_p3_f9.png"", 90.0]","true"
"アトリ_tatr02_l_d1_p3_fb.png","アトリ_tatr02_d1_p3_fb","アトリ","tatr02","l","d1","p3","fb","2129","2578","472aaa8ecd58382e749ba78e1ab8b24a48f59745b5719d66305609e6ced73e80","90","2578","2129","rotated_bottom_left_pixels","52","929","626","inherited","[""アトリ_tatr02_l_d1_p3_fa.png"", 90.0]","true"
"アトリ_tatr02_l_d1_p3_fc.png","アトリ_tatr02_d1_p3_fc","アトリ","tatr02","l","d1","p3","fc","2129","2578","c100c084b46319d973dd3f1e461ef4e0977cc5e0fc8c79182d73822b47c12d80","90","2578","2129","rotated_bottom_left_pixels","52","929","626","inherited","[""アトリ_tatr02_l_d1_p3_fb.png"", 90.0]","true"
"アトリ_tatr02_l_d1_p3_fd.png","アトリ_tatr02_d1_p3_fd","アトリ","tatr02","l","d1","p3","fd","2129","2578","f786af13587f1c6f454de0d2caf50970cbe220df3548e2e024c86f1f628d5987","90","2578","2129","rotated_bottom_left_pixels","52","929","626","inherited","[""アトリ_tatr02_l_d1_p3_fc.png"", 90.0]","true"
"アトリ_tatr02_l_d1_p3_fe.png","アトリ_tatr02_d1_p3_fe","アトリ","tatr02","l","d1","p3","fe","2129","2578","4a8113b4875d7d67febeb1038ae9bd233cbe9156a2139f7edb362ea81db93671","90","2578","2129","rotated_bottom_left_pixels","52","929","626","inherited","[""アトリ_tatr02_l_d1_p3_fd.png"", 90.0]","true"
"アトリ_tatr02_l_d1_p3_ff.png","アトリ_tatr02_d1_p3_ff","アトリ","tatr02","l","d1","p3","ff","2129","2578","4215112d7b1b3ddc6081febcfd053a5cdcdc0e43f549e76ae656643d5c8f6fc8","90","2578","2129","rotated_bottom_left_pixels","52","929","626","inherited","[""アトリ_tatr02_l_d1_p3_fe.png"", 90.0]","true"
"アトリ_tatr02_l_d1_p3_fg.png","アトリ_tatr02_d1_p3_fg","アトリ","tatr02","l","d1","p3","fg","2129","2578","01e102546fa9369d3431fc1fcf7b46cebf96d803a9fc2a6a6e39fa8cc7c1b77a","90","2578","2129","rotated_bottom_left_pixels","52","929","626","inherited","[""アトリ_tatr02_l_d1_p3_ff.png"", 90.0]","true"
"アトリ_tatr02_l_d1_p3_fh.png","アトリ_tatr02_d1_p3_fh","アトリ","tatr02","l","d1","p3","fh","2129","2578","03d3e58fd49fb59cabd222751b732e5b002d7a8969f6b0b23bcf944d300143a2","90","2578","2129","rotated_bottom_left_pixels","52","929","626","inherited","[""アトリ_tatr02_l_d1_p3_fg.png"", 90.0]","true"
"アトリ_tatr02_l_d1_p3_fi.png","アトリ_tatr02_d1_p3_fi","アトリ","tatr02","l","d1","p3","fi","2129","2578","d8bda5791595a48dedbcbf1634fb6ae27bd9002894d8f410b22985451988b0c5","90","2578","2129","rotated_bottom_left_pixels","52","929","626","inherited","[""アトリ_tatr02_l_d1_p3_fh.png"", 90.0]","true"
"アトリ_tatr02_l_d1_p3_fj.png","アトリ_tatr02_d1_p3_fj","アトリ","tatr02","l","d1","p3","fj","2129","2578","d6eeaf97b956ba3823e4d94c61759bc7d3c1f0b3d51cee41762d3b2e35023da5","90","2578","2129","rotated_bottom_left_pixels","52","929","626","inherited","[""アトリ_tatr02_l_d1_p3_fi.png"", 90.0]","true"
"アトリ_tatr02_l_d1_p3_fk.png","アトリ_tatr02_d1_p3_fk","アトリ","tatr02","l","d1","p3","fk","2129","2578","aa29135a4ded423ac4985c036614332cf45486e8ac0008f2865f8b0cbebfbb6a","90","2578","2129","rotated_bottom_left_pixels","52","929","626","inherited","[""アトリ_tatr02_l_d1_p3_fj.png"", 90.0]","true"
"アトリ_tatr02_l_d1_p3_fl.png","アトリ_tatr02_d1_p3_fl","アトリ","tatr02","l","d1","p3","fl","2129","2578","ed7d13379f1755f31477211c5fedad0213bfc3bff6b6d51f7e7460a2f4bcbc8d","90","2578","2129","rotated_bottom_left_pixels","52","929","626","inherited","[""アトリ_tatr02_l_d1_p3_fk.png"", 90.0]","true"
"アトリ_tatr02_l_d2_p3_f1.png","アトリ_tatr02_d2_p3_f1","アトリ","tatr02","l","d2","p3","f1","2129","2578","b1ac704dd241eb5cd53beb4b13ec49504a9edce8ad1195277ad8edf78bf43b04","90","2578","2129","rotated_bottom_left_pixels","52","929","626","inherited","[""アトリ_tatr02_l_d1_p3_fl.png"", 90.0]","true"
"アトリ_tatr02_l_d2_p3_f2.png","アトリ_tatr02_d2_p3_f2","アトリ","tatr02","l","d2","p3","f2","2129","2578","c77bc9bfe4cdbe00e57ec2821727b9bdac15923516203ee061b34f3483e26c4d","90","2578","2129","rotated_bottom_left_pixels","52","929","626","inherited","[""アトリ_tatr02_l_d2_p3_f1.png"", 90.0]","true"
"アトリ_tatr02_l_d2_p3_f3.png","アトリ_tatr02_d2_p3_f3","アトリ","tatr02","l","d2","p3","f3","2129","2578","65dbd477594c460089de9704597a92c3e0d801391b8e96c8d4867094b5e28c14","90","2578","2129","rotated_bottom_left_pixels","52","929","626","inherited","[""アトリ_tatr02_l_d2_p3_f2.png"", 90.0]","true"
"アトリ_tatr02_l_d2_p3_f4.png","アトリ_tatr02_d2_p3_f4","アトリ","tatr02","l","d2","p3","f4","2129","2578","0d006e0b6f9255f52538f22da553ed21992a6d2e54cd1da3401915ffec66a3a8","90","2578","2129","rotated_bottom_left_pixels","52","929","626","inherited","[""アトリ_tatr02_l_d2_p3_f3.png"", 90.0]","true"
"アトリ_tatr02_l_d2_p3_f5.png","アトリ_tatr02_d2_p3_f5","アトリ","tatr02","l","d2","p3","f5","2129","2578","ffd01ca46a2acc8ba612e352f2153385930c161d9209a845ec262cbd4534e9e9","90","2578","2129","rotated_bottom_left_pixels","52","929","626","inherited","[""アトリ_tatr02_l_d2_p3_f4.png"", 90.0]","true"
"アトリ_tatr02_l_d2_p3_f6.png","アトリ_tatr02_d2_p3_f6","アトリ","tatr02","l","d2","p3","f6","2129","2578","2dfa38e8ee1540f3bd45ff07ae3903632f64ce67b4e01b209924b85290f0d1b0","90","2578","2129","rotated_bottom_left_pixels","52","929","626","inherited","[""アトリ_tatr02_l_d2_p3_f5.png"", 90.0]","true"
"アトリ_tatr02_l_d2_p3_f7.png","アトリ_tatr02_d2_p3_f7","アトリ","tatr02","l","d2","p3","f7","2129","2578","98354498f12037c75dd752c0ccdc49b695ab9ae93e9b9405adef512769f77e90","90","2578","2129","rotated_bottom_left_pixels","52","929","626","inherited","[""アトリ_tatr02_l_d2_p3_f6.png"", 90.0]","true"
"アトリ_tatr02_l_d2_p3_f8.png","アトリ_tatr02_d2_p3_f8","アトリ","tatr02","l","d2","p3","f8","2129","2578","6e63677a2e8166477204d3b4ee563c6585fc3a5b0d38bdfb523821876ba26530","90","2578","2129","rotated_bottom_left_pixels","52","929","626","inherited","[""アトリ_tatr02_l_d2_p3_f7.png"", 90.0]","true"
"アトリ_tatr02_l_d2_p3_f9.png","アトリ_tatr02_d2_p3_f9","アトリ","tatr02","l","d2","p3","f9","2129","2578","e3daba8e644cffa7abc9daa56e647c621e5f1d77d1945fafc52ef94f90e6bf6f","90","2578","2129","rotated_bottom_left_pixels","52","929","626","inherited","[""アトリ_tatr02_l_d2_p3_f8.png"", 90.0]","true"
"アトリ_tatr02_l_d2_p3_fa.png","アトリ_tatr02_d2_p3_fa","アトリ","tatr02","l","d2","p3","fa","2129","2578","fb529c00820e31ef1fbc8dad4819c63ea3f9242c6e031c3647c1d519af861797","90","2578","2129","rotated_bottom_left_pixels","52","929","626","inherited","[""アトリ_tatr02_l_d2_p3_f9.png"", 90.0]","true"
"アトリ_tatr02_l_d2_p3_fb.png","アトリ_tatr02_d2_p3_fb","アトリ","tatr02","l","d2","p3","fb","2129","2578","13616145df978ad9ff2966967a309fc2773313fcea10ac20b0b646c556f28418","90","2578","2129","rotated_bottom_left_pixels","52","929","626","inherited","[""アトリ_tatr02_l_d2_p3_fa.png"", 90.0]","true"
"アトリ_tatr02_l_d2_p3_fc.png","アトリ_tatr02_d2_p3_fc","アトリ","tatr02","l","d2","p3","fc","2129","2578","d72be07f4464bfff6c8f684f660e6caa031de97d3fd346c46aaa5d09039f28d8","90","2578","2129","rotated_bottom_left_pixels","52","929","626","inherited","[""アトリ_tatr02_l_d2_p3_fb.png"", 90.0]","true"
"アトリ_tatr02_l_d2_p3_fd.png","アトリ_tatr02_d2_p3_fd","アトリ","tatr02","l","d2","p3","fd","2129","2578","2343b35ba9ab80aa602a64a53ce82729faeff12372028ebd5356b2bb467aae38","90","2578","2129","rotated_bottom_left_pixels","52","929","626","inherited","[""アトリ_tatr02_l_d2_p3_fc.png"", 90.0]","true"
"アトリ_tatr02_l_d2_p3_fe.png","アトリ_tatr02_d2_p3_fe","アトリ","tatr02","l","d2","p3","fe","2129","2578","e578811a6d167f5c6d014af1ce78d6dace275ba4d0d1067c3ac80e03fe508292","90","2578","2129","rotated_bottom_left_pixels","52","929","626","inherited","[""アトリ_tatr02_l_d2_p3_fd.png"", 90.0]","true"
"アトリ_tatr02_l_d2_p3_ff.png","アトリ_tatr02_d2_p3_ff","アトリ","tatr02","l","d2","p3","ff","2129","2578","59363bcbd4e46e85df43c3b94ee6320c0e4a9dc93450287c4543989bf7abd82b","90","2578","2129","rotated_bottom_left_pixels","52","929","626","inherited","[""アトリ_tatr02_l_d2_p3_fe.png"", 90.0]","true"
"アトリ_tatr02_l_d2_p3_fg.png","アトリ_tatr02_d2_p3_fg","アトリ","tatr02","l","d2","p3","fg","2129","2578","ad6f5eb992afdcc6ef0e959e6ff6373309067bd3f4968f18e9c371f2fdc5321c","90","2578","2129","rotated_bottom_left_pixels","52","929","626","inherited","[""アトリ_tatr02_l_d2_p3_ff.png"", 90.0]","true"
"アトリ_tatr02_l_d2_p3_fh.png","アトリ_tatr02_d2_p3_fh","アトリ","tatr02","l","d2","p3","fh","2129","2578","3dc96c5c59f9009d552f9083c95e7c84b6929d6628e2f42d8b8dfb8e67d88929","90","2578","2129","rotated_bottom_left_pixels","52","929","626","inherited","[""アトリ_tatr02_l_d2_p3_fg.png"", 90.0]","true"
"アトリ_tatr02_l_d2_p3_fi.png","アトリ_tatr02_d2_p3_fi","アトリ","tatr02","l","d2","p3","fi","2129","2578","796e32f9d05a5647693d68a5c849498c8eabc24ca92e055d087067068c43519e","90","2578","2129","rotated_bottom_left_pixels","52","929","626","inherited","[""アトリ_tatr02_l_d2_p3_fh.png"", 90.0]","true"
"アトリ_tatr02_l_d2_p3_fj.png","アトリ_tatr02_d2_p3_fj","アトリ","tatr02","l","d2","p3","fj","2129","2578","b66754a74fca2f3f4c5fe89d2ffc25977c57920c7f4be2a8704ba7acb0c828d5","90","2578","2129","rotated_bottom_left_pixels","52","929","626","inherited","[""アトリ_tatr02_l_d2_p3_fi.png"", 90.0]","true"
"アトリ_tatr02_l_d2_p3_fk.png","アトリ_tatr02_d2_p3_fk","アトリ","tatr02","l","d2","p3","fk","2129","2578","12e94cf2eb7533371d6bcf0491c3a4e55e6c6468f5e4f827a567b7391e5173a6","90","2578","2129","rotated_bottom_left_pixels","52","929","626","inherited","[""アトリ_tatr02_l_d2_p3_fj.png"", 90.0]","true"
"アトリ_tatr02_l_d2_p3_fl.png","アトリ_tatr02_d2_p3_fl","アトリ","tatr02","l","d2","p3","fl","2129","2578","15011ec8bb6af900dc8ecbd7c388f740508e4cfc9df97ae1be75f5ade19a0f4a","90","2578","2129","rotated_bottom_left_pixels","52","929","626","inherited","[""アトリ_tatr02_l_d2_p3_fk.png"", 90.0]","true"
"アトリ_tatr02_l_d3_p3_f1.png","アトリ_tatr02_d3_p3_f1","アトリ","tatr02","l","d3","p3","f1","2129","2578","f6c68e366b565aec072d09c568440fb9d54d4cc96f1d8d565851b468e7a62060","90","2578","2129","rotated_bottom_left_pixels","52","929","626","inherited","[""アトリ_tatr02_l_d2_p3_fl.png"", 90.0]","true"
"アトリ_tatr02_l_d3_p3_f2.png","アトリ_tatr02_d3_p3_f2","アトリ","tatr02","l","d3","p3","f2","2129","2578","d9fdc11bf6c9f727b19cee2536a26696c5acaf88a17c0e0198f4e8bc9a56898c","90","2578","2129","rotated_bottom_left_pixels","52","929","626","inherited","[""アトリ_tatr02_l_d3_p3_f1.png"", 90.0]","true"
"アトリ_tatr02_l_d3_p3_f3.png","アトリ_tatr02_d3_p3_f3","アトリ","tatr02","l","d3","p3","f3","2129","2578","bc32c48e315b973f9ef5706f4e6ad1f92d5da459f671d54ecf0e7c6c61fba379","90","2578","2129","rotated_bottom_left_pixels","52","929","626","inherited","[""アトリ_tatr02_l_d3_p3_f2.png"", 90.0]","true"
"アトリ_tatr02_l_d3_p3_f4.png","アトリ_tatr02_d3_p3_f4","アトリ","tatr02","l","d3","p3","f4","2129","2578","ad748d8c12fb5e55b741987cda75ad0d37a3631dc6772f57b6c734b429356315","90","2578","2129","rotated_bottom_left_pixels","52","929","626","inherited","[""アトリ_tatr02_l_d3_p3_f3.png"", 90.0]","true"
"アトリ_tatr02_l_d3_p3_f5.png","アトリ_tatr02_d3_p3_f5","アトリ","tatr02","l","d3","p3","f5","2129","2578","1e35faf2c7bb3bc541a01171d5dddc955c1d0b7afa2209175092b47a9761bf2a","90","2578","2129","rotated_bottom_left_pixels","52","929","626","inherited","[""アトリ_tatr02_l_d3_p3_f4.png"", 90.0]","true"
"アトリ_tatr02_l_d3_p3_f6.png","アトリ_tatr02_d3_p3_f6","アトリ","tatr02","l","d3","p3","f6","2129","2578","cd52390da23d61882af0e8e6d04e65c4ceeb09553d85d86caa178d45f9bf59be","90","2578","2129","rotated_bottom_left_pixels","52","929","626","inherited","[""アトリ_tatr02_l_d3_p3_f5.png"", 90.0]","true"
"アトリ_tatr02_l_d3_p3_f7.png","アトリ_tatr02_d3_p3_f7","アトリ","tatr02","l","d3","p3","f7","2129","2578","bb2833a7b282b8e39c099a2368396a0fd4d52c596a4eda4418d2d027b4ebcbca","90","2578","2129","rotated_bottom_left_pixels","52","929","626","inherited","[""アトリ_tatr02_l_d3_p3_f6.png"", 90.0]","true"
"アトリ_tatr02_l_d3_p3_f8.png","アトリ_tatr02_d3_p3_f8","アトリ","tatr02","l","d3","p3","f8","2129","2578","ffdc6f4103308893c07e5efe02ae25c994495dc017d3fa24fe021181043345ad","90","2578","2129","rotated_bottom_left_pixels","52","929","626","inherited","[""アトリ_tatr02_l_d3_p3_f7.png"", 90.0]","true"
"アトリ_tatr02_l_d3_p3_f9.png","アトリ_tatr02_d3_p3_f9","アトリ","tatr02","l","d3","p3","f9","2129","2578","ba85da30bcbd114f81ec512db251e0a04a2caee23b19ef3ee698ba2ffa7a7c1f","90","2578","2129","rotated_bottom_left_pixels","52","929","626","inherited","[""アトリ_tatr02_l_d3_p3_f8.png"", 90.0]","true"
"アトリ_tatr02_l_d3_p3_fa.png","アトリ_tatr02_d3_p3_fa","アトリ","tatr02","l","d3","p3","fa","2129","2578","810dd2321f8a81621da41e940fa4f9e50f15276d1410aa1fe6b699f99d392e15","90","2578","2129","rotated_bottom_left_pixels","52","929","626","inherited","[""アトリ_tatr02_l_d3_p3_f9.png"", 90.0]","true"
"アトリ_tatr02_l_d3_p3_fb.png","アトリ_tatr02_d3_p3_fb","アトリ","tatr02","l","d3","p3","fb","2129","2578","5eaade63dd5f09175400b9e069db7c7f1d2a018fadfa33326c6ae14e78e4c6e7","90","2578","2129","rotated_bottom_left_pixels","52","929","626","inherited","[""アトリ_tatr02_l_d3_p3_fa.png"", 90.0]","true"
"アトリ_tatr02_l_d3_p3_fc.png","アトリ_tatr02_d3_p3_fc","アトリ","tatr02","l","d3","p3","fc","2129","2578","70d26caf430f6551dee492f64116c4619b0990ba0c480d0ab422694277c16ba0","90","2578","2129","rotated_bottom_left_pixels","52","929","626","inherited","[""アトリ_tatr02_l_d3_p3_fb.png"", 90.0]","true"
"アトリ_tatr02_l_d3_p3_fd.png","アトリ_tatr02_d3_p3_fd","アトリ","tatr02","l","d3","p3","fd","2129","2578","0dc241f3806473dce876009e1af2ef38700b3d866df0a5dd99d5c1369b0a09b9","90","2578","2129","rotated_bottom_left_pixels","52","929","626","inherited","[""アトリ_tatr02_l_d3_p3_fc.png"", 90.0]","true"
"アトリ_tatr02_l_d3_p3_fe.png","アトリ_tatr02_d3_p3_fe","アトリ","tatr02","l","d3","p3","fe","2129","2578","185b6472809cff1ae108019b064f7e5d5a4e8bab126b2e4520dd78db77b87380","90","2578","2129","rotated_bottom_left_pixels","52","929","626","inherited","[""アトリ_tatr02_l_d3_p3_fd.png"", 90.0]","true"
"アトリ_tatr02_l_d3_p3_ff.png","アトリ_tatr02_d3_p3_ff","アトリ","tatr02","l","d3","p3","ff","2129","2578","48ea6a5ca28f3b74bd9003074624f39108ead20aed913959f1a7daaef48185b0","90","2578","2129","rotated_bottom_left_pixels","52","929","626","inherited","[""アトリ_tatr02_l_d3_p3_fe.png"", 90.0]","true"
"アトリ_tatr02_l_d3_p3_fg.png","アトリ_tatr02_d3_p3_fg","アトリ","tatr02","l","d3","p3","fg","2129","2578","53066bbe85fdf6839c37899c3c0846c83268710399e3bb17be3465b206c8656c","90","2578","2129","rotated_bottom_left_pixels","52","929","626","inherited","[""アトリ_tatr02_l_d3_p3_ff.png"", 90.0]","true"
"アトリ_tatr02_l_d3_p3_fh.png","アトリ_tatr02_d3_p3_fh","アトリ","tatr02","l","d3","p3","fh","2129","2578","a997a072d67ea7ebdd10cb1954d9d433420832022bd4123948b2e6d1c659743d","90","2578","2129","rotated_bottom_left_pixels","52","929","626","inherited","[""アトリ_tatr02_l_d3_p3_fg.png"", 90.0]","true"
"アトリ_tatr02_l_d3_p3_fi.png","アトリ_tatr02_d3_p3_fi","アトリ","tatr02","l","d3","p3","fi","2129","2578","4934bb1b4273dc590f39bb7860112f8ace135cef264d1b18744161935502ac7b","90","2578","2129","rotated_bottom_left_pixels","52","929","626","inherited","[""アトリ_tatr02_l_d3_p3_fh.png"", 90.0]","true"
"アトリ_tatr02_l_d3_p3_fj.png","アトリ_tatr02_d3_p3_fj","アトリ","tatr02","l","d3","p3","fj","2129","2578","9a28914ad786d2ec7f230cff4bfb9402ec6d5f9500277603dc9e67e6a78c3807","90","2578","2129","rotated_bottom_left_pixels","52","929","626","inherited","[""アトリ_tatr02_l_d3_p3_fi.png"", 90.0]","true"
"アトリ_tatr02_l_d3_p3_fk.png","アトリ_tatr02_d3_p3_fk","アトリ","tatr02","l","d3","p3","fk","2129","2578","f155733e03472096c1d2f58dc6728ee41d64ce7cd7b5d6c2cf0520c6489d3db7","90","2578","2129","rotated_bottom_left_pixels","52","929","626","inherited","[""アトリ_tatr02_l_d3_p3_fj.png"", 90.0]","true"
"アトリ_tatr02_l_d3_p3_fl.png","アトリ_tatr02_d3_p3_fl","アトリ","tatr02","l","d3","p3","fl","2129","2578","5e9ff4d83567b6a6ae53c7c8631339d3ec6d78cdcb7d59542d83e312da167273","90","2578","2129","rotated_bottom_left_pixels","52","929","626","inherited","[""アトリ_tatr02_l_d3_p3_fk.png"", 90.0]","true"
"アトリ_tatr02_l_d4_p3_f1.png","アトリ_tatr02_d4_p3_f1","アトリ","tatr02","l","d4","p3","f1","2129","2578","fd127356e092abf83eaef18b08d250181466e2c252c78cc64f25301b7cecf9cc","90","2578","2129","rotated_bottom_left_pixels","52","929","626","inherited","[""アトリ_tatr02_l_d3_p3_fl.png"", 90.0]","true"
"アトリ_tatr02_l_d4_p3_f2.png","アトリ_tatr02_d4_p3_f2","アトリ","tatr02","l","d4","p3","f2","2129","2578","67544938dd6dae24e943a8acd4a80199f551f7d7d854a84d3dcfd293f1c8de07","90","2578","2129","rotated_bottom_left_pixels","52","929","626","inherited","[""アトリ_tatr02_l_d4_p3_f1.png"", 90.0]","true"
"アトリ_tatr02_l_d4_p3_f3.png","アトリ_tatr02_d4_p3_f3","アトリ","tatr02","l","d4","p3","f3","2129","2578","340a0ce83f192ce4fd66caf00356421df8289b4c5f12ec665f8707f3ff769922","90","2578","2129","rotated_bottom_left_pixels","52","929","626","inherited","[""アトリ_tatr02_l_d4_p3_f2.png"", 90.0]","true"
"アトリ_tatr02_l_d4_p3_f4.png","アトリ_tatr02_d4_p3_f4","アトリ","tatr02","l","d4","p3","f4","2129","2578","3b01477534d10e3b4540ca7fef8306b4586d76ebe9e56b62cbef58ca8f596950","90","2578","2129","rotated_bottom_left_pixels","52","929","626","inherited","[""アトリ_tatr02_l_d4_p3_f3.png"", 90.0]","true"
"アトリ_tatr02_l_d4_p3_f5.png","アトリ_tatr02_d4_p3_f5","アトリ","tatr02","l","d4","p3","f5","2129","2578","5be953963f829ea3612a5419498afc80d9df43f41d171fb03bc3e42643a694f6","90","2578","2129","rotated_bottom_left_pixels","52","929","626","inherited","[""アトリ_tatr02_l_d4_p3_f4.png"", 90.0]","true"
"アトリ_tatr02_l_d4_p3_f6.png","アトリ_tatr02_d4_p3_f6","アトリ","tatr02","l","d4","p3","f6","2129","2578","6f05e9533033c3770657bbf2576349eed0cc8b2782f0033e24bb81c6a90bd859","90","2578","2129","rotated_bottom_left_pixels","52","929","626","inherited","[""アトリ_tatr02_l_d4_p3_f5.png"", 90.0]","true"
"アトリ_tatr02_l_d4_p3_f7.png","アトリ_tatr02_d4_p3_f7","アトリ","tatr02","l","d4","p3","f7","2129","2578","992e4b3144682e26002fd41748f3f5ca3daae6c68d3b73d83f370b8488a573bb","90","2578","2129","rotated_bottom_left_pixels","52","929","626","inherited","[""アトリ_tatr02_l_d4_p3_f6.png"", 90.0]","true"
"アトリ_tatr02_l_d4_p3_f8.png","アトリ_tatr02_d4_p3_f8","アトリ","tatr02","l","d4","p3","f8","2129","2578","5a81ab16a363c450542d728bc08aa073f12d7ba3d3c8cf3f1c5329e9e9627860","90","2578","2129","rotated_bottom_left_pixels","52","929","626","inherited","[""アトリ_tatr02_l_d4_p3_f7.png"", 90.0]","true"
"アトリ_tatr02_l_d4_p3_f9.png","アトリ_tatr02_d4_p3_f9","アトリ","tatr02","l","d4","p3","f9","2129","2578","8d4a72d4335106bd38eaafb59119351aa602ab956211c5ae0d24695fe9b2f0ac","90","2578","2129","rotated_bottom_left_pixels","52","929","626","inherited","[""アトリ_tatr02_l_d4_p3_f8.png"", 90.0]","true"
"アトリ_tatr02_l_d4_p3_fa.png","アトリ_tatr02_d4_p3_fa","アトリ","tatr02","l","d4","p3","fa","2129","2578","8db55f269edeb47f955b08d50de973ce8554a61199f7006d9a43ff79c000c700","90","2578","2129","rotated_bottom_left_pixels","52","929","626","inherited","[""アトリ_tatr02_l_d4_p3_f9.png"", 90.0]","true"
"アトリ_tatr02_l_d4_p3_fb.png","アトリ_tatr02_d4_p3_fb","アトリ","tatr02","l","d4","p3","fb","2129","2578","87b7fb7cb4a2b6719412403c287b88f1d15f4ddf6160d6a635e83ce0e1731704","90","2578","2129","rotated_bottom_left_pixels","52","929","626","inherited","[""アトリ_tatr02_l_d4_p3_fa.png"", 90.0]","true"
"アトリ_tatr02_l_d4_p3_fc.png","アトリ_tatr02_d4_p3_fc","アトリ","tatr02","l","d4","p3","fc","2129","2578","b98fea3b9aa78f9462e14c6d9275694b7d183439d6373114771b4fe6477865df","90","2578","2129","rotated_bottom_left_pixels","52","929","626","inherited","[""アトリ_tatr02_l_d4_p3_fb.png"", 90.0]","true"
"アトリ_tatr02_l_d4_p3_fd.png","アトリ_tatr02_d4_p3_fd","アトリ","tatr02","l","d4","p3","fd","2129","2578","3561dfea3a0b1f95855909f70ae12e8691014d98f79d00237a94b4592fb5a935","90","2578","2129","rotated_bottom_left_pixels","52","929","626","inherited","[""アトリ_tatr02_l_d4_p3_fc.png"", 90.0]","true"
"アトリ_tatr02_l_d4_p3_fe.png","アトリ_tatr02_d4_p3_fe","アトリ","tatr02","l","d4","p3","fe","2129","2578","a607700c446358aaad7e7d521970ab0c8c838b46c822d0722e1061d0a5b817d8","90","2578","2129","rotated_bottom_left_pixels","52","929","626","inherited","[""アトリ_tatr02_l_d4_p3_fd.png"", 90.0]","true"
"アトリ_tatr02_l_d4_p3_ff.png","アトリ_tatr02_d4_p3_ff","アトリ","tatr02","l","d4","p3","ff","2129","2578","1fb4b837dbf267ebc70e003e7164cc512f814fc7ea8b9a1c677c688b623de0ee","90","2578","2129","rotated_bottom_left_pixels","52","929","626","inherited","[""アトリ_tatr02_l_d4_p3_fe.png"", 90.0]","true"
"アトリ_tatr02_l_d4_p3_fg.png","アトリ_tatr02_d4_p3_fg","アトリ","tatr02","l","d4","p3","fg","2129","2578","2f128531f5b5d97bab5ca3addd22ea163fa94cef2ba47165be7ea661a0345c08","90","2578","2129","rotated_bottom_left_pixels","52","929","626","inherited","[""アトリ_tatr02_l_d4_p3_ff.png"", 90.0]","true"
"アトリ_tatr02_l_d4_p3_fh.png","アトリ_tatr02_d4_p3_fh","アトリ","tatr02","l","d4","p3","fh","2129","2578","d02a3c797b8555df0c59610713361744005421b1ddb3318018bb7ebdc872509b","90","2578","2129","rotated_bottom_left_pixels","52","929","626","inherited","[""アトリ_tatr02_l_d4_p3_fg.png"", 90.0]","true"
"アトリ_tatr02_l_d4_p3_fi.png","アトリ_tatr02_d4_p3_fi","アトリ","tatr02","l","d4","p3","fi","2129","2578","7c22d2a69c6479d0c31a08499391d31c9264608e07b90689af448ddee272cc85","90","2578","2129","rotated_bottom_left_pixels","52","929","626","inherited","[""アトリ_tatr02_l_d4_p3_fh.png"", 90.0]","true"
"アトリ_tatr02_l_d4_p3_fj.png","アトリ_tatr02_d4_p3_fj","アトリ","tatr02","l","d4","p3","fj","2129","2578","9c02ec58730068ab5182c961dc91ee7c063951260ce549abec2a53e82e992f5c","90","2578","2129","rotated_bottom_left_pixels","52","929","626","inherited","[""アトリ_tatr02_l_d4_p3_fi.png"", 90.0]","true"
"アトリ_tatr02_l_d4_p3_fk.png","アトリ_tatr02_d4_p3_fk","アトリ","tatr02","l","d4","p3","fk","2129","2578","4f32e944ec0b99361ce995b536a73625555de6829ae131dd75bcb4d66e091f7a","90","2578","2129","rotated_bottom_left_pixels","52","929","626","inherited","[""アトリ_tatr02_l_d4_p3_fj.png"", 90.0]","true"
"アトリ_tatr02_l_d4_p3_fl.png","アトリ_tatr02_d4_p3_fl","アトリ","tatr02","l","d4","p3","fl","2129","2578","fee145352aaeacd4f5dd4ef0b64e6691a1875a9ca98d26e9228fd2fcb826e2b7","90","2578","2129","rotated_bottom_left_pixels","52","929","626","inherited","[""アトリ_tatr02_l_d4_p3_fk.png"", 90.0]","true"
"アトリ_tatr01_l_d1_p1_f1.png","アトリ_tatr01_d1_p1_f1","アトリ","tatr01","l","d1","p1","f1","1156","2740","52dbd99c3568c3e86fa10e4cc2396a89f54e59e7d8d612642c831c663c65fadc","180","1156","2740","rotated_bottom_left_pixels","236","56","626","rotated_reference","[""アトリ_tatr01_l_d1_p1_f1.png"", 0.0]","true"
"アトリ_tatr01_l_d1_p1_f2.png","アトリ_tatr01_d1_p1_f2","アトリ","tatr01","l","d1","p1","f2","1156","2740","cf2f1b284a4d605d3a00e5420bed6b99d4ceb6efade4721f27fde7aebc69a08e","180","1156","2740","rotated_bottom_left_pixels","236","56","626","inherited","[""アトリ_tatr01_l_d1_p1_f1.png"", 180.0]","true"
"アトリ_tatr01_l_d1_p1_f3.png","アトリ_tatr01_d1_p1_f3","アトリ","tatr01","l","d1","p1","f3","1156","2740","3fc96b51c330b45478e8aa015506b3cb30e81714aaef146b905b135b6fb68aea","180","1156","2740","rotated_bottom_left_pixels","236","56","626","inherited","[""アトリ_tatr01_l_d1_p1_f2.png"", 180.0]","true"
"アトリ_tatr01_l_d1_p1_f4.png","アトリ_tatr01_d1_p1_f4","アトリ","tatr01","l","d1","p1","f4","1156","2740","e207d101ef2ea5a2fbb71aef97789bf77ef33c459b2b4aabccbe9f8f63985e8f","180","1156","2740","rotated_bottom_left_pixels","236","56","626","inherited","[""アトリ_tatr01_l_d1_p1_f3.png"", 180.0]","true"
"アトリ_tatr01_l_d1_p1_f5.png","アトリ_tatr01_d1_p1_f5","アトリ","tatr01","l","d1","p1","f5","1156","2740","538451b5208c45ce5a751ee44c91409ce4878fa445bfed71d4a8ede2823f89a7","180","1156","2740","rotated_bottom_left_pixels","236","56","626","inherited","[""アトリ_tatr01_l_d1_p1_f4.png"", 180.0]","true"
"アトリ_tatr01_l_d1_p1_f6.png","アトリ_tatr01_d1_p1_f6","アトリ","tatr01","l","d1","p1","f6","1156","2740","2eff7b03ff03d4bbe8e716a2cda75f793dc429d34e78e1d387423a5092903de3","180","1156","2740","rotated_bottom_left_pixels","236","56","626","inherited","[""アトリ_tatr01_l_d1_p1_f5.png"", 180.0]","true"
"アトリ_tatr01_l_d1_p1_f7.png","アトリ_tatr01_d1_p1_f7","アトリ","tatr01","l","d1","p1","f7","1156","2740","a5084a24dd6b10a0dd266efc27a83d2498aee975be5dab487a72d4ed6c923c88","180","1156","2740","rotated_bottom_left_pixels","236","56","626","inherited","[""アトリ_tatr01_l_d1_p1_f6.png"", 180.0]","true"
"アトリ_tatr01_l_d1_p1_f8.png","アトリ_tatr01_d1_p1_f8","アトリ","tatr01","l","d1","p1","f8","1156","2740","3a4e9daa9be38f9407cde97319de35f1876d81225f0dfab603210d17d5ed8e72","180","1156","2740","rotated_bottom_left_pixels","236","56","626","inherited","[""アトリ_tatr01_l_d1_p1_f7.png"", 180.0]","true"
"アトリ_tatr01_l_d1_p1_f9.png","アトリ_tatr01_d1_p1_f9","アトリ","tatr01","l","d1","p1","f9","1156","2740","4639650c7feaf6c0ea3ad73deae2a3ebbcb9168399a5705521f7696e58e190ee","180","1156","2740","rotated_bottom_left_pixels","236","56","626","inherited","[""アトリ_tatr01_l_d1_p1_f8.png"", 180.0]","true"
"アトリ_tatr01_l_d1_p1_fa.png","アトリ_tatr01_d1_p1_fa","アトリ","tatr01","l","d1","p1","fa","1156","2740","664bae112ba55bef854812596e3c2dafaea38e87617497a1a483e3d9ef340621","180","1156","2740","rotated_bottom_left_pixels","236","56","626","inherited","[""アトリ_tatr01_l_d1_p1_f9.png"", 180.0]","true"
"アトリ_tatr01_l_d1_p1_fb.png","アトリ_tatr01_d1_p1_fb","アトリ","tatr01","l","d1","p1","fb","1156","2740","4e3482c6cf57e2ad859fecc0d9f7d913c7580bb4632865aae283c4e5589cc74f","180","1156","2740","rotated_bottom_left_pixels","236","56","626","inherited","[""アトリ_tatr01_l_d1_p1_fa.png"", 180.0]","true"
"アトリ_tatr01_l_d1_p1_fc.png","アトリ_tatr01_d1_p1_fc","アトリ","tatr01","l","d1","p1","fc","1156","2740","d64e55537c502cb13d4d5639e5e43167dfb3437d47f83d263a3dbdca959dfd1c","180","1156","2740","rotated_bottom_left_pixels","236","56","626","inherited","[""アトリ_tatr01_l_d1_p1_fb.png"", 180.0]","true"
"アトリ_tatr01_l_d1_p1_fd.png","アトリ_tatr01_d1_p1_fd","アトリ","tatr01","l","d1","p1","fd","1156","2740","a14c21c3eab36c7eb23020c7384e97c4695fa78dab8744f2f27b909048ea1b1f","180","1156","2740","rotated_bottom_left_pixels","236","56","626","inherited","[""アトリ_tatr01_l_d1_p1_fc.png"", 180.0]","true"
"アトリ_tatr01_l_d1_p1_fe.png","アトリ_tatr01_d1_p1_fe","アトリ","tatr01","l","d1","p1","fe","1156","2740","33416af45d69b1ffd15a5c5938ff4f20604ae7d8c764da63fcd7befc2274ac5d","180","1156","2740","rotated_bottom_left_pixels","236","56","626","inherited","[""アトリ_tatr01_l_d1_p1_fd.png"", 180.0]","true"
"アトリ_tatr01_l_d1_p1_ff.png","アトリ_tatr01_d1_p1_ff","アトリ","tatr01","l","d1","p1","ff","1156","2989","a5d1cc4f7c42f030e823527df0939596ffd4977b45eae249b9a66e217387ab11","180","1156","2989","rotated_bottom_left_pixels","236","312","626","manual_adjusted","[""アトリ_tatr01_l_d1_p1_fe.png"", 180.0]","true"
"アトリ_tatr01_l_d1_p1_fg.png","アトリ_tatr01_d1_p1_fg","アトリ","tatr01","l","d1","p1","fg","1156","2740","9d0d292d9027fdfd2e1504496b93416db514c0efd02f8618bd6f05419d4ea990","180","1156","2740","rotated_bottom_left_pixels","236","56","626","manual_adjusted","[""アトリ_tatr01_l_d1_p1_ff.png"", 180.0]","true"
"アトリ_tatr01_l_d1_p1_fh.png","アトリ_tatr01_d1_p1_fh","アトリ","tatr01","l","d1","p1","fh","1156","2989","3ac0f9896091ad67d32164ed6c9000bda648b569db191c068f22beddd0e282a8","180","1156","2989","rotated_bottom_left_pixels","236","312","626","manual_adjusted","[""アトリ_tatr01_l_d1_p1_fg.png"", 180.0]","true"
"アトリ_tatr01_l_d1_p1_fi.png","アトリ_tatr01_d1_p1_fi","アトリ","tatr01","l","d1","p1","fi","1156","2740","f9f2c7d42ee72ef6b543b5b2999190db6896418b59c41749706d5b563264f45d","180","1156","2740","rotated_bottom_left_pixels","236","56","626","manual_adjusted","[""アトリ_tatr01_l_d1_p1_fh.png"", 180.0]","true"
"アトリ_tatr01_l_d1_p1_fj.png","アトリ_tatr01_d1_p1_fj","アトリ","tatr01","l","d1","p1","fj","1156","2740","94a45df00932c72ee8a16ffb117b3838457ca6fe05e0a7eee5be3a6e0ff0c50a","180","1156","2740","rotated_bottom_left_pixels","236","56","626","inherited","[""アトリ_tatr01_l_d1_p1_fi.png"", 180.0]","true"
"アトリ_tatr01_l_d1_p1_fk.png","アトリ_tatr01_d1_p1_fk","アトリ","tatr01","l","d1","p1","fk","1156","2740","bba81b3e6d01408d2da47e9f987ae5891e9f775825377e749be808d7b6d2857c","180","1156","2740","rotated_bottom_left_pixels","236","56","626","inherited","[""アトリ_tatr01_l_d1_p1_fj.png"", 180.0]","true"
"アトリ_tatr01_l_d1_p1_fl.png","アトリ_tatr01_d1_p1_fl","アトリ","tatr01","l","d1","p1","fl","1156","2740","ad80c962ac1bd8e636bcd61045e099e598cbc4b2605ed88aa9cb5ecc3e0691a5","180","1156","2740","rotated_bottom_left_pixels","236","56","626","inherited","[""アトリ_tatr01_l_d1_p1_fk.png"", 180.0]","true"
"アトリ_tatr01_l_d2_p1_f1.png","アトリ_tatr01_d2_p1_f1","アトリ","tatr01","l","d2","p1","f1","1156","2740","0fab2349ad8d77c2e37c3fc49cde24b64cc5eb84fbf35d7503dbd2a96dbd3e50","180","1156","2740","rotated_bottom_left_pixels","236","56","626","inherited","[""アトリ_tatr01_l_d1_p1_fl.png"", 180.0]","true"
"アトリ_tatr01_l_d2_p1_f2.png","アトリ_tatr01_d2_p1_f2","アトリ","tatr01","l","d2","p1","f2","1156","2740","399a0913ae20283465d2bebec22fd3f91fe4242658569ca5f36c25d2c3a0075a","180","1156","2740","rotated_bottom_left_pixels","236","56","626","inherited","[""アトリ_tatr01_l_d2_p1_f1.png"", 180.0]","true"
"アトリ_tatr01_l_d2_p1_f3.png","アトリ_tatr01_d2_p1_f3","アトリ","tatr01","l","d2","p1","f3","1156","2740","7d52e578712762cebf41098975effa307cd0f88ef1d4973bbabab9714d5187a5","180","1156","2740","rotated_bottom_left_pixels","236","56","626","inherited","[""アトリ_tatr01_l_d2_p1_f2.png"", 180.0]","true"
"アトリ_tatr01_l_d2_p1_f4.png","アトリ_tatr01_d2_p1_f4","アトリ","tatr01","l","d2","p1","f4","1156","2740","027a456afa0f573e4e93a3a66ca8afe63d58f5f3562241ee72fa1c9cee926b96","180","1156","2740","rotated_bottom_left_pixels","236","56","626","inherited","[""アトリ_tatr01_l_d2_p1_f3.png"", 180.0]","true"
"アトリ_tatr01_l_d2_p1_f5.png","アトリ_tatr01_d2_p1_f5","アトリ","tatr01","l","d2","p1","f5","1156","2740","a7ca754cb59f4bbb2a3a18c0a2ef599e64cc10c97f82ccc0eebaa57de4893b0a","180","1156","2740","rotated_bottom_left_pixels","236","56","626","inherited","[""アトリ_tatr01_l_d2_p1_f4.png"", 180.0]","true"
"アトリ_tatr01_l_d2_p1_f6.png","アトリ_tatr01_d2_p1_f6","アトリ","tatr01","l","d2","p1","f6","1156","2740","84bd627a1de6e2b423b066f1a27fcf1f917000e7040c1b8a46c77e367d2025ff","180","1156","2740","rotated_bottom_left_pixels","236","56","626","inherited","[""アトリ_tatr01_l_d2_p1_f5.png"", 180.0]","true"
"アトリ_tatr01_l_d2_p1_f7.png","アトリ_tatr01_d2_p1_f7","アトリ","tatr01","l","d2","p1","f7","1156","2740","1946e53ca6ca21e4c143f647bc32f0cb45768432053dc2b9f52079bb17ed1c2d","180","1156","2740","rotated_bottom_left_pixels","236","56","626","inherited","[""アトリ_tatr01_l_d2_p1_f6.png"", 180.0]","true"
"アトリ_tatr01_l_d2_p1_f8.png","アトリ_tatr01_d2_p1_f8","アトリ","tatr01","l","d2","p1","f8","1156","2740","6093c937624db617ae356a28ab4dfd9a8ad03b6c517fad37f4c8b73064028621","180","1156","2740","rotated_bottom_left_pixels","236","56","626","inherited","[""アトリ_tatr01_l_d2_p1_f7.png"", 180.0]","true"
"アトリ_tatr01_l_d2_p1_f9.png","アトリ_tatr01_d2_p1_f9","アトリ","tatr01","l","d2","p1","f9","1156","2740","049454e9118d385f598ceec5b616ffa0e4cf805fd65e928be685a7c2135944d8","180","1156","2740","rotated_bottom_left_pixels","236","56","626","inherited","[""アトリ_tatr01_l_d2_p1_f8.png"", 180.0]","true"
"アトリ_tatr01_l_d2_p1_fa.png","アトリ_tatr01_d2_p1_fa","アトリ","tatr01","l","d2","p1","fa","1156","2740","92fb110574d19ac12cd80365b2e00b94e1a2b00c1a522e26ca3af2b1fe1c9b7d","180","1156","2740","rotated_bottom_left_pixels","236","56","626","inherited","[""アトリ_tatr01_l_d2_p1_f9.png"", 180.0]","true"
"アトリ_tatr01_l_d2_p1_fb.png","アトリ_tatr01_d2_p1_fb","アトリ","tatr01","l","d2","p1","fb","1156","2740","3402d6a9accdf3ccb572f2fa597679e1367cf2aeac12baf5088386b714f234d3","180","1156","2740","rotated_bottom_left_pixels","236","56","626","inherited","[""アトリ_tatr01_l_d2_p1_fa.png"", 180.0]","true"
"アトリ_tatr01_l_d2_p1_fc.png","アトリ_tatr01_d2_p1_fc","アトリ","tatr01","l","d2","p1","fc","1156","2740","1b312d9c307bfe582774c1e3dde8d75509becbcee7e27fb0755a11e1a523805e","180","1156","2740","rotated_bottom_left_pixels","236","56","626","inherited","[""アトリ_tatr01_l_d2_p1_fb.png"", 180.0]","true"
"アトリ_tatr01_l_d2_p1_fd.png","アトリ_tatr01_d2_p1_fd","アトリ","tatr01","l","d2","p1","fd","1156","2740","c6c4b0d0524b2cfec7f0a58334376261205ece41aad15fc02e993719a85fd854","180","1156","2740","rotated_bottom_left_pixels","236","56","626","inherited","[""アトリ_tatr01_l_d2_p1_fc.png"", 180.0]","true"
"アトリ_tatr01_l_d2_p1_fe.png","アトリ_tatr01_d2_p1_fe","アトリ","tatr01","l","d2","p1","fe","1156","2740","2e5a03cddcecac2b3812d6282df77ea86f94b1a08e03a83a171e10e6e473a978","180","1156","2740","rotated_bottom_left_pixels","236","56","626","inherited","[""アトリ_tatr01_l_d2_p1_fd.png"", 180.0]","true"
"アトリ_tatr01_l_d2_p1_ff.png","アトリ_tatr01_d2_p1_ff","アトリ","tatr01","l","d2","p1","ff","1156","2989","ebfbea5c5edfd824b7271f14e4834e16826bc46aa9e56bfe4d482c1dbefd88e3","180","1156","2989","rotated_bottom_left_pixels","236","312","626","manual_adjusted","[""アトリ_tatr01_l_d2_p1_fe.png"", 180.0]","true"
"アトリ_tatr01_l_d2_p1_fg.png","アトリ_tatr01_d2_p1_fg","アトリ","tatr01","l","d2","p1","fg","1156","2740","11661dd9a032b7091cb0fa463b6b5280f76c5a317dbe5586aa99658144824428","180","1156","2740","rotated_bottom_left_pixels","236","56","626","manual_adjusted","[""アトリ_tatr01_l_d2_p1_ff.png"", 180.0]","true"
"アトリ_tatr01_l_d2_p1_fh.png","アトリ_tatr01_d2_p1_fh","アトリ","tatr01","l","d2","p1","fh","1156","2989","58d62c0d4cdb8a1f04de1cd37cf085731d5ac4560baca11edd1733fcee3a0170","180","1156","2989","rotated_bottom_left_pixels","236","312","626","manual_adjusted","[""アトリ_tatr01_l_d2_p1_fg.png"", 180.0]","true"
"アトリ_tatr01_l_d2_p1_fi.png","アトリ_tatr01_d2_p1_fi","アトリ","tatr01","l","d2","p1","fi","1156","2740","182a8970922591aeba4e5d89a0aac32ae7e24c03e088bf9eb1900ce676a8501b","180","1156","2740","rotated_bottom_left_pixels","236","56","626","manual_adjusted","[""アトリ_tatr01_l_d2_p1_fh.png"", 180.0]","true"
"アトリ_tatr01_l_d2_p1_fj.png","アトリ_tatr01_d2_p1_fj","アトリ","tatr01","l","d2","p1","fj","1156","2740","330dccee7a6c2452890a9d7195a0e07bf9d6bfecacc73a03896ccd81c9bf4223","180","1156","2740","rotated_bottom_left_pixels","236","56","626","inherited","[""アトリ_tatr01_l_d2_p1_fi.png"", 180.0]","true"
"アトリ_tatr01_l_d2_p1_fk.png","アトリ_tatr01_d2_p1_fk","アトリ","tatr01","l","d2","p1","fk","1156","2740","c87fc0677a2be2661e8a53975540919399614f207c012eb8e942c8836fc19a9e","180","1156","2740","rotated_bottom_left_pixels","236","56","626","inherited","[""アトリ_tatr01_l_d2_p1_fj.png"", 180.0]","true"
"アトリ_tatr01_l_d2_p1_fl.png","アトリ_tatr01_d2_p1_fl","アトリ","tatr01","l","d2","p1","fl","1156","2740","7fdd1ad72012130dcfd01e63734eb7a9c1d08dde4ad4be4f33144a9f505dff3f","180","1156","2740","rotated_bottom_left_pixels","236","56","626","inherited","[""アトリ_tatr01_l_d2_p1_fk.png"", 180.0]","true"
"アトリ_tatr01_l_d3_p1_f1.png","アトリ_tatr01_d3_p1_f1","アトリ","tatr01","l","d3","p1","f1","1156","2740","fa28baa51b20425edc8e361bc5073b20fae72e7bc7c219573cfd51047bfa6e36","180","1156","2740","rotated_bottom_left_pixels","236","56","626","inherited","[""アトリ_tatr01_l_d2_p1_fl.png"", 180.0]","true"
"アトリ_tatr01_l_d3_p1_f2.png","アトリ_tatr01_d3_p1_f2","アトリ","tatr01","l","d3","p1","f2","1156","2740","dd8cc3ea605db3727cf65044972c5be0842df6bf4c4084c71fe601b93c6288a5","180","1156","2740","rotated_bottom_left_pixels","236","56","626","inherited","[""アトリ_tatr01_l_d3_p1_f1.png"", 180.0]","true"
"アトリ_tatr01_l_d3_p1_f3.png","アトリ_tatr01_d3_p1_f3","アトリ","tatr01","l","d3","p1","f3","1156","2740","8a0c02f7840c98a642425c2f2d41955433e32e2822964cbb59cd338e8fbd55c9","180","1156","2740","rotated_bottom_left_pixels","236","56","626","inherited","[""アトリ_tatr01_l_d3_p1_f2.png"", 180.0]","true"
"アトリ_tatr01_l_d3_p1_f4.png","アトリ_tatr01_d3_p1_f4","アトリ","tatr01","l","d3","p1","f4","1156","2740","ec2a7f066b3c80cebb12e4572d1451452f27aa76e0fa840450851197d87a83d0","180","1156","2740","rotated_bottom_left_pixels","236","56","626","inherited","[""アトリ_tatr01_l_d3_p1_f3.png"", 180.0]","true"
"アトリ_tatr01_l_d3_p1_f5.png","アトリ_tatr01_d3_p1_f5","アトリ","tatr01","l","d3","p1","f5","1156","2740","a1415fefc58411203c70de93844e9eaf82bb915ab24b7bc0ed63bba75de823fe","180","1156","2740","rotated_bottom_left_pixels","236","56","626","inherited","[""アトリ_tatr01_l_d3_p1_f4.png"", 180.0]","true"
"アトリ_tatr01_l_d3_p1_f6.png","アトリ_tatr01_d3_p1_f6","アトリ","tatr01","l","d3","p1","f6","1156","2740","eadf46091e2f87eb493241996f8c08ad05552f222506bde7ae7a48a59d41e486","180","1156","2740","rotated_bottom_left_pixels","236","56","626","inherited","[""アトリ_tatr01_l_d3_p1_f5.png"", 180.0]","true"
"アトリ_tatr01_l_d3_p1_f7.png","アトリ_tatr01_d3_p1_f7","アトリ","tatr01","l","d3","p1","f7","1156","2740","639d2ddd092d87db3c8c7dc03ac953af5ed64ba23d6afb3abbcf52b2e6dcf6ec","180","1156","2740","rotated_bottom_left_pixels","236","56","626","inherited","[""アトリ_tatr01_l_d3_p1_f6.png"", 180.0]","true"
"アトリ_tatr01_l_d3_p1_f8.png","アトリ_tatr01_d3_p1_f8","アトリ","tatr01","l","d3","p1","f8","1156","2740","a2fe178c17804c855c6bb6a097dc6c703b4a16ea4a5d5f880aca4b0e08dff53e","180","1156","2740","rotated_bottom_left_pixels","236","56","626","inherited","[""アトリ_tatr01_l_d3_p1_f7.png"", 180.0]","true"
"アトリ_tatr01_l_d3_p1_f9.png","アトリ_tatr01_d3_p1_f9","アトリ","tatr01","l","d3","p1","f9","1156","2740","6435f2395011749938fb8d568cc91b3afb4e39586f6f3f81fa9005b27307c583","180","1156","2740","rotated_bottom_left_pixels","236","56","626","inherited","[""アトリ_tatr01_l_d3_p1_f8.png"", 180.0]","true"
"アトリ_tatr01_l_d3_p1_fa.png","アトリ_tatr01_d3_p1_fa","アトリ","tatr01","l","d3","p1","fa","1156","2740","e5e4dea39c00610a501a8ecb08693691b796f511462c2580a40ef28517d21c11","180","1156","2740","rotated_bottom_left_pixels","236","56","626","inherited","[""アトリ_tatr01_l_d3_p1_f9.png"", 180.0]","true"
"アトリ_tatr01_l_d3_p1_fb.png","アトリ_tatr01_d3_p1_fb","アトリ","tatr01","l","d3","p1","fb","1156","2740","76f174ab2e197ca50866ad0364e111e35bbda62ca552c4b236b7b5604df5cc26","180","1156","2740","rotated_bottom_left_pixels","236","56","626","inherited","[""アトリ_tatr01_l_d3_p1_fa.png"", 180.0]","true"
"アトリ_tatr01_l_d3_p1_fc.png","アトリ_tatr01_d3_p1_fc","アトリ","tatr01","l","d3","p1","fc","1156","2740","43d39af421a762d2191ba7fafd577f628e16f3ef8567f05a350be17a80425704","180","1156","2740","rotated_bottom_left_pixels","236","56","626","inherited","[""アトリ_tatr01_l_d3_p1_fb.png"", 180.0]","true"
"アトリ_tatr01_l_d3_p1_fd.png","アトリ_tatr01_d3_p1_fd","アトリ","tatr01","l","d3","p1","fd","1156","2740","74ecbaeda8eb13cdef03a268043d11ef6e4168c078dfb61aef4772515ab6f7ea","180","1156","2740","rotated_bottom_left_pixels","236","56","626","inherited","[""アトリ_tatr01_l_d3_p1_fc.png"", 180.0]","true"
"アトリ_tatr01_l_d3_p1_fe.png","アトリ_tatr01_d3_p1_fe","アトリ","tatr01","l","d3","p1","fe","1156","2740","ddd9c5856c9655ef1b82c34a1f6ee41ecacf8670164431be8cb08710b362d086","180","1156","2740","rotated_bottom_left_pixels","236","56","626","inherited","[""アトリ_tatr01_l_d3_p1_fd.png"", 180.0]","true"
"アトリ_tatr01_l_d3_p1_ff.png","アトリ_tatr01_d3_p1_ff","アトリ","tatr01","l","d3","p1","ff","1156","2989","ba4e3b99387551a9cae84d6e496b18ceec555cac613bc727314097bc3079364c","180","1156","2989","rotated_bottom_left_pixels","236","312","626","manual_adjusted","[""アトリ_tatr01_l_d3_p1_fe.png"", 180.0]","true"
"アトリ_tatr01_l_d3_p1_fg.png","アトリ_tatr01_d3_p1_fg","アトリ","tatr01","l","d3","p1","fg","1156","2740","90d769816c4c9bf9cd0f52c06cad0999bebdc724cbb23951271b0b3daa38ed4a","180","1156","2740","rotated_bottom_left_pixels","236","56","626","manual_adjusted","[""アトリ_tatr01_l_d3_p1_ff.png"", 180.0]","true"
"アトリ_tatr01_l_d3_p1_fh.png","アトリ_tatr01_d3_p1_fh","アトリ","tatr01","l","d3","p1","fh","1156","2989","0b0115ca56b3e9c50e7a3a28fb22e44568defca5061d98230b9b83a08077a041","180","1156","2989","rotated_bottom_left_pixels","236","312","626","manual_adjusted","[""アトリ_tatr01_l_d3_p1_fg.png"", 180.0]","true"
"アトリ_tatr01_l_d3_p1_fi.png","アトリ_tatr01_d3_p1_fi","アトリ","tatr01","l","d3","p1","fi","1156","2740","f9797a4d06b3500c8f67d7e9f00c5023d449214f8dc0f59c726eb8c0e301fb93","180","1156","2740","rotated_bottom_left_pixels","236","56","626","manual_adjusted","[""アトリ_tatr01_l_d3_p1_fh.png"", 180.0]","true"
"アトリ_tatr01_l_d3_p1_fj.png","アトリ_tatr01_d3_p1_fj","アトリ","tatr01","l","d3","p1","fj","1156","2740","bb3f8acc29d46322913fa2160f9448499f4225c2cdcfdd54187346708cd10e23","180","1156","2740","rotated_bottom_left_pixels","236","56","626","inherited","[""アトリ_tatr01_l_d3_p1_fi.png"", 180.0]","true"
"アトリ_tatr01_l_d3_p1_fk.png","アトリ_tatr01_d3_p1_fk","アトリ","tatr01","l","d3","p1","fk","1156","2740","92ee1cb129bb24d423745f4f650bfd8f4c3fec5f1e04609a1944da251b42bd36","180","1156","2740","rotated_bottom_left_pixels","236","56","626","inherited","[""アトリ_tatr01_l_d3_p1_fj.png"", 180.0]","true"
"アトリ_tatr01_l_d3_p1_fl.png","アトリ_tatr01_d3_p1_fl","アトリ","tatr01","l","d3","p1","fl","1156","2740","7ed5469a44636345a9eb0977ae5fcf3ae57ae4ec57ecc52dadb6a345267f7a1c","180","1156","2740","rotated_bottom_left_pixels","236","56","626","inherited","[""アトリ_tatr01_l_d3_p1_fk.png"", 180.0]","true"
"アトリ_tatr01_l_d4_p1_f1.png","アトリ_tatr01_d4_p1_f1","アトリ","tatr01","l","d4","p1","f1","1156","2740","89d82cfb0641d4ab8e96e349982d5216a9c9dcbcfc8f5dc40db0a56488577138","180","1156","2740","rotated_bottom_left_pixels","236","56","626","inherited","[""アトリ_tatr01_l_d3_p1_fl.png"", 180.0]","true"
"アトリ_tatr01_l_d4_p1_f2.png","アトリ_tatr01_d4_p1_f2","アトリ","tatr01","l","d4","p1","f2","1156","2740","f4e30024a2427a3cc764d9cffd6f19bf011330d788b27bdf66902107028f6ff6","180","1156","2740","rotated_bottom_left_pixels","236","56","626","inherited","[""アトリ_tatr01_l_d4_p1_f1.png"", 180.0]","true"
"アトリ_tatr01_l_d4_p1_f3.png","アトリ_tatr01_d4_p1_f3","アトリ","tatr01","l","d4","p1","f3","1156","2740","42b16f48d8ab63609b6d9485aec19cf3b7eb33156eb6be636a3cc135d4de4c83","180","1156","2740","rotated_bottom_left_pixels","236","56","626","inherited","[""アトリ_tatr01_l_d4_p1_f2.png"", 180.0]","true"
"アトリ_tatr01_l_d4_p1_f4.png","アトリ_tatr01_d4_p1_f4","アトリ","tatr01","l","d4","p1","f4","1156","2740","89871aecca74b9c416c54bd5b2355b9d1c667486908b286b27e8404c0273e51e","180","1156","2740","rotated_bottom_left_pixels","236","56","626","inherited","[""アトリ_tatr01_l_d4_p1_f3.png"", 180.0]","true"
"アトリ_tatr01_l_d4_p1_f5.png","アトリ_tatr01_d4_p1_f5","アトリ","tatr01","l","d4","p1","f5","1156","2740","feaac41584c5c6dfe6878b98b72902cbcd7dad13d40d7c220f209da9cc00ca10","180","1156","2740","rotated_bottom_left_pixels","236","56","626","inherited","[""アトリ_tatr01_l_d4_p1_f4.png"", 180.0]","true"
"アトリ_tatr01_l_d4_p1_f6.png","アトリ_tatr01_d4_p1_f6","アトリ","tatr01","l","d4","p1","f6","1156","2740","37e5349db29da49d1fda84557226405f3564456764d2eed32a7188592b4f1397","180","1156","2740","rotated_bottom_left_pixels","236","56","626","inherited","[""アトリ_tatr01_l_d4_p1_f5.png"", 180.0]","true"
"アトリ_tatr01_l_d4_p1_f7.png","アトリ_tatr01_d4_p1_f7","アトリ","tatr01","l","d4","p1","f7","1156","2740","f7f46e7f4a2497d48491b9aa8dfc5140fa7a3d18f8407ba01a55d2c281f6438d","180","1156","2740","rotated_bottom_left_pixels","236","56","626","inherited","[""アトリ_tatr01_l_d4_p1_f6.png"", 180.0]","true"
"アトリ_tatr01_l_d4_p1_f8.png","アトリ_tatr01_d4_p1_f8","アトリ","tatr01","l","d4","p1","f8","1156","2740","84b9e1c792aeeca825ba5e16b12dfa157c44de83b7d0c9f1c4dca2dbd2298151","180","1156","2740","rotated_bottom_left_pixels","236","56","626","inherited","[""アトリ_tatr01_l_d4_p1_f7.png"", 180.0]","true"
"アトリ_tatr01_l_d4_p1_f9.png","アトリ_tatr01_d4_p1_f9","アトリ","tatr01","l","d4","p1","f9","1156","2740","cee7f19b8276a234462072a198ddca23422aa611f70417060e9e62cb830a2b03","180","1156","2740","rotated_bottom_left_pixels","236","56","626","inherited","[""アトリ_tatr01_l_d4_p1_f8.png"", 180.0]","true"
"アトリ_tatr01_l_d4_p1_fa.png","アトリ_tatr01_d4_p1_fa","アトリ","tatr01","l","d4","p1","fa","1156","2740","6a7a56e913c6752c6e26d7165db678d5ea7858d7c26a81ca65174a32d8b23b0e","180","1156","2740","rotated_bottom_left_pixels","236","56","626","inherited","[""アトリ_tatr01_l_d4_p1_f9.png"", 180.0]","true"
"アトリ_tatr01_l_d4_p1_fb.png","アトリ_tatr01_d4_p1_fb","アトリ","tatr01","l","d4","p1","fb","1156","2740","fa10a0d805a77458b4be5ecb3901e9b8c5dc065d6cc7ec0e3a4b2ea3da83d103","180","1156","2740","rotated_bottom_left_pixels","236","56","626","inherited","[""アトリ_tatr01_l_d4_p1_fa.png"", 180.0]","true"
"アトリ_tatr01_l_d4_p1_fc.png","アトリ_tatr01_d4_p1_fc","アトリ","tatr01","l","d4","p1","fc","1156","2740","543dd2ba5f81d314f1bc7abeb8ea90f060386307ab812f995a19294e95977543","180","1156","2740","rotated_bottom_left_pixels","236","56","626","inherited","[""アトリ_tatr01_l_d4_p1_fb.png"", 180.0]","true"
"アトリ_tatr01_l_d4_p1_fd.png","アトリ_tatr01_d4_p1_fd","アトリ","tatr01","l","d4","p1","fd","1156","2740","f2517f7a4d7f3a97f3e6d8687e25e48ba2d1371157c0cc04099e80bf0c94f8f0","180","1156","2740","rotated_bottom_left_pixels","236","56","626","inherited","[""アトリ_tatr01_l_d4_p1_fc.png"", 180.0]","true"
"アトリ_tatr01_l_d4_p1_fe.png","アトリ_tatr01_d4_p1_fe","アトリ","tatr01","l","d4","p1","fe","1156","2740","b21be381d7bafd36dd7c6d0f3913abda4010fe2ea9d872546ed2ed6ab61fac0a","180","1156","2740","rotated_bottom_left_pixels","236","56","626","inherited","[""アトリ_tatr01_l_d4_p1_fd.png"", 180.0]","true"
"アトリ_tatr01_l_d4_p1_ff.png","アトリ_tatr01_d4_p1_ff","アトリ","tatr01","l","d4","p1","ff","1156","2989","136e7ee75a49e5553d4d24eed7246b630d0fab722d0b113bb79ffc08c2f4e1ee","180","1156","2989","rotated_bottom_left_pixels","236","312","626","manual_adjusted","[""アトリ_tatr01_l_d4_p1_fe.png"", 180.0]","true"
"アトリ_tatr01_l_d4_p1_fg.png","アトリ_tatr01_d4_p1_fg","アトリ","tatr01","l","d4","p1","fg","1156","2740","94b1840218a32ffca461d5b641de3534f93094fe979e565103d1e06065e9a3ab","180","1156","2740","rotated_bottom_left_pixels","236","56","626","manual_adjusted","[""アトリ_tatr01_l_d4_p1_ff.png"", 180.0]","true"
"アトリ_tatr01_l_d4_p1_fh.png","アトリ_tatr01_d4_p1_fh","アトリ","tatr01","l","d4","p1","fh","1156","2989","a520eaad87705967a1e4024b02f133f263eaedc78e782697725679c249abafcc","180","1156","2989","rotated_bottom_left_pixels","236","312","626","manual_adjusted","[""アトリ_tatr01_l_d4_p1_fg.png"", 180.0]","true"
"アトリ_tatr01_l_d4_p1_fi.png","アトリ_tatr01_d4_p1_fi","アトリ","tatr01","l","d4","p1","fi","1156","2740","45830e2bb4fa50ebd316d5cb4fcc1503b701f185d8faeae9bf9e519cb2a047c0","180","1156","2740","rotated_bottom_left_pixels","236","56","626","manual_adjusted","[""アトリ_tatr01_l_d4_p1_fh.png"", 180.0]","true"
"アトリ_tatr01_l_d4_p1_fj.png","アトリ_tatr01_d4_p1_fj","アトリ","tatr01","l","d4","p1","fj","1156","2740","edd1119ce756ed5faaa87042f4fef2c9830e4bc7455c5f8094e81888804f1428","180","1156","2740","rotated_bottom_left_pixels","236","56","626","inherited","[""アトリ_tatr01_l_d4_p1_fi.png"", 180.0]","true"
"アトリ_tatr01_l_d4_p1_fk.png","アトリ_tatr01_d4_p1_fk","アトリ","tatr01","l","d4","p1","fk","1156","2740","3262113fdfad91aaf4f9888e9cf5a93f7dcc8271f4bf0d5897780988fd97765b","180","1156","2740","rotated_bottom_left_pixels","236","56","626","inherited","[""アトリ_tatr01_l_d4_p1_fj.png"", 180.0]","true"
"アトリ_tatr01_l_d4_p1_fl.png","アトリ_tatr01_d4_p1_fl","アトリ","tatr01","l","d4","p1","fl","1156","2740","e67da6ae9e7ff48302cd383ad4289f3757228cc6c1a9d24ac218c5b31eb3d32f","180","1156","2740","rotated_bottom_left_pixels","236","56","626","inherited","[""アトリ_tatr01_l_d4_p1_fk.png"", 180.0]","true"
"アトリ_tatr01_l_d1_p2_f1.png","アトリ_tatr01_d1_p2_f1","アトリ","tatr01","l","d1","p2","f1","1250","2963","a32de8f87e0a29e0975d977def9b4b14f8532445f709acfa274b03c4e3737b3a","180","1250","2963","rotated_bottom_left_pixels","321","281","626","rotated_reference","[""アトリ_tatr01_l_d1_p2_f1.png"", 0.0]","true"
"アトリ_tatr01_l_d1_p2_f2.png","アトリ_tatr01_d1_p2_f2","アトリ","tatr01","l","d1","p2","f2","1250","2963","4263d82dff6cba6e32875a66a66c17763cc10cae43b68ed81db6f0a93eca7a17","180","1250","2963","rotated_bottom_left_pixels","321","281","626","inherited","[""アトリ_tatr01_l_d1_p2_f1.png"", 180.0]","true"
"アトリ_tatr01_l_d1_p2_f3.png","アトリ_tatr01_d1_p2_f3","アトリ","tatr01","l","d1","p2","f3","1250","2963","2720c1083e4ed9d42aa5552dbaf006f0d050af7f27a5e88d246a45a578574ea8","180","1250","2963","rotated_bottom_left_pixels","321","281","626","inherited","[""アトリ_tatr01_l_d1_p2_f2.png"", 180.0]","true"
"アトリ_tatr01_l_d1_p2_f4.png","アトリ_tatr01_d1_p2_f4","アトリ","tatr01","l","d1","p2","f4","1250","2963","c7b04a04f40e05dac11c5fdf02dddd0238c41d9143df2e464bfacfd6bdc67fb2","180","1250","2963","rotated_bottom_left_pixels","321","281","626","inherited","[""アトリ_tatr01_l_d1_p2_f3.png"", 180.0]","true"
"アトリ_tatr01_l_d1_p2_f5.png","アトリ_tatr01_d1_p2_f5","アトリ","tatr01","l","d1","p2","f5","1250","2963","69b6b6b165349f51b28ff6c4b8ed3848e6009ae372123b33f49a993f0694729c","180","1250","2963","rotated_bottom_left_pixels","321","281","626","inherited","[""アトリ_tatr01_l_d1_p2_f4.png"", 180.0]","true"
"アトリ_tatr01_l_d1_p2_f6.png","アトリ_tatr01_d1_p2_f6","アトリ","tatr01","l","d1","p2","f6","1250","2963","6e8fbb4a661a510b445fd8060e7a860fdb5012f43bac854e83d3c072e4452ec0","180","1250","2963","rotated_bottom_left_pixels","321","281","626","inherited","[""アトリ_tatr01_l_d1_p2_f5.png"", 180.0]","true"
"アトリ_tatr01_l_d1_p2_f7.png","アトリ_tatr01_d1_p2_f7","アトリ","tatr01","l","d1","p2","f7","1250","2963","7be56828231e5d524c1e0c91a3eb481b4fb8458e4467baaffd979ff72f4b5ea6","180","1250","2963","rotated_bottom_left_pixels","321","281","626","inherited","[""アトリ_tatr01_l_d1_p2_f6.png"", 180.0]","true"
"アトリ_tatr01_l_d1_p2_f8.png","アトリ_tatr01_d1_p2_f8","アトリ","tatr01","l","d1","p2","f8","1250","2963","e2247f7bdb14217655aba9ee21be623f5d4d34a51931487a79cce7babb0c4120","180","1250","2963","rotated_bottom_left_pixels","321","281","626","inherited","[""アトリ_tatr01_l_d1_p2_f7.png"", 180.0]","true"
"アトリ_tatr01_l_d1_p2_f9.png","アトリ_tatr01_d1_p2_f9","アトリ","tatr01","l","d1","p2","f9","1250","2963","a9465d957a8b3ad84d2d9d852de8945afe5d647a79eb332b6271475cc0a68a45","180","1250","2963","rotated_bottom_left_pixels","321","281","626","inherited","[""アトリ_tatr01_l_d1_p2_f8.png"", 180.0]","true"
"アトリ_tatr01_l_d1_p2_fa.png","アトリ_tatr01_d1_p2_fa","アトリ","tatr01","l","d1","p2","fa","1250","2963","bfa7b73756ceb3676948ef48be3a399afeaebde8002b3ea3201ba6c18774e838","180","1250","2963","rotated_bottom_left_pixels","321","281","626","inherited","[""アトリ_tatr01_l_d1_p2_f9.png"", 180.0]","true"
"アトリ_tatr01_l_d1_p2_fb.png","アトリ_tatr01_d1_p2_fb","アトリ","tatr01","l","d1","p2","fb","1250","2963","3e03a1b1a688634ceb2d289be4773a77837e39e69ddb6c59617117455d1a6a11","180","1250","2963","rotated_bottom_left_pixels","321","281","626","inherited","[""アトリ_tatr01_l_d1_p2_fa.png"", 180.0]","true"
"アトリ_tatr01_l_d1_p2_fc.png","アトリ_tatr01_d1_p2_fc","アトリ","tatr01","l","d1","p2","fc","1250","2963","946dd8a17d8c4c6d383ae4622bb3195b60bca5e68351e265a842a9d7ce8b3706","180","1250","2963","rotated_bottom_left_pixels","321","281","626","inherited","[""アトリ_tatr01_l_d1_p2_fb.png"", 180.0]","true"
"アトリ_tatr01_l_d1_p2_fd.png","アトリ_tatr01_d1_p2_fd","アトリ","tatr01","l","d1","p2","fd","1250","2963","e02c65ee12ee258496af3a875b4b3df35931aae30dc4d33507a018b8629c0329","180","1250","2963","rotated_bottom_left_pixels","321","281","626","inherited","[""アトリ_tatr01_l_d1_p2_fc.png"", 180.0]","true"
"アトリ_tatr01_l_d1_p2_fe.png","アトリ_tatr01_d1_p2_fe","アトリ","tatr01","l","d1","p2","fe","1250","2963","5f81810775d036300084bb6150eaf863c81f92087df9e62d590af5869c47f4da","180","1250","2963","rotated_bottom_left_pixels","321","281","626","manual_adjusted","[""アトリ_tatr01_l_d1_p2_fd.png"", 180.0]","true"
"アトリ_tatr01_l_d1_p2_ff.png","アトリ_tatr01_d1_p2_ff","アトリ","tatr01","l","d1","p2","ff","1250","2989","c85dca38f3f841872d29cdc3f69963f1774fc77a23a7fee1c37269fcdf130f03","180","1250","2989","rotated_bottom_left_pixels","321","298","626","manual_adjusted","[""アトリ_tatr01_l_d1_p2_fe.png"", 180.0]","true"
"アトリ_tatr01_l_d1_p2_fg.png","アトリ_tatr01_d1_p2_fg","アトリ","tatr01","l","d1","p2","fg","1250","2963","004e08df54c25f2e8f05cfcf770f88d852f3865128932d364ddad9d7e3198c80","180","1250","2963","rotated_bottom_left_pixels","321","281","626","manual_adjusted","[""アトリ_tatr01_l_d1_p2_ff.png"", 180.0]","true"
"アトリ_tatr01_l_d1_p2_fh.png","アトリ_tatr01_d1_p2_fh","アトリ","tatr01","l","d1","p2","fh","1250","2989","3e9783cf08b0f15a238c727c09e70c51eb2e30bdf4848a085b8e57d8d3402289","180","1250","2989","rotated_bottom_left_pixels","321","298","626","manual_adjusted","[""アトリ_tatr01_l_d1_p2_fg.png"", 180.0]","true"
"アトリ_tatr01_l_d1_p2_fi.png","アトリ_tatr01_d1_p2_fi","アトリ","tatr01","l","d1","p2","fi","1250","2963","74c695c903922df822f7e13d13d438e806e22a69be8b251620f5d68eb4285426","180","1250","2963","rotated_bottom_left_pixels","321","281","626","manual_adjusted","[""アトリ_tatr01_l_d1_p2_fh.png"", 180.0]","true"
"アトリ_tatr01_l_d1_p2_fj.png","アトリ_tatr01_d1_p2_fj","アトリ","tatr01","l","d1","p2","fj","1250","2963","7a2310df609bd1ae28d73d9ab6df6ce5dc619829270a1c67bab1fa939461d9a1","180","1250","2963","rotated_bottom_left_pixels","321","281","626","inherited","[""アトリ_tatr01_l_d1_p2_fi.png"", 180.0]","true"
"アトリ_tatr01_l_d1_p2_fk.png","アトリ_tatr01_d1_p2_fk","アトリ","tatr01","l","d1","p2","fk","1250","2963","f1d0ec03cb15018a143e1c82c88ffe38aeba6f47e9c665f1679704080cd936b4","180","1250","2963","rotated_bottom_left_pixels","321","281","626","inherited","[""アトリ_tatr01_l_d1_p2_fj.png"", 180.0]","true"
"アトリ_tatr01_l_d1_p2_fl.png","アトリ_tatr01_d1_p2_fl","アトリ","tatr01","l","d1","p2","fl","1250","2963","cb719a8a53de2c3c5d68748675434709caced1300cba70585081149fa54f5502","180","1250","2963","rotated_bottom_left_pixels","321","281","626","inherited","[""アトリ_tatr01_l_d1_p2_fk.png"", 180.0]","true"
"アトリ_tatr01_l_d2_p2_f1.png","アトリ_tatr01_d2_p2_f1","アトリ","tatr01","l","d2","p2","f1","1250","2963","df9a437c87472ea18e5e660ee305abbcf67fb56f926a684f7fa824586c87376c","180","1250","2963","rotated_bottom_left_pixels","321","281","626","inherited","[""アトリ_tatr01_l_d1_p2_fl.png"", 180.0]","true"
"アトリ_tatr01_l_d2_p2_f2.png","アトリ_tatr01_d2_p2_f2","アトリ","tatr01","l","d2","p2","f2","1250","2963","51b348a6d7fdaa59b6497843810ea44784c87aca43902725ea1ede81163af543","180","1250","2963","rotated_bottom_left_pixels","321","281","626","inherited","[""アトリ_tatr01_l_d2_p2_f1.png"", 180.0]","true"
"アトリ_tatr01_l_d2_p2_f3.png","アトリ_tatr01_d2_p2_f3","アトリ","tatr01","l","d2","p2","f3","1250","2963","7e6b425952ca4dd8b5e3bd3c80eb4afd68d553ad2e7975fdb6d86fb7b607f7d1","180","1250","2963","rotated_bottom_left_pixels","321","281","626","inherited","[""アトリ_tatr01_l_d2_p2_f2.png"", 180.0]","true"
"アトリ_tatr01_l_d2_p2_f4.png","アトリ_tatr01_d2_p2_f4","アトリ","tatr01","l","d2","p2","f4","1250","2963","5deaf8b43a27268772959ab7b086991911f1e0719004cf13b0353a6ebd161e53","180","1250","2963","rotated_bottom_left_pixels","321","281","626","inherited","[""アトリ_tatr01_l_d2_p2_f3.png"", 180.0]","true"
"アトリ_tatr01_l_d2_p2_f5.png","アトリ_tatr01_d2_p2_f5","アトリ","tatr01","l","d2","p2","f5","1250","2963","05da545af1ab1ef27a98540d2540d397600d83ae2f1e162fb365a8c7935cb955","180","1250","2963","rotated_bottom_left_pixels","321","281","626","inherited","[""アトリ_tatr01_l_d2_p2_f4.png"", 180.0]","true"
"アトリ_tatr01_l_d2_p2_f6.png","アトリ_tatr01_d2_p2_f6","アトリ","tatr01","l","d2","p2","f6","1250","2963","f7295c84fbe369686ad71f881b2330c1d477f0be87bbc20732a9dd1d355aa0d1","180","1250","2963","rotated_bottom_left_pixels","321","281","626","inherited","[""アトリ_tatr01_l_d2_p2_f5.png"", 180.0]","true"
"アトリ_tatr01_l_d2_p2_f7.png","アトリ_tatr01_d2_p2_f7","アトリ","tatr01","l","d2","p2","f7","1250","2963","7861e2850636936b30e5634fd974eaf42ac03924d4f18c437f66a1034802cfef","180","1250","2963","rotated_bottom_left_pixels","321","281","626","inherited","[""アトリ_tatr01_l_d2_p2_f6.png"", 180.0]","true"
"アトリ_tatr01_l_d2_p2_f8.png","アトリ_tatr01_d2_p2_f8","アトリ","tatr01","l","d2","p2","f8","1250","2963","a69467a60c5d89f02f97feae247a94eb931ce7413299d406d21a15f1934c9627","180","1250","2963","rotated_bottom_left_pixels","321","281","626","inherited","[""アトリ_tatr01_l_d2_p2_f7.png"", 180.0]","true"
"アトリ_tatr01_l_d2_p2_f9.png","アトリ_tatr01_d2_p2_f9","アトリ","tatr01","l","d2","p2","f9","1250","2963","023e06d8ab1328eb1f98695f4271df9057497bfd29f1a1d12c57a15ef7a8be03","180","1250","2963","rotated_bottom_left_pixels","321","281","626","inherited","[""アトリ_tatr01_l_d2_p2_f8.png"", 180.0]","true"
"アトリ_tatr01_l_d2_p2_fa.png","アトリ_tatr01_d2_p2_fa","アトリ","tatr01","l","d2","p2","fa","1250","2963","2038d60848c6c7adff794c728fd25b7b5fa64486f26ef6a531ef8653edaa41d3","180","1250","2963","rotated_bottom_left_pixels","321","281","626","inherited","[""アトリ_tatr01_l_d2_p2_f9.png"", 180.0]","true"
"アトリ_tatr01_l_d2_p2_fb.png","アトリ_tatr01_d2_p2_fb","アトリ","tatr01","l","d2","p2","fb","1250","2963","9c6cebb4df02bfba76e3685601e3d7eb3e2180613a265a95050f436fd882e715","180","1250","2963","rotated_bottom_left_pixels","321","281","626","inherited","[""アトリ_tatr01_l_d2_p2_fa.png"", 180.0]","true"
"アトリ_tatr01_l_d2_p2_fc.png","アトリ_tatr01_d2_p2_fc","アトリ","tatr01","l","d2","p2","fc","1250","2963","82a7108ad457a390a8ad71c8d6931c4b909b3d395e2403b725c05320cbe61d02","180","1250","2963","rotated_bottom_left_pixels","321","281","626","inherited","[""アトリ_tatr01_l_d2_p2_fb.png"", 180.0]","true"
"アトリ_tatr01_l_d2_p2_fd.png","アトリ_tatr01_d2_p2_fd","アトリ","tatr01","l","d2","p2","fd","1250","2963","2e855d53ac4f5a29e8d5af3123df57b86a150f72cf05bf21cbbfa8e3e64831a0","180","1250","2963","rotated_bottom_left_pixels","321","281","626","inherited","[""アトリ_tatr01_l_d2_p2_fc.png"", 180.0]","true"
"アトリ_tatr01_l_d2_p2_fe.png","アトリ_tatr01_d2_p2_fe","アトリ","tatr01","l","d2","p2","fe","1250","2963","838a16f58a0488a6869a9a9a46a42ab485621e61b2c661adee2508b80080e393","180","1250","2963","rotated_bottom_left_pixels","321","281","626","inherited","[""アトリ_tatr01_l_d2_p2_fd.png"", 180.0]","true"
"アトリ_tatr01_l_d2_p2_ff.png","アトリ_tatr01_d2_p2_ff","アトリ","tatr01","l","d2","p2","ff","1250","2989","6a6cd3ce79436515a871691d91ce1fbc2cf782478725ac1351c5bc8bb2b12091","180","1250","2989","rotated_bottom_left_pixels","321","298","626","manual_adjusted","[""アトリ_tatr01_l_d2_p2_fe.png"", 180.0]","true"
"アトリ_tatr01_l_d2_p2_fg.png","アトリ_tatr01_d2_p2_fg","アトリ","tatr01","l","d2","p2","fg","1250","2963","53367ca5c7c7ea696c84e25a25488558336ef432ac270fc330e5f4be8cb952cf","180","1250","2963","rotated_bottom_left_pixels","321","281","626","manual_adjusted","[""アトリ_tatr01_l_d2_p2_ff.png"", 180.0]","true"
"アトリ_tatr01_l_d2_p2_fh.png","アトリ_tatr01_d2_p2_fh","アトリ","tatr01","l","d2","p2","fh","1250","2989","47190bb565504ba3eefa3a3b65c6bff707d7f18c9412b3da4f7e8a93bb77e708","180","1250","2989","rotated_bottom_left_pixels","321","298","626","manual_adjusted","[""アトリ_tatr01_l_d2_p2_fg.png"", 180.0]","true"
"アトリ_tatr01_l_d2_p2_fi.png","アトリ_tatr01_d2_p2_fi","アトリ","tatr01","l","d2","p2","fi","1250","2963","324ba05a5a12ee2ce194cdc49655eb50bdda0d5990f0c6112e0bc433605b72eb","180","1250","2963","rotated_bottom_left_pixels","321","281","626","manual_adjusted","[""アトリ_tatr01_l_d2_p2_fh.png"", 180.0]","true"
"アトリ_tatr01_l_d2_p2_fj.png","アトリ_tatr01_d2_p2_fj","アトリ","tatr01","l","d2","p2","fj","1250","2963","8738ed5276eb3e398f4be2aecafda3380e4e0fcf1b5ee26b711117e3fe71dce7","180","1250","2963","rotated_bottom_left_pixels","321","281","626","inherited","[""アトリ_tatr01_l_d2_p2_fi.png"", 180.0]","true"
"アトリ_tatr01_l_d2_p2_fk.png","アトリ_tatr01_d2_p2_fk","アトリ","tatr01","l","d2","p2","fk","1250","2963","7d0b12fcc0499d96ea6955fb9e0c3bca464fce5b96822012daac9c579ecc59de","180","1250","2963","rotated_bottom_left_pixels","321","281","626","inherited","[""アトリ_tatr01_l_d2_p2_fj.png"", 180.0]","true"
"アトリ_tatr01_l_d2_p2_fl.png","アトリ_tatr01_d2_p2_fl","アトリ","tatr01","l","d2","p2","fl","1250","2963","01b991e81e5571f322f9dd03cc7aeec8fdef591b883e292d76365199fb861d17","180","1250","2963","rotated_bottom_left_pixels","321","281","626","inherited","[""アトリ_tatr01_l_d2_p2_fk.png"", 180.0]","true"
"アトリ_tatr01_l_d3_p2_f1.png","アトリ_tatr01_d3_p2_f1","アトリ","tatr01","l","d3","p2","f1","1250","2963","28aaccff9edb5977760edb9a62de45605c200c3f8e16101d98d3b0a06dc567a8","180","1250","2963","rotated_bottom_left_pixels","321","281","626","inherited","[""アトリ_tatr01_l_d2_p2_fl.png"", 180.0]","true"
"アトリ_tatr01_l_d3_p2_f2.png","アトリ_tatr01_d3_p2_f2","アトリ","tatr01","l","d3","p2","f2","1250","2963","47637d0f1a1e2dde0f9c149e5e61676f2236be3f658c3593e27c04a5e8004075","180","1250","2963","rotated_bottom_left_pixels","321","281","626","inherited","[""アトリ_tatr01_l_d3_p2_f1.png"", 180.0]","true"
"アトリ_tatr01_l_d3_p2_f3.png","アトリ_tatr01_d3_p2_f3","アトリ","tatr01","l","d3","p2","f3","1250","2963","98ceca347e3e09913b55ca7423b608d4a658fb17561ae77c9c82e654b9c73a65","180","1250","2963","rotated_bottom_left_pixels","321","281","626","inherited","[""アトリ_tatr01_l_d3_p2_f2.png"", 180.0]","true"
"アトリ_tatr01_l_d3_p2_f4.png","アトリ_tatr01_d3_p2_f4","アトリ","tatr01","l","d3","p2","f4","1250","2963","2245919dddb77f7993a528be7bca8b02b4f5a7c73bf91b5dc5349ba1cd8cdee5","180","1250","2963","rotated_bottom_left_pixels","321","281","626","inherited","[""アトリ_tatr01_l_d3_p2_f3.png"", 180.0]","true"
"アトリ_tatr01_l_d3_p2_f5.png","アトリ_tatr01_d3_p2_f5","アトリ","tatr01","l","d3","p2","f5","1250","2963","d3a9c036dc1fd78d75deb69877c155c5525f2bfabf811c21f17fb659c8f5f7d6","180","1250","2963","rotated_bottom_left_pixels","321","281","626","inherited","[""アトリ_tatr01_l_d3_p2_f4.png"", 180.0]","true"
"アトリ_tatr01_l_d3_p2_f6.png","アトリ_tatr01_d3_p2_f6","アトリ","tatr01","l","d3","p2","f6","1250","2963","0e792249cda1db5372a6ae35a7fc611ce643615006a93df113e048ab72c75242","180","1250","2963","rotated_bottom_left_pixels","321","281","626","inherited","[""アトリ_tatr01_l_d3_p2_f5.png"", 180.0]","true"
"アトリ_tatr01_l_d3_p2_f7.png","アトリ_tatr01_d3_p2_f7","アトリ","tatr01","l","d3","p2","f7","1250","2963","96cc530ff4f233ed64dde086fa48096ff447936c126e4c0677ad97d3b1295255","180","1250","2963","rotated_bottom_left_pixels","321","281","626","inherited","[""アトリ_tatr01_l_d3_p2_f6.png"", 180.0]","true"
"アトリ_tatr01_l_d3_p2_f8.png","アトリ_tatr01_d3_p2_f8","アトリ","tatr01","l","d3","p2","f8","1250","2963","97766e9833278d6e11af6899ae5e76ef7e03a48c49920620db29b8e748d61304","180","1250","2963","rotated_bottom_left_pixels","321","281","626","inherited","[""アトリ_tatr01_l_d3_p2_f7.png"", 180.0]","true"
"アトリ_tatr01_l_d3_p2_f9.png","アトリ_tatr01_d3_p2_f9","アトリ","tatr01","l","d3","p2","f9","1250","2963","5a477c801132efcba9f0d33cd68016a73dedca006c60a277af55a2bca4526ba7","180","1250","2963","rotated_bottom_left_pixels","321","281","626","inherited","[""アトリ_tatr01_l_d3_p2_f8.png"", 180.0]","true"
"アトリ_tatr01_l_d3_p2_fa.png","アトリ_tatr01_d3_p2_fa","アトリ","tatr01","l","d3","p2","fa","1250","2963","f2cc7863b958b53f0f0d9c048670ce78ee8105643c4ea2d110b9a1707afbe3e2","180","1250","2963","rotated_bottom_left_pixels","321","281","626","inherited","[""アトリ_tatr01_l_d3_p2_f9.png"", 180.0]","true"
"アトリ_tatr01_l_d3_p2_fb.png","アトリ_tatr01_d3_p2_fb","アトリ","tatr01","l","d3","p2","fb","1250","2963","eebfc34e9a839b30c06b87807d13b2d3facb6c9b465035e78843f616a9902d04","180","1250","2963","rotated_bottom_left_pixels","321","281","626","inherited","[""アトリ_tatr01_l_d3_p2_fa.png"", 180.0]","true"
"アトリ_tatr01_l_d3_p2_fc.png","アトリ_tatr01_d3_p2_fc","アトリ","tatr01","l","d3","p2","fc","1250","2963","5d56a8622327d2821ced87025cd03b4fe175acd5d0cb13b29e0dae43c1099a5f","180","1250","2963","rotated_bottom_left_pixels","321","281","626","inherited","[""アトリ_tatr01_l_d3_p2_fb.png"", 180.0]","true"
"アトリ_tatr01_l_d3_p2_fd.png","アトリ_tatr01_d3_p2_fd","アトリ","tatr01","l","d3","p2","fd","1250","2963","cdfb351c5cac65d461343de75fb506017e2b32a486b4372359a322ca60dd2f42","180","1250","2963","rotated_bottom_left_pixels","321","281","626","inherited","[""アトリ_tatr01_l_d3_p2_fc.png"", 180.0]","true"
"アトリ_tatr01_l_d3_p2_fe.png","アトリ_tatr01_d3_p2_fe","アトリ","tatr01","l","d3","p2","fe","1250","2963","61632749745e896c4ea653bded98c2f4f0a0cf57bfc670bd0217c12e64e66534","180","1250","2963","rotated_bottom_left_pixels","321","281","626","inherited","[""アトリ_tatr01_l_d3_p2_fd.png"", 180.0]","true"
"アトリ_tatr01_l_d3_p2_ff.png","アトリ_tatr01_d3_p2_ff","アトリ","tatr01","l","d3","p2","ff","1250","2989","f8642199465f1c2c2f16e7b0b2f1fad309b35498f704b24b52b1f4c18376c64a","180","1250","2989","rotated_bottom_left_pixels","321","298","626","manual_adjusted","[""アトリ_tatr01_l_d3_p2_fe.png"", 180.0]","true"
"アトリ_tatr01_l_d3_p2_fg.png","アトリ_tatr01_d3_p2_fg","アトリ","tatr01","l","d3","p2","fg","1250","2963","74dee4ced7d5dc0e32d4668421c2483a3f4452dea5535449f38ce0f3963ac37a","180","1250","2963","rotated_bottom_left_pixels","321","281","626","manual_adjusted","[""アトリ_tatr01_l_d3_p2_ff.png"", 180.0]","true"
"アトリ_tatr01_l_d3_p2_fh.png","アトリ_tatr01_d3_p2_fh","アトリ","tatr01","l","d3","p2","fh","1250","2989","9f116fe43f6c3c0ab673e3b529653be9d09ca1142d2172d9eaf1e2dc46caa8ae","180","1250","2989","rotated_bottom_left_pixels","321","298","626","manual_adjusted","[""アトリ_tatr01_l_d3_p2_fg.png"", 180.0]","true"
"アトリ_tatr01_l_d3_p2_fi.png","アトリ_tatr01_d3_p2_fi","アトリ","tatr01","l","d3","p2","fi","1250","2963","a19f637b7f53cdd97b6ca3d1b4dc134c0e35d86b216abe20877e635aeedc79d8","180","1250","2963","rotated_bottom_left_pixels","321","281","626","manual_adjusted","[""アトリ_tatr01_l_d3_p2_fh.png"", 180.0]","true"
"アトリ_tatr01_l_d3_p2_fj.png","アトリ_tatr01_d3_p2_fj","アトリ","tatr01","l","d3","p2","fj","1250","2963","f4c47dea28b733ef69f8a9b65dfce80a2981de9b5508ca72bb29a6aa0be7b156","180","1250","2963","rotated_bottom_left_pixels","321","281","626","inherited","[""アトリ_tatr01_l_d3_p2_fi.png"", 180.0]","true"
"アトリ_tatr01_l_d3_p2_fk.png","アトリ_tatr01_d3_p2_fk","アトリ","tatr01","l","d3","p2","fk","1250","2963","e7b2f09e107be931ff7eafe9c33a7c8650806a026e0e763c4b57319ea9536401","180","1250","2963","rotated_bottom_left_pixels","321","281","626","inherited","[""アトリ_tatr01_l_d3_p2_fj.png"", 180.0]","true"
"アトリ_tatr01_l_d3_p2_fl.png","アトリ_tatr01_d3_p2_fl","アトリ","tatr01","l","d3","p2","fl","1250","2963","a16810d9db0cbcafb165684236e3f8344470586faad3765bd4f09f666a424f9a","180","1250","2963","rotated_bottom_left_pixels","321","281","626","inherited","[""アトリ_tatr01_l_d3_p2_fk.png"", 180.0]","true"
"アトリ_tatr01_l_d4_p2_f1.png","アトリ_tatr01_d4_p2_f1","アトリ","tatr01","l","d4","p2","f1","1250","2963","da26a0333af6ac03a6cc0410c2a1d4fca6f838b473fd087f4ed2b7c5e420e316","180","1250","2963","rotated_bottom_left_pixels","321","281","626","inherited","[""アトリ_tatr01_l_d3_p2_fl.png"", 180.0]","true"
"アトリ_tatr01_l_d4_p2_f2.png","アトリ_tatr01_d4_p2_f2","アトリ","tatr01","l","d4","p2","f2","1250","2963","d399278af565e255d89d00321608f2d0f0a87fe332fa6456189af883330ff3c8","180","1250","2963","rotated_bottom_left_pixels","321","281","626","inherited","[""アトリ_tatr01_l_d4_p2_f1.png"", 180.0]","true"
"アトリ_tatr01_l_d4_p2_f3.png","アトリ_tatr01_d4_p2_f3","アトリ","tatr01","l","d4","p2","f3","1250","2963","6cf187ab4bdb419940237fe301dad682284667496548e14493b1306ffd0bd0fd","180","1250","2963","rotated_bottom_left_pixels","321","281","626","inherited","[""アトリ_tatr01_l_d4_p2_f2.png"", 180.0]","true"
"アトリ_tatr01_l_d4_p2_f4.png","アトリ_tatr01_d4_p2_f4","アトリ","tatr01","l","d4","p2","f4","1250","2963","329eeced82f54542adef86749501ccf7e06c806d78631a3b7a0ac7000fad4cdb","180","1250","2963","rotated_bottom_left_pixels","321","281","626","inherited","[""アトリ_tatr01_l_d4_p2_f3.png"", 180.0]","true"
"アトリ_tatr01_l_d4_p2_f5.png","アトリ_tatr01_d4_p2_f5","アトリ","tatr01","l","d4","p2","f5","1250","2963","fbe01745a1048e51c0b06e680fcb804ad67fc22e028ef0262c02c61816380eee","180","1250","2963","rotated_bottom_left_pixels","321","281","626","inherited","[""アトリ_tatr01_l_d4_p2_f4.png"", 180.0]","true"
"アトリ_tatr01_l_d4_p2_f6.png","アトリ_tatr01_d4_p2_f6","アトリ","tatr01","l","d4","p2","f6","1250","2963","2bf25696c4c12b7be6d7f1c618e97f1e3d6ee3ea66fbfa2127e2401e3f36e2aa","180","1250","2963","rotated_bottom_left_pixels","321","281","626","inherited","[""アトリ_tatr01_l_d4_p2_f5.png"", 180.0]","true"
"アトリ_tatr01_l_d4_p2_f7.png","アトリ_tatr01_d4_p2_f7","アトリ","tatr01","l","d4","p2","f7","1250","2963","a6e029b580eb97675cf169cb9ee1f723e77965ecaaa474d655602abb919a6076","180","1250","2963","rotated_bottom_left_pixels","321","281","626","inherited","[""アトリ_tatr01_l_d4_p2_f6.png"", 180.0]","true"
"アトリ_tatr01_l_d4_p2_f8.png","アトリ_tatr01_d4_p2_f8","アトリ","tatr01","l","d4","p2","f8","1250","2963","fff1751c1caec393b5f77979ac5eaf20f054abade9811695fa6779c249f5c5fd","180","1250","2963","rotated_bottom_left_pixels","321","281","626","inherited","[""アトリ_tatr01_l_d4_p2_f7.png"", 180.0]","true"
"アトリ_tatr01_l_d4_p2_f9.png","アトリ_tatr01_d4_p2_f9","アトリ","tatr01","l","d4","p2","f9","1250","2963","0a9c32cbdbc4b0f3bd03068d9a1788782fbccc190ff643cf7f625fb5ebc1335b","180","1250","2963","rotated_bottom_left_pixels","321","281","626","inherited","[""アトリ_tatr01_l_d4_p2_f8.png"", 180.0]","true"
"アトリ_tatr01_l_d4_p2_fa.png","アトリ_tatr01_d4_p2_fa","アトリ","tatr01","l","d4","p2","fa","1250","2963","c015029cf8947e69c9052bd972b0401d3a14b985aa29c8061882a0a756995d1c","180","1250","2963","rotated_bottom_left_pixels","321","281","626","inherited","[""アトリ_tatr01_l_d4_p2_f9.png"", 180.0]","true"
"アトリ_tatr01_l_d4_p2_fb.png","アトリ_tatr01_d4_p2_fb","アトリ","tatr01","l","d4","p2","fb","1250","2963","4cbf178362f61ac6f75219bf2e239f2ab53d0dd64d5b8c624dfb0fd07fcee00f","180","1250","2963","rotated_bottom_left_pixels","321","281","626","inherited","[""アトリ_tatr01_l_d4_p2_fa.png"", 180.0]","true"
"アトリ_tatr01_l_d4_p2_fc.png","アトリ_tatr01_d4_p2_fc","アトリ","tatr01","l","d4","p2","fc","1250","2963","e5b66a281b8b18960323cb1b4a3b4fedb3a3147bb4b236c57f1d9a57c1f2375b","180","1250","2963","rotated_bottom_left_pixels","321","281","626","inherited","[""アトリ_tatr01_l_d4_p2_fb.png"", 180.0]","true"
"アトリ_tatr01_l_d4_p2_fd.png","アトリ_tatr01_d4_p2_fd","アトリ","tatr01","l","d4","p2","fd","1250","2963","91e146b477392708da335c3b07589605db817270b412c2e41ae920e947138bb9","180","1250","2963","rotated_bottom_left_pixels","321","281","626","inherited","[""アトリ_tatr01_l_d4_p2_fc.png"", 180.0]","true"
"アトリ_tatr01_l_d4_p2_fe.png","アトリ_tatr01_d4_p2_fe","アトリ","tatr01","l","d4","p2","fe","1250","2963","992e61dedcca2b1bf765f5128998d332a30394f4515a7cbb70ba6a02d3853ed9","180","1250","2963","rotated_bottom_left_pixels","321","281","626","inherited","[""アトリ_tatr01_l_d4_p2_fd.png"", 180.0]","true"
"アトリ_tatr01_l_d4_p2_ff.png","アトリ_tatr01_d4_p2_ff","アトリ","tatr01","l","d4","p2","ff","1250","2989","dc6abf389ac3b2cdaeff5bc277837c48fa5116185f5ca6315451927e09577629","180","1250","2989","rotated_bottom_left_pixels","321","298","626","manual_adjusted","[""アトリ_tatr01_l_d4_p2_fe.png"", 180.0]","true"
"アトリ_tatr01_l_d4_p2_fg.png","アトリ_tatr01_d4_p2_fg","アトリ","tatr01","l","d4","p2","fg","1250","2963","37ffca8f4ce0077cacbbf82c07b1cb97fdef7c1edc7ab51aeeb1a995856a396a","180","1250","2963","rotated_bottom_left_pixels","321","281","626","manual_adjusted","[""アトリ_tatr01_l_d4_p2_ff.png"", 180.0]","true"
"アトリ_tatr01_l_d4_p2_fh.png","アトリ_tatr01_d4_p2_fh","アトリ","tatr01","l","d4","p2","fh","1250","2989","27005fd63820541a92e8125ec28d15e4516c7946756288fac20bbacddfbdb7b5","180","1250","2989","rotated_bottom_left_pixels","321","298","626","manual_adjusted","[""アトリ_tatr01_l_d4_p2_fg.png"", 180.0]","true"
"アトリ_tatr01_l_d4_p2_fi.png","アトリ_tatr01_d4_p2_fi","アトリ","tatr01","l","d4","p2","fi","1250","2963","c2f0f0a5cd7d9d2df82a07187f7fed98ba76c1704782a591738da1da9e9030e2","180","1250","2963","rotated_bottom_left_pixels","321","281","626","manual_adjusted","[""アトリ_tatr01_l_d4_p2_fh.png"", 180.0]","true"
"アトリ_tatr01_l_d4_p2_fj.png","アトリ_tatr01_d4_p2_fj","アトリ","tatr01","l","d4","p2","fj","1250","2963","0f80146d3017768a4b2d6e1d59814de03b7a0a7f356a26a095062cc6caaa1c77","180","1250","2963","rotated_bottom_left_pixels","321","281","626","inherited","[""アトリ_tatr01_l_d4_p2_fi.png"", 180.0]","true"
"アトリ_tatr01_l_d4_p2_fk.png","アトリ_tatr01_d4_p2_fk","アトリ","tatr01","l","d4","p2","fk","1250","2963","e2a09ff0e966bc1d180a557096d4a91bfe3611a20dea1ba4b2a9b04d99781190","180","1250","2963","rotated_bottom_left_pixels","321","281","626","inherited","[""アトリ_tatr01_l_d4_p2_fj.png"", 180.0]","true"
"アトリ_tatr01_l_d4_p2_fl.png","アトリ_tatr01_d4_p2_fl","アトリ","tatr01","l","d4","p2","fl","1250","2963","09268ed2d18431ba973805d3c22e0be76e05bf10e0feb0d28579eaa44540ed03","180","1250","2963","rotated_bottom_left_pixels","321","281","626","inherited","[""アトリ_tatr01_l_d4_p2_fk.png"", 180.0]","true"
"アトリ_tatr02_l_d1_p3_f1.png","アトリ_tatr02_d1_p3_f1","アトリ","tatr02","l","d1","p3","f1","2129","2578","c17755e0aeec3e224fb7417df3995a18255813f155a69541de8a925906546471","180","2129","2578","rotated_bottom_left_pixels","574","52","626","rotated_reference","[""アトリ_tatr02_l_d1_p3_f1.png"", 0.0]","true"
"アトリ_tatr02_l_d1_p3_f2.png","アトリ_tatr02_d1_p3_f2","アトリ","tatr02","l","d1","p3","f2","2129","2578","582c5b128ce4a78247a7da0b9acf58f9b3a06843b88fdadca75679086f30bbf5","180","2129","2578","rotated_bottom_left_pixels","574","52","626","inherited","[""アトリ_tatr02_l_d1_p3_f1.png"", 180.0]","true"
"アトリ_tatr02_l_d1_p3_f3.png","アトリ_tatr02_d1_p3_f3","アトリ","tatr02","l","d1","p3","f3","2129","2578","02ffe36e2f97a13b034525f5e9617550827308f706eddd8e65d99bfd8c25fcea","180","2129","2578","rotated_bottom_left_pixels","574","52","626","inherited","[""アトリ_tatr02_l_d1_p3_f2.png"", 180.0]","true"
"アトリ_tatr02_l_d1_p3_f4.png","アトリ_tatr02_d1_p3_f4","アトリ","tatr02","l","d1","p3","f4","2129","2578","0aefa0fd37f66fb11fd06644cbe85a11fc0a34f0bcdadfcdad6886c72629e10b","180","2129","2578","rotated_bottom_left_pixels","574","52","626","inherited","[""アトリ_tatr02_l_d1_p3_f3.png"", 180.0]","true"
"アトリ_tatr02_l_d1_p3_f5.png","アトリ_tatr02_d1_p3_f5","アトリ","tatr02","l","d1","p3","f5","2129","2578","5c7a4be623bbbc97f9941978f21cbe1be26dcd5bd2d58d2337848a6ff89187d4","180","2129","2578","rotated_bottom_left_pixels","574","52","626","inherited","[""アトリ_tatr02_l_d1_p3_f4.png"", 180.0]","true"
"アトリ_tatr02_l_d1_p3_f6.png","アトリ_tatr02_d1_p3_f6","アトリ","tatr02","l","d1","p3","f6","2129","2578","677e29beb12cba240561a3d41051fc4efdb18467223c39b2af37157915aa8433","180","2129","2578","rotated_bottom_left_pixels","574","52","626","inherited","[""アトリ_tatr02_l_d1_p3_f5.png"", 180.0]","true"
"アトリ_tatr02_l_d1_p3_f7.png","アトリ_tatr02_d1_p3_f7","アトリ","tatr02","l","d1","p3","f7","2129","2578","ad32773aa9930e56812fe5a5280b2bb31f6357dde1c2912062b0c764ad70a87e","180","2129","2578","rotated_bottom_left_pixels","574","52","626","inherited","[""アトリ_tatr02_l_d1_p3_f6.png"", 180.0]","true"
"アトリ_tatr02_l_d1_p3_f8.png","アトリ_tatr02_d1_p3_f8","アトリ","tatr02","l","d1","p3","f8","2129","2578","ac7f369f1aafa8a0b52121bca43d55bb08844bde4b55287bc80f5751cfb6e268","180","2129","2578","rotated_bottom_left_pixels","574","52","626","inherited","[""アトリ_tatr02_l_d1_p3_f7.png"", 180.0]","true"
"アトリ_tatr02_l_d1_p3_f9.png","アトリ_tatr02_d1_p3_f9","アトリ","tatr02","l","d1","p3","f9","2129","2578","58ec2b1b302ddf3e81979fcb02c420a349a6563ff4f4bc21caf97af17a303699","180","2129","2578","rotated_bottom_left_pixels","574","52","626","inherited","[""アトリ_tatr02_l_d1_p3_f8.png"", 180.0]","true"
"アトリ_tatr02_l_d1_p3_fa.png","アトリ_tatr02_d1_p3_fa","アトリ","tatr02","l","d1","p3","fa","2129","2578","d5906cfba331bc8e32845ef70b34eba6d49bcecd0ac398fe6ee8204cb2931863","180","2129","2578","rotated_bottom_left_pixels","574","52","626","inherited","[""アトリ_tatr02_l_d1_p3_f9.png"", 180.0]","true"
"アトリ_tatr02_l_d1_p3_fb.png","アトリ_tatr02_d1_p3_fb","アトリ","tatr02","l","d1","p3","fb","2129","2578","472aaa8ecd58382e749ba78e1ab8b24a48f59745b5719d66305609e6ced73e80","180","2129","2578","rotated_bottom_left_pixels","574","52","626","inherited","[""アトリ_tatr02_l_d1_p3_fa.png"", 180.0]","true"
"アトリ_tatr02_l_d1_p3_fc.png","アトリ_tatr02_d1_p3_fc","アトリ","tatr02","l","d1","p3","fc","2129","2578","c100c084b46319d973dd3f1e461ef4e0977cc5e0fc8c79182d73822b47c12d80","180","2129","2578","rotated_bottom_left_pixels","574","52","626","inherited","[""アトリ_tatr02_l_d1_p3_fb.png"", 180.0]","true"
"アトリ_tatr02_l_d1_p3_fd.png","アトリ_tatr02_d1_p3_fd","アトリ","tatr02","l","d1","p3","fd","2129","2578","f786af13587f1c6f454de0d2caf50970cbe220df3548e2e024c86f1f628d5987","180","2129","2578","rotated_bottom_left_pixels","574","52","626","inherited","[""アトリ_tatr02_l_d1_p3_fc.png"", 180.0]","true"
"アトリ_tatr02_l_d1_p3_fe.png","アトリ_tatr02_d1_p3_fe","アトリ","tatr02","l","d1","p3","fe","2129","2578","4a8113b4875d7d67febeb1038ae9bd233cbe9156a2139f7edb362ea81db93671","180","2129","2578","rotated_bottom_left_pixels","574","52","626","inherited","[""アトリ_tatr02_l_d1_p3_fd.png"", 180.0]","true"
"アトリ_tatr02_l_d1_p3_ff.png","アトリ_tatr02_d1_p3_ff","アトリ","tatr02","l","d1","p3","ff","2129","2578","4215112d7b1b3ddc6081febcfd053a5cdcdc0e43f549e76ae656643d5c8f6fc8","180","2129","2578","rotated_bottom_left_pixels","574","52","626","inherited","[""アトリ_tatr02_l_d1_p3_fe.png"", 180.0]","true"
"アトリ_tatr02_l_d1_p3_fg.png","アトリ_tatr02_d1_p3_fg","アトリ","tatr02","l","d1","p3","fg","2129","2578","01e102546fa9369d3431fc1fcf7b46cebf96d803a9fc2a6a6e39fa8cc7c1b77a","180","2129","2578","rotated_bottom_left_pixels","574","52","626","inherited","[""アトリ_tatr02_l_d1_p3_ff.png"", 180.0]","true"
"アトリ_tatr02_l_d1_p3_fh.png","アトリ_tatr02_d1_p3_fh","アトリ","tatr02","l","d1","p3","fh","2129","2578","03d3e58fd49fb59cabd222751b732e5b002d7a8969f6b0b23bcf944d300143a2","180","2129","2578","rotated_bottom_left_pixels","574","52","626","inherited","[""アトリ_tatr02_l_d1_p3_fg.png"", 180.0]","true"
"アトリ_tatr02_l_d1_p3_fi.png","アトリ_tatr02_d1_p3_fi","アトリ","tatr02","l","d1","p3","fi","2129","2578","d8bda5791595a48dedbcbf1634fb6ae27bd9002894d8f410b22985451988b0c5","180","2129","2578","rotated_bottom_left_pixels","574","52","626","inherited","[""アトリ_tatr02_l_d1_p3_fh.png"", 180.0]","true"
"アトリ_tatr02_l_d1_p3_fj.png","アトリ_tatr02_d1_p3_fj","アトリ","tatr02","l","d1","p3","fj","2129","2578","d6eeaf97b956ba3823e4d94c61759bc7d3c1f0b3d51cee41762d3b2e35023da5","180","2129","2578","rotated_bottom_left_pixels","574","52","626","inherited","[""アトリ_tatr02_l_d1_p3_fi.png"", 180.0]","true"
"アトリ_tatr02_l_d1_p3_fk.png","アトリ_tatr02_d1_p3_fk","アトリ","tatr02","l","d1","p3","fk","2129","2578","aa29135a4ded423ac4985c036614332cf45486e8ac0008f2865f8b0cbebfbb6a","180","2129","2578","rotated_bottom_left_pixels","574","52","626","inherited","[""アトリ_tatr02_l_d1_p3_fj.png"", 180.0]","true"
"アトリ_tatr02_l_d1_p3_fl.png","アトリ_tatr02_d1_p3_fl","アトリ","tatr02","l","d1","p3","fl","2129","2578","ed7d13379f1755f31477211c5fedad0213bfc3bff6b6d51f7e7460a2f4bcbc8d","180","2129","2578","rotated_bottom_left_pixels","574","52","626","inherited","[""アトリ_tatr02_l_d1_p3_fk.png"", 180.0]","true"
"アトリ_tatr02_l_d2_p3_f1.png","アトリ_tatr02_d2_p3_f1","アトリ","tatr02","l","d2","p3","f1","2129","2578","b1ac704dd241eb5cd53beb4b13ec49504a9edce8ad1195277ad8edf78bf43b04","180","2129","2578","rotated_bottom_left_pixels","574","52","626","inherited","[""アトリ_tatr02_l_d1_p3_fl.png"", 180.0]","true"
"アトリ_tatr02_l_d2_p3_f2.png","アトリ_tatr02_d2_p3_f2","アトリ","tatr02","l","d2","p3","f2","2129","2578","c77bc9bfe4cdbe00e57ec2821727b9bdac15923516203ee061b34f3483e26c4d","180","2129","2578","rotated_bottom_left_pixels","574","52","626","inherited","[""アトリ_tatr02_l_d2_p3_f1.png"", 180.0]","true"
"アトリ_tatr02_l_d2_p3_f3.png","アトリ_tatr02_d2_p3_f3","アトリ","tatr02","l","d2","p3","f3","2129","2578","65dbd477594c460089de9704597a92c3e0d801391b8e96c8d4867094b5e28c14","180","2129","2578","rotated_bottom_left_pixels","574","52","626","inherited","[""アトリ_tatr02_l_d2_p3_f2.png"", 180.0]","true"
"アトリ_tatr02_l_d2_p3_f4.png","アトリ_tatr02_d2_p3_f4","アトリ","tatr02","l","d2","p3","f4","2129","2578","0d006e0b6f9255f52538f22da553ed21992a6d2e54cd1da3401915ffec66a3a8","180","2129","2578","rotated_bottom_left_pixels","574","52","626","inherited","[""アトリ_tatr02_l_d2_p3_f3.png"", 180.0]","true"
"アトリ_tatr02_l_d2_p3_f5.png","アトリ_tatr02_d2_p3_f5","アトリ","tatr02","l","d2","p3","f5","2129","2578","ffd01ca46a2acc8ba612e352f2153385930c161d9209a845ec262cbd4534e9e9","180","2129","2578","rotated_bottom_left_pixels","574","52","626","inherited","[""アトリ_tatr02_l_d2_p3_f4.png"", 180.0]","true"
"アトリ_tatr02_l_d2_p3_f6.png","アトリ_tatr02_d2_p3_f6","アトリ","tatr02","l","d2","p3","f6","2129","2578","2dfa38e8ee1540f3bd45ff07ae3903632f64ce67b4e01b209924b85290f0d1b0","180","2129","2578","rotated_bottom_left_pixels","574","52","626","inherited","[""アトリ_tatr02_l_d2_p3_f5.png"", 180.0]","true"
"アトリ_tatr02_l_d2_p3_f7.png","アトリ_tatr02_d2_p3_f7","アトリ","tatr02","l","d2","p3","f7","2129","2578","98354498f12037c75dd752c0ccdc49b695ab9ae93e9b9405adef512769f77e90","180","2129","2578","rotated_bottom_left_pixels","574","52","626","inherited","[""アトリ_tatr02_l_d2_p3_f6.png"", 180.0]","true"
"アトリ_tatr02_l_d2_p3_f8.png","アトリ_tatr02_d2_p3_f8","アトリ","tatr02","l","d2","p3","f8","2129","2578","6e63677a2e8166477204d3b4ee563c6585fc3a5b0d38bdfb523821876ba26530","180","2129","2578","rotated_bottom_left_pixels","574","52","626","inherited","[""アトリ_tatr02_l_d2_p3_f7.png"", 180.0]","true"
"アトリ_tatr02_l_d2_p3_f9.png","アトリ_tatr02_d2_p3_f9","アトリ","tatr02","l","d2","p3","f9","2129","2578","e3daba8e644cffa7abc9daa56e647c621e5f1d77d1945fafc52ef94f90e6bf6f","180","2129","2578","rotated_bottom_left_pixels","574","52","626","inherited","[""アトリ_tatr02_l_d2_p3_f8.png"", 180.0]","true"
"アトリ_tatr02_l_d2_p3_fa.png","アトリ_tatr02_d2_p3_fa","アトリ","tatr02","l","d2","p3","fa","2129","2578","fb529c00820e31ef1fbc8dad4819c63ea3f9242c6e031c3647c1d519af861797","180","2129","2578","rotated_bottom_left_pixels","574","52","626","inherited","[""アトリ_tatr02_l_d2_p3_f9.png"", 180.0]","true"
"アトリ_tatr02_l_d2_p3_fb.png","アトリ_tatr02_d2_p3_fb","アトリ","tatr02","l","d2","p3","fb","2129","2578","13616145df978ad9ff2966967a309fc2773313fcea10ac20b0b646c556f28418","180","2129","2578","rotated_bottom_left_pixels","574","52","626","inherited","[""アトリ_tatr02_l_d2_p3_fa.png"", 180.0]","true"
"アトリ_tatr02_l_d2_p3_fc.png","アトリ_tatr02_d2_p3_fc","アトリ","tatr02","l","d2","p3","fc","2129","2578","d72be07f4464bfff6c8f684f660e6caa031de97d3fd346c46aaa5d09039f28d8","180","2129","2578","rotated_bottom_left_pixels","574","52","626","inherited","[""アトリ_tatr02_l_d2_p3_fb.png"", 180.0]","true"
"アトリ_tatr02_l_d2_p3_fd.png","アトリ_tatr02_d2_p3_fd","アトリ","tatr02","l","d2","p3","fd","2129","2578","2343b35ba9ab80aa602a64a53ce82729faeff12372028ebd5356b2bb467aae38","180","2129","2578","rotated_bottom_left_pixels","574","52","626","inherited","[""アトリ_tatr02_l_d2_p3_fc.png"", 180.0]","true"
"アトリ_tatr02_l_d2_p3_fe.png","アトリ_tatr02_d2_p3_fe","アトリ","tatr02","l","d2","p3","fe","2129","2578","e578811a6d167f5c6d014af1ce78d6dace275ba4d0d1067c3ac80e03fe508292","180","2129","2578","rotated_bottom_left_pixels","574","52","626","inherited","[""アトリ_tatr02_l_d2_p3_fd.png"", 180.0]","true"
"アトリ_tatr02_l_d2_p3_ff.png","アトリ_tatr02_d2_p3_ff","アトリ","tatr02","l","d2","p3","ff","2129","2578","59363bcbd4e46e85df43c3b94ee6320c0e4a9dc93450287c4543989bf7abd82b","180","2129","2578","rotated_bottom_left_pixels","574","52","626","inherited","[""アトリ_tatr02_l_d2_p3_fe.png"", 180.0]","true"
"アトリ_tatr02_l_d2_p3_fg.png","アトリ_tatr02_d2_p3_fg","アトリ","tatr02","l","d2","p3","fg","2129","2578","ad6f5eb992afdcc6ef0e959e6ff6373309067bd3f4968f18e9c371f2fdc5321c","180","2129","2578","rotated_bottom_left_pixels","574","52","626","inherited","[""アトリ_tatr02_l_d2_p3_ff.png"", 180.0]","true"
"アトリ_tatr02_l_d2_p3_fh.png","アトリ_tatr02_d2_p3_fh","アトリ","tatr02","l","d2","p3","fh","2129","2578","3dc96c5c59f9009d552f9083c95e7c84b6929d6628e2f42d8b8dfb8e67d88929","180","2129","2578","rotated_bottom_left_pixels","574","52","626","inherited","[""アトリ_tatr02_l_d2_p3_fg.png"", 180.0]","true"
"アトリ_tatr02_l_d2_p3_fi.png","アトリ_tatr02_d2_p3_fi","アトリ","tatr02","l","d2","p3","fi","2129","2578","796e32f9d05a5647693d68a5c849498c8eabc24ca92e055d087067068c43519e","180","2129","2578","rotated_bottom_left_pixels","574","52","626","inherited","[""アトリ_tatr02_l_d2_p3_fh.png"", 180.0]","true"
"アトリ_tatr02_l_d2_p3_fj.png","アトリ_tatr02_d2_p3_fj","アトリ","tatr02","l","d2","p3","fj","2129","2578","b66754a74fca2f3f4c5fe89d2ffc25977c57920c7f4be2a8704ba7acb0c828d5","180","2129","2578","rotated_bottom_left_pixels","574","52","626","inherited","[""アトリ_tatr02_l_d2_p3_fi.png"", 180.0]","true"
"アトリ_tatr02_l_d2_p3_fk.png","アトリ_tatr02_d2_p3_fk","アトリ","tatr02","l","d2","p3","fk","2129","2578","12e94cf2eb7533371d6bcf0491c3a4e55e6c6468f5e4f827a567b7391e5173a6","180","2129","2578","rotated_bottom_left_pixels","574","52","626","inherited","[""アトリ_tatr02_l_d2_p3_fj.png"", 180.0]","true"
"アトリ_tatr02_l_d2_p3_fl.png","アトリ_tatr02_d2_p3_fl","アトリ","tatr02","l","d2","p3","fl","2129","2578","15011ec8bb6af900dc8ecbd7c388f740508e4cfc9df97ae1be75f5ade19a0f4a","180","2129","2578","rotated_bottom_left_pixels","574","52","626","inherited","[""アトリ_tatr02_l_d2_p3_fk.png"", 180.0]","true"
"アトリ_tatr02_l_d3_p3_f1.png","アトリ_tatr02_d3_p3_f1","アトリ","tatr02","l","d3","p3","f1","2129","2578","f6c68e366b565aec072d09c568440fb9d54d4cc96f1d8d565851b468e7a62060","180","2129","2578","rotated_bottom_left_pixels","574","52","626","inherited","[""アトリ_tatr02_l_d2_p3_fl.png"", 180.0]","true"
"アトリ_tatr02_l_d3_p3_f2.png","アトリ_tatr02_d3_p3_f2","アトリ","tatr02","l","d3","p3","f2","2129","2578","d9fdc11bf6c9f727b19cee2536a26696c5acaf88a17c0e0198f4e8bc9a56898c","180","2129","2578","rotated_bottom_left_pixels","574","52","626","inherited","[""アトリ_tatr02_l_d3_p3_f1.png"", 180.0]","true"
"アトリ_tatr02_l_d3_p3_f3.png","アトリ_tatr02_d3_p3_f3","アトリ","tatr02","l","d3","p3","f3","2129","2578","bc32c48e315b973f9ef5706f4e6ad1f92d5da459f671d54ecf0e7c6c61fba379","180","2129","2578","rotated_bottom_left_pixels","574","52","626","inherited","[""アトリ_tatr02_l_d3_p3_f2.png"", 180.0]","true"
"アトリ_tatr02_l_d3_p3_f4.png","アトリ_tatr02_d3_p3_f4","アトリ","tatr02","l","d3","p3","f4","2129","2578","ad748d8c12fb5e55b741987cda75ad0d37a3631dc6772f57b6c734b429356315","180","2129","2578","rotated_bottom_left_pixels","574","52","626","inherited","[""アトリ_tatr02_l_d3_p3_f3.png"", 180.0]","true"
"アトリ_tatr02_l_d3_p3_f5.png","アトリ_tatr02_d3_p3_f5","アトリ","tatr02","l","d3","p3","f5","2129","2578","1e35faf2c7bb3bc541a01171d5dddc955c1d0b7afa2209175092b47a9761bf2a","180","2129","2578","rotated_bottom_left_pixels","574","52","626","inherited","[""アトリ_tatr02_l_d3_p3_f4.png"", 180.0]","true"
"アトリ_tatr02_l_d3_p3_f6.png","アトリ_tatr02_d3_p3_f6","アトリ","tatr02","l","d3","p3","f6","2129","2578","cd52390da23d61882af0e8e6d04e65c4ceeb09553d85d86caa178d45f9bf59be","180","2129","2578","rotated_bottom_left_pixels","574","52","626","inherited","[""アトリ_tatr02_l_d3_p3_f5.png"", 180.0]","true"
"アトリ_tatr02_l_d3_p3_f7.png","アトリ_tatr02_d3_p3_f7","アトリ","tatr02","l","d3","p3","f7","2129","2578","bb2833a7b282b8e39c099a2368396a0fd4d52c596a4eda4418d2d027b4ebcbca","180","2129","2578","rotated_bottom_left_pixels","574","52","626","inherited","[""アトリ_tatr02_l_d3_p3_f6.png"", 180.0]","true"
"アトリ_tatr02_l_d3_p3_f8.png","アトリ_tatr02_d3_p3_f8","アトリ","tatr02","l","d3","p3","f8","2129","2578","ffdc6f4103308893c07e5efe02ae25c994495dc017d3fa24fe021181043345ad","180","2129","2578","rotated_bottom_left_pixels","574","52","626","inherited","[""アトリ_tatr02_l_d3_p3_f7.png"", 180.0]","true"
"アトリ_tatr02_l_d3_p3_f9.png","アトリ_tatr02_d3_p3_f9","アトリ","tatr02","l","d3","p3","f9","2129","2578","ba85da30bcbd114f81ec512db251e0a04a2caee23b19ef3ee698ba2ffa7a7c1f","180","2129","2578","rotated_bottom_left_pixels","574","52","626","inherited","[""アトリ_tatr02_l_d3_p3_f8.png"", 180.0]","true"
"アトリ_tatr02_l_d3_p3_fa.png","アトリ_tatr02_d3_p3_fa","アトリ","tatr02","l","d3","p3","fa","2129","2578","810dd2321f8a81621da41e940fa4f9e50f15276d1410aa1fe6b699f99d392e15","180","2129","2578","rotated_bottom_left_pixels","574","52","626","inherited","[""アトリ_tatr02_l_d3_p3_f9.png"", 180.0]","true"
"アトリ_tatr02_l_d3_p3_fb.png","アトリ_tatr02_d3_p3_fb","アトリ","tatr02","l","d3","p3","fb","2129","2578","5eaade63dd5f09175400b9e069db7c7f1d2a018fadfa33326c6ae14e78e4c6e7","180","2129","2578","rotated_bottom_left_pixels","574","52","626","inherited","[""アトリ_tatr02_l_d3_p3_fa.png"", 180.0]","true"
"アトリ_tatr02_l_d3_p3_fc.png","アトリ_tatr02_d3_p3_fc","アトリ","tatr02","l","d3","p3","fc","2129","2578","70d26caf430f6551dee492f64116c4619b0990ba0c480d0ab422694277c16ba0","180","2129","2578","rotated_bottom_left_pixels","574","52","626","inherited","[""アトリ_tatr02_l_d3_p3_fb.png"", 180.0]","true"
"アトリ_tatr02_l_d3_p3_fd.png","アトリ_tatr02_d3_p3_fd","アトリ","tatr02","l","d3","p3","fd","2129","2578","0dc241f3806473dce876009e1af2ef38700b3d866df0a5dd99d5c1369b0a09b9","180","2129","2578","rotated_bottom_left_pixels","574","52","626","inherited","[""アトリ_tatr02_l_d3_p3_fc.png"", 180.0]","true"
"アトリ_tatr02_l_d3_p3_fe.png","アトリ_tatr02_d3_p3_fe","アトリ","tatr02","l","d3","p3","fe","2129","2578","185b6472809cff1ae108019b064f7e5d5a4e8bab126b2e4520dd78db77b87380","180","2129","2578","rotated_bottom_left_pixels","574","52","626","inherited","[""アトリ_tatr02_l_d3_p3_fd.png"", 180.0]","true"
"アトリ_tatr02_l_d3_p3_ff.png","アトリ_tatr02_d3_p3_ff","アトリ","tatr02","l","d3","p3","ff","2129","2578","48ea6a5ca28f3b74bd9003074624f39108ead20aed913959f1a7daaef48185b0","180","2129","2578","rotated_bottom_left_pixels","574","52","626","inherited","[""アトリ_tatr02_l_d3_p3_fe.png"", 180.0]","true"
"アトリ_tatr02_l_d3_p3_fg.png","アトリ_tatr02_d3_p3_fg","アトリ","tatr02","l","d3","p3","fg","2129","2578","53066bbe85fdf6839c37899c3c0846c83268710399e3bb17be3465b206c8656c","180","2129","2578","rotated_bottom_left_pixels","574","52","626","inherited","[""アトリ_tatr02_l_d3_p3_ff.png"", 180.0]","true"
"アトリ_tatr02_l_d3_p3_fh.png","アトリ_tatr02_d3_p3_fh","アトリ","tatr02","l","d3","p3","fh","2129","2578","a997a072d67ea7ebdd10cb1954d9d433420832022bd4123948b2e6d1c659743d","180","2129","2578","rotated_bottom_left_pixels","574","52","626","inherited","[""アトリ_tatr02_l_d3_p3_fg.png"", 180.0]","true"
"アトリ_tatr02_l_d3_p3_fi.png","アトリ_tatr02_d3_p3_fi","アトリ","tatr02","l","d3","p3","fi","2129","2578","4934bb1b4273dc590f39bb7860112f8ace135cef264d1b18744161935502ac7b","180","2129","2578","rotated_bottom_left_pixels","574","52","626","inherited","[""アトリ_tatr02_l_d3_p3_fh.png"", 180.0]","true"
"アトリ_tatr02_l_d3_p3_fj.png","アトリ_tatr02_d3_p3_fj","アトリ","tatr02","l","d3","p3","fj","2129","2578","9a28914ad786d2ec7f230cff4bfb9402ec6d5f9500277603dc9e67e6a78c3807","180","2129","2578","rotated_bottom_left_pixels","574","52","626","inherited","[""アトリ_tatr02_l_d3_p3_fi.png"", 180.0]","true"
"アトリ_tatr02_l_d3_p3_fk.png","アトリ_tatr02_d3_p3_fk","アトリ","tatr02","l","d3","p3","fk","2129","2578","f155733e03472096c1d2f58dc6728ee41d64ce7cd7b5d6c2cf0520c6489d3db7","180","2129","2578","rotated_bottom_left_pixels","574","52","626","inherited","[""アトリ_tatr02_l_d3_p3_fj.png"", 180.0]","true"
"アトリ_tatr02_l_d3_p3_fl.png","アトリ_tatr02_d3_p3_fl","アトリ","tatr02","l","d3","p3","fl","2129","2578","5e9ff4d83567b6a6ae53c7c8631339d3ec6d78cdcb7d59542d83e312da167273","180","2129","2578","rotated_bottom_left_pixels","574","52","626","inherited","[""アトリ_tatr02_l_d3_p3_fk.png"", 180.0]","true"
"アトリ_tatr02_l_d4_p3_f1.png","アトリ_tatr02_d4_p3_f1","アトリ","tatr02","l","d4","p3","f1","2129","2578","fd127356e092abf83eaef18b08d250181466e2c252c78cc64f25301b7cecf9cc","180","2129","2578","rotated_bottom_left_pixels","574","52","626","inherited","[""アトリ_tatr02_l_d3_p3_fl.png"", 180.0]","true"
"アトリ_tatr02_l_d4_p3_f2.png","アトリ_tatr02_d4_p3_f2","アトリ","tatr02","l","d4","p3","f2","2129","2578","67544938dd6dae24e943a8acd4a80199f551f7d7d854a84d3dcfd293f1c8de07","180","2129","2578","rotated_bottom_left_pixels","574","52","626","inherited","[""アトリ_tatr02_l_d4_p3_f1.png"", 180.0]","true"
"アトリ_tatr02_l_d4_p3_f3.png","アトリ_tatr02_d4_p3_f3","アトリ","tatr02","l","d4","p3","f3","2129","2578","340a0ce83f192ce4fd66caf00356421df8289b4c5f12ec665f8707f3ff769922","180","2129","2578","rotated_bottom_left_pixels","574","52","626","inherited","[""アトリ_tatr02_l_d4_p3_f2.png"", 180.0]","true"
"アトリ_tatr02_l_d4_p3_f4.png","アトリ_tatr02_d4_p3_f4","アトリ","tatr02","l","d4","p3","f4","2129","2578","3b01477534d10e3b4540ca7fef8306b4586d76ebe9e56b62cbef58ca8f596950","180","2129","2578","rotated_bottom_left_pixels","574","52","626","inherited","[""アトリ_tatr02_l_d4_p3_f3.png"", 180.0]","true"
"アトリ_tatr02_l_d4_p3_f5.png","アトリ_tatr02_d4_p3_f5","アトリ","tatr02","l","d4","p3","f5","2129","2578","5be953963f829ea3612a5419498afc80d9df43f41d171fb03bc3e42643a694f6","180","2129","2578","rotated_bottom_left_pixels","574","52","626","inherited","[""アトリ_tatr02_l_d4_p3_f4.png"", 180.0]","true"
"アトリ_tatr02_l_d4_p3_f6.png","アトリ_tatr02_d4_p3_f6","アトリ","tatr02","l","d4","p3","f6","2129","2578","6f05e9533033c3770657bbf2576349eed0cc8b2782f0033e24bb81c6a90bd859","180","2129","2578","rotated_bottom_left_pixels","574","52","626","inherited","[""アトリ_tatr02_l_d4_p3_f5.png"", 180.0]","true"
"アトリ_tatr02_l_d4_p3_f7.png","アトリ_tatr02_d4_p3_f7","アトリ","tatr02","l","d4","p3","f7","2129","2578","992e4b3144682e26002fd41748f3f5ca3daae6c68d3b73d83f370b8488a573bb","180","2129","2578","rotated_bottom_left_pixels","574","52","626","inherited","[""アトリ_tatr02_l_d4_p3_f6.png"", 180.0]","true"
"アトリ_tatr02_l_d4_p3_f8.png","アトリ_tatr02_d4_p3_f8","アトリ","tatr02","l","d4","p3","f8","2129","2578","5a81ab16a363c450542d728bc08aa073f12d7ba3d3c8cf3f1c5329e9e9627860","180","2129","2578","rotated_bottom_left_pixels","574","52","626","inherited","[""アトリ_tatr02_l_d4_p3_f7.png"", 180.0]","true"
"アトリ_tatr02_l_d4_p3_f9.png","アトリ_tatr02_d4_p3_f9","アトリ","tatr02","l","d4","p3","f9","2129","2578","8d4a72d4335106bd38eaafb59119351aa602ab956211c5ae0d24695fe9b2f0ac","180","2129","2578","rotated_bottom_left_pixels","574","52","626","inherited","[""アトリ_tatr02_l_d4_p3_f8.png"", 180.0]","true"
"アトリ_tatr02_l_d4_p3_fa.png","アトリ_tatr02_d4_p3_fa","アトリ","tatr02","l","d4","p3","fa","2129","2578","8db55f269edeb47f955b08d50de973ce8554a61199f7006d9a43ff79c000c700","180","2129","2578","rotated_bottom_left_pixels","574","52","626","inherited","[""アトリ_tatr02_l_d4_p3_f9.png"", 180.0]","true"
"アトリ_tatr02_l_d4_p3_fb.png","アトリ_tatr02_d4_p3_fb","アトリ","tatr02","l","d4","p3","fb","2129","2578","87b7fb7cb4a2b6719412403c287b88f1d15f4ddf6160d6a635e83ce0e1731704","180","2129","2578","rotated_bottom_left_pixels","574","52","626","inherited","[""アトリ_tatr02_l_d4_p3_fa.png"", 180.0]","true"
"アトリ_tatr02_l_d4_p3_fc.png","アトリ_tatr02_d4_p3_fc","アトリ","tatr02","l","d4","p3","fc","2129","2578","b98fea3b9aa78f9462e14c6d9275694b7d183439d6373114771b4fe6477865df","180","2129","2578","rotated_bottom_left_pixels","574","52","626","inherited","[""アトリ_tatr02_l_d4_p3_fb.png"", 180.0]","true"
"アトリ_tatr02_l_d4_p3_fd.png","アトリ_tatr02_d4_p3_fd","アトリ","tatr02","l","d4","p3","fd","2129","2578","3561dfea3a0b1f95855909f70ae12e8691014d98f79d00237a94b4592fb5a935","180","2129","2578","rotated_bottom_left_pixels","574","52","626","inherited","[""アトリ_tatr02_l_d4_p3_fc.png"", 180.0]","true"
"アトリ_tatr02_l_d4_p3_fe.png","アトリ_tatr02_d4_p3_fe","アトリ","tatr02","l","d4","p3","fe","2129","2578","a607700c446358aaad7e7d521970ab0c8c838b46c822d0722e1061d0a5b817d8","180","2129","2578","rotated_bottom_left_pixels","574","52","626","inherited","[""アトリ_tatr02_l_d4_p3_fd.png"", 180.0]","true"
"アトリ_tatr02_l_d4_p3_ff.png","アトリ_tatr02_d4_p3_ff","アトリ","tatr02","l","d4","p3","ff","2129","2578","1fb4b837dbf267ebc70e003e7164cc512f814fc7ea8b9a1c677c688b623de0ee","180","2129","2578","rotated_bottom_left_pixels","574","52","626","inherited","[""アトリ_tatr02_l_d4_p3_fe.png"", 180.0]","true"
"アトリ_tatr02_l_d4_p3_fg.png","アトリ_tatr02_d4_p3_fg","アトリ","tatr02","l","d4","p3","fg","2129","2578","2f128531f5b5d97bab5ca3addd22ea163fa94cef2ba47165be7ea661a0345c08","180","2129","2578","rotated_bottom_left_pixels","574","52","626","inherited","[""アトリ_tatr02_l_d4_p3_ff.png"", 180.0]","true"
"アトリ_tatr02_l_d4_p3_fh.png","アトリ_tatr02_d4_p3_fh","アトリ","tatr02","l","d4","p3","fh","2129","2578","d02a3c797b8555df0c59610713361744005421b1ddb3318018bb7ebdc872509b","180","2129","2578","rotated_bottom_left_pixels","574","52","626","inherited","[""アトリ_tatr02_l_d4_p3_fg.png"", 180.0]","true"
"アトリ_tatr02_l_d4_p3_fi.png","アトリ_tatr02_d4_p3_fi","アトリ","tatr02","l","d4","p3","fi","2129","2578","7c22d2a69c6479d0c31a08499391d31c9264608e07b90689af448ddee272cc85","180","2129","2578","rotated_bottom_left_pixels","574","52","626","inherited","[""アトリ_tatr02_l_d4_p3_fh.png"", 180.0]","true"
"アトリ_tatr02_l_d4_p3_fj.png","アトリ_tatr02_d4_p3_fj","アトリ","tatr02","l","d4","p3","fj","2129","2578","9c02ec58730068ab5182c961dc91ee7c063951260ce549abec2a53e82e992f5c","180","2129","2578","rotated_bottom_left_pixels","574","52","626","inherited","[""アトリ_tatr02_l_d4_p3_fi.png"", 180.0]","true"
"アトリ_tatr02_l_d4_p3_fk.png","アトリ_tatr02_d4_p3_fk","アトリ","tatr02","l","d4","p3","fk","2129","2578","4f32e944ec0b99361ce995b536a73625555de6829ae131dd75bcb4d66e091f7a","180","2129","2578","rotated_bottom_left_pixels","574","52","626","inherited","[""アトリ_tatr02_l_d4_p3_fj.png"", 180.0]","true"
"アトリ_tatr02_l_d4_p3_fl.png","アトリ_tatr02_d4_p3_fl","アトリ","tatr02","l","d4","p3","fl","2129","2578","fee145352aaeacd4f5dd4ef0b64e6691a1875a9ca98d26e9228fd2fcb826e2b7","180","2129","2578","rotated_bottom_left_pixels","574","52","626","inherited","[""アトリ_tatr02_l_d4_p3_fk.png"", 180.0]","true"
"アトリ_tatr01_l_d1_p1_f1.png","アトリ_tatr01_d1_p1_f1","アトリ","tatr01","l","d1","p1","f1","1156","2740","52dbd99c3568c3e86fa10e4cc2396a89f54e59e7d8d612642c831c663c65fadc","270","2740","1156","rotated_bottom_left_pixels","2058","236","626","rotated_reference","[""アトリ_tatr01_l_d1_p1_f1.png"", 0.0]","true"
"アトリ_tatr01_l_d1_p1_f2.png","アトリ_tatr01_d1_p1_f2","アトリ","tatr01","l","d1","p1","f2","1156","2740","cf2f1b284a4d605d3a00e5420bed6b99d4ceb6efade4721f27fde7aebc69a08e","270","2740","1156","rotated_bottom_left_pixels","2058","236","626","inherited","[""アトリ_tatr01_l_d1_p1_f1.png"", 270.0]","true"
"アトリ_tatr01_l_d1_p1_f3.png","アトリ_tatr01_d1_p1_f3","アトリ","tatr01","l","d1","p1","f3","1156","2740","3fc96b51c330b45478e8aa015506b3cb30e81714aaef146b905b135b6fb68aea","270","2740","1156","rotated_bottom_left_pixels","2058","236","626","inherited","[""アトリ_tatr01_l_d1_p1_f2.png"", 270.0]","true"
"アトリ_tatr01_l_d1_p1_f4.png","アトリ_tatr01_d1_p1_f4","アトリ","tatr01","l","d1","p1","f4","1156","2740","e207d101ef2ea5a2fbb71aef97789bf77ef33c459b2b4aabccbe9f8f63985e8f","270","2740","1156","rotated_bottom_left_pixels","2058","236","626","inherited","[""アトリ_tatr01_l_d1_p1_f3.png"", 270.0]","true"
"アトリ_tatr01_l_d1_p1_f5.png","アトリ_tatr01_d1_p1_f5","アトリ","tatr01","l","d1","p1","f5","1156","2740","538451b5208c45ce5a751ee44c91409ce4878fa445bfed71d4a8ede2823f89a7","270","2740","1156","rotated_bottom_left_pixels","2058","236","626","inherited","[""アトリ_tatr01_l_d1_p1_f4.png"", 270.0]","true"
"アトリ_tatr01_l_d1_p1_f6.png","アトリ_tatr01_d1_p1_f6","アトリ","tatr01","l","d1","p1","f6","1156","2740","2eff7b03ff03d4bbe8e716a2cda75f793dc429d34e78e1d387423a5092903de3","270","2740","1156","rotated_bottom_left_pixels","2058","236","626","inherited","[""アトリ_tatr01_l_d1_p1_f5.png"", 270.0]","true"
"アトリ_tatr01_l_d1_p1_f7.png","アトリ_tatr01_d1_p1_f7","アトリ","tatr01","l","d1","p1","f7","1156","2740","a5084a24dd6b10a0dd266efc27a83d2498aee975be5dab487a72d4ed6c923c88","270","2740","1156","rotated_bottom_left_pixels","2058","236","626","inherited","[""アトリ_tatr01_l_d1_p1_f6.png"", 270.0]","true"
"アトリ_tatr01_l_d1_p1_f8.png","アトリ_tatr01_d1_p1_f8","アトリ","tatr01","l","d1","p1","f8","1156","2740","3a4e9daa9be38f9407cde97319de35f1876d81225f0dfab603210d17d5ed8e72","270","2740","1156","rotated_bottom_left_pixels","2058","236","626","inherited","[""アトリ_tatr01_l_d1_p1_f7.png"", 270.0]","true"
"アトリ_tatr01_l_d1_p1_f9.png","アトリ_tatr01_d1_p1_f9","アトリ","tatr01","l","d1","p1","f9","1156","2740","4639650c7feaf6c0ea3ad73deae2a3ebbcb9168399a5705521f7696e58e190ee","270","2740","1156","rotated_bottom_left_pixels","2058","236","626","inherited","[""アトリ_tatr01_l_d1_p1_f8.png"", 270.0]","true"
"アトリ_tatr01_l_d1_p1_fa.png","アトリ_tatr01_d1_p1_fa","アトリ","tatr01","l","d1","p1","fa","1156","2740","664bae112ba55bef854812596e3c2dafaea38e87617497a1a483e3d9ef340621","270","2740","1156","rotated_bottom_left_pixels","2058","236","626","inherited","[""アトリ_tatr01_l_d1_p1_f9.png"", 270.0]","true"
"アトリ_tatr01_l_d1_p1_fb.png","アトリ_tatr01_d1_p1_fb","アトリ","tatr01","l","d1","p1","fb","1156","2740","4e3482c6cf57e2ad859fecc0d9f7d913c7580bb4632865aae283c4e5589cc74f","270","2740","1156","rotated_bottom_left_pixels","2058","236","626","inherited","[""アトリ_tatr01_l_d1_p1_fa.png"", 270.0]","true"
"アトリ_tatr01_l_d1_p1_fc.png","アトリ_tatr01_d1_p1_fc","アトリ","tatr01","l","d1","p1","fc","1156","2740","d64e55537c502cb13d4d5639e5e43167dfb3437d47f83d263a3dbdca959dfd1c","270","2740","1156","rotated_bottom_left_pixels","2058","236","626","inherited","[""アトリ_tatr01_l_d1_p1_fb.png"", 270.0]","true"
"アトリ_tatr01_l_d1_p1_fd.png","アトリ_tatr01_d1_p1_fd","アトリ","tatr01","l","d1","p1","fd","1156","2740","a14c21c3eab36c7eb23020c7384e97c4695fa78dab8744f2f27b909048ea1b1f","270","2740","1156","rotated_bottom_left_pixels","2058","236","626","inherited","[""アトリ_tatr01_l_d1_p1_fc.png"", 270.0]","true"
"アトリ_tatr01_l_d1_p1_fe.png","アトリ_tatr01_d1_p1_fe","アトリ","tatr01","l","d1","p1","fe","1156","2740","33416af45d69b1ffd15a5c5938ff4f20604ae7d8c764da63fcd7befc2274ac5d","270","2740","1156","rotated_bottom_left_pixels","2058","236","626","inherited","[""アトリ_tatr01_l_d1_p1_fd.png"", 270.0]","true"
"アトリ_tatr01_l_d1_p1_ff.png","アトリ_tatr01_d1_p1_ff","アトリ","tatr01","l","d1","p1","ff","1156","2989","a5d1cc4f7c42f030e823527df0939596ffd4977b45eae249b9a66e217387ab11","270","2989","1156","rotated_bottom_left_pixels","2058","236","626","inherited","[""アトリ_tatr01_l_d1_p1_fe.png"", 270.0]","true"
"アトリ_tatr01_l_d1_p1_fg.png","アトリ_tatr01_d1_p1_fg","アトリ","tatr01","l","d1","p1","fg","1156","2740","9d0d292d9027fdfd2e1504496b93416db514c0efd02f8618bd6f05419d4ea990","270","2740","1156","rotated_bottom_left_pixels","2058","236","626","inherited","[""アトリ_tatr01_l_d1_p1_ff.png"", 270.0]","true"
"アトリ_tatr01_l_d1_p1_fh.png","アトリ_tatr01_d1_p1_fh","アトリ","tatr01","l","d1","p1","fh","1156","2989","3ac0f9896091ad67d32164ed6c9000bda648b569db191c068f22beddd0e282a8","270","2989","1156","rotated_bottom_left_pixels","2058","236","626","inherited","[""アトリ_tatr01_l_d1_p1_fg.png"", 270.0]","true"
"アトリ_tatr01_l_d1_p1_fi.png","アトリ_tatr01_d1_p1_fi","アトリ","tatr01","l","d1","p1","fi","1156","2740","f9f2c7d42ee72ef6b543b5b2999190db6896418b59c41749706d5b563264f45d","270","2740","1156","rotated_bottom_left_pixels","2058","236","626","inherited","[""アトリ_tatr01_l_d1_p1_fh.png"", 270.0]","true"
"アトリ_tatr01_l_d1_p1_fj.png","アトリ_tatr01_d1_p1_fj","アトリ","tatr01","l","d1","p1","fj","1156","2740","94a45df00932c72ee8a16ffb117b3838457ca6fe05e0a7eee5be3a6e0ff0c50a","270","2740","1156","rotated_bottom_left_pixels","2058","236","626","inherited","[""アトリ_tatr01_l_d1_p1_fi.png"", 270.0]","true"
"アトリ_tatr01_l_d1_p1_fk.png","アトリ_tatr01_d1_p1_fk","アトリ","tatr01","l","d1","p1","fk","1156","2740","bba81b3e6d01408d2da47e9f987ae5891e9f775825377e749be808d7b6d2857c","270","2740","1156","rotated_bottom_left_pixels","2058","236","626","inherited","[""アトリ_tatr01_l_d1_p1_fj.png"", 270.0]","true"
"アトリ_tatr01_l_d1_p1_fl.png","アトリ_tatr01_d1_p1_fl","アトリ","tatr01","l","d1","p1","fl","1156","2740","ad80c962ac1bd8e636bcd61045e099e598cbc4b2605ed88aa9cb5ecc3e0691a5","270","2740","1156","rotated_bottom_left_pixels","2058","236","626","inherited","[""アトリ_tatr01_l_d1_p1_fk.png"", 270.0]","true"
"アトリ_tatr01_l_d2_p1_f1.png","アトリ_tatr01_d2_p1_f1","アトリ","tatr01","l","d2","p1","f1","1156","2740","0fab2349ad8d77c2e37c3fc49cde24b64cc5eb84fbf35d7503dbd2a96dbd3e50","270","2740","1156","rotated_bottom_left_pixels","2058","236","626","inherited","[""アトリ_tatr01_l_d1_p1_fl.png"", 270.0]","true"
"アトリ_tatr01_l_d2_p1_f2.png","アトリ_tatr01_d2_p1_f2","アトリ","tatr01","l","d2","p1","f2","1156","2740","399a0913ae20283465d2bebec22fd3f91fe4242658569ca5f36c25d2c3a0075a","270","2740","1156","rotated_bottom_left_pixels","2058","236","626","inherited","[""アトリ_tatr01_l_d2_p1_f1.png"", 270.0]","true"
"アトリ_tatr01_l_d2_p1_f3.png","アトリ_tatr01_d2_p1_f3","アトリ","tatr01","l","d2","p1","f3","1156","2740","7d52e578712762cebf41098975effa307cd0f88ef1d4973bbabab9714d5187a5","270","2740","1156","rotated_bottom_left_pixels","2058","236","626","inherited","[""アトリ_tatr01_l_d2_p1_f2.png"", 270.0]","true"
"アトリ_tatr01_l_d2_p1_f4.png","アトリ_tatr01_d2_p1_f4","アトリ","tatr01","l","d2","p1","f4","1156","2740","027a456afa0f573e4e93a3a66ca8afe63d58f5f3562241ee72fa1c9cee926b96","270","2740","1156","rotated_bottom_left_pixels","2058","236","626","inherited","[""アトリ_tatr01_l_d2_p1_f3.png"", 270.0]","true"
"アトリ_tatr01_l_d2_p1_f5.png","アトリ_tatr01_d2_p1_f5","アトリ","tatr01","l","d2","p1","f5","1156","2740","a7ca754cb59f4bbb2a3a18c0a2ef599e64cc10c97f82ccc0eebaa57de4893b0a","270","2740","1156","rotated_bottom_left_pixels","2058","236","626","inherited","[""アトリ_tatr01_l_d2_p1_f4.png"", 270.0]","true"
"アトリ_tatr01_l_d2_p1_f6.png","アトリ_tatr01_d2_p1_f6","アトリ","tatr01","l","d2","p1","f6","1156","2740","84bd627a1de6e2b423b066f1a27fcf1f917000e7040c1b8a46c77e367d2025ff","270","2740","1156","rotated_bottom_left_pixels","2058","236","626","inherited","[""アトリ_tatr01_l_d2_p1_f5.png"", 270.0]","true"
"アトリ_tatr01_l_d2_p1_f7.png","アトリ_tatr01_d2_p1_f7","アトリ","tatr01","l","d2","p1","f7","1156","2740","1946e53ca6ca21e4c143f647bc32f0cb45768432053dc2b9f52079bb17ed1c2d","270","2740","1156","rotated_bottom_left_pixels","2058","236","626","inherited","[""アトリ_tatr01_l_d2_p1_f6.png"", 270.0]","true"
"アトリ_tatr01_l_d2_p1_f8.png","アトリ_tatr01_d2_p1_f8","アトリ","tatr01","l","d2","p1","f8","1156","2740","6093c937624db617ae356a28ab4dfd9a8ad03b6c517fad37f4c8b73064028621","270","2740","1156","rotated_bottom_left_pixels","2058","236","626","inherited","[""アトリ_tatr01_l_d2_p1_f7.png"", 270.0]","true"
"アトリ_tatr01_l_d2_p1_f9.png","アトリ_tatr01_d2_p1_f9","アトリ","tatr01","l","d2","p1","f9","1156","2740","049454e9118d385f598ceec5b616ffa0e4cf805fd65e928be685a7c2135944d8","270","2740","1156","rotated_bottom_left_pixels","2058","236","626","inherited","[""アトリ_tatr01_l_d2_p1_f8.png"", 270.0]","true"
"アトリ_tatr01_l_d2_p1_fa.png","アトリ_tatr01_d2_p1_fa","アトリ","tatr01","l","d2","p1","fa","1156","2740","92fb110574d19ac12cd80365b2e00b94e1a2b00c1a522e26ca3af2b1fe1c9b7d","270","2740","1156","rotated_bottom_left_pixels","2058","236","626","inherited","[""アトリ_tatr01_l_d2_p1_f9.png"", 270.0]","true"
"アトリ_tatr01_l_d2_p1_fb.png","アトリ_tatr01_d2_p1_fb","アトリ","tatr01","l","d2","p1","fb","1156","2740","3402d6a9accdf3ccb572f2fa597679e1367cf2aeac12baf5088386b714f234d3","270","2740","1156","rotated_bottom_left_pixels","2058","236","626","inherited","[""アトリ_tatr01_l_d2_p1_fa.png"", 270.0]","true"
"アトリ_tatr01_l_d2_p1_fc.png","アトリ_tatr01_d2_p1_fc","アトリ","tatr01","l","d2","p1","fc","1156","2740","1b312d9c307bfe582774c1e3dde8d75509becbcee7e27fb0755a11e1a523805e","270","2740","1156","rotated_bottom_left_pixels","2058","236","626","inherited","[""アトリ_tatr01_l_d2_p1_fb.png"", 270.0]","true"
"アトリ_tatr01_l_d2_p1_fd.png","アトリ_tatr01_d2_p1_fd","アトリ","tatr01","l","d2","p1","fd","1156","2740","c6c4b0d0524b2cfec7f0a58334376261205ece41aad15fc02e993719a85fd854","270","2740","1156","rotated_bottom_left_pixels","2058","236","626","inherited","[""アトリ_tatr01_l_d2_p1_fc.png"", 270.0]","true"
"アトリ_tatr01_l_d2_p1_fe.png","アトリ_tatr01_d2_p1_fe","アトリ","tatr01","l","d2","p1","fe","1156","2740","2e5a03cddcecac2b3812d6282df77ea86f94b1a08e03a83a171e10e6e473a978","270","2740","1156","rotated_bottom_left_pixels","2058","236","626","inherited","[""アトリ_tatr01_l_d2_p1_fd.png"", 270.0]","true"
"アトリ_tatr01_l_d2_p1_ff.png","アトリ_tatr01_d2_p1_ff","アトリ","tatr01","l","d2","p1","ff","1156","2989","ebfbea5c5edfd824b7271f14e4834e16826bc46aa9e56bfe4d482c1dbefd88e3","270","2989","1156","rotated_bottom_left_pixels","2058","236","626","inherited","[""アトリ_tatr01_l_d2_p1_fe.png"", 270.0]","true"
"アトリ_tatr01_l_d2_p1_fg.png","アトリ_tatr01_d2_p1_fg","アトリ","tatr01","l","d2","p1","fg","1156","2740","11661dd9a032b7091cb0fa463b6b5280f76c5a317dbe5586aa99658144824428","270","2740","1156","rotated_bottom_left_pixels","2058","236","626","inherited","[""アトリ_tatr01_l_d2_p1_ff.png"", 270.0]","true"
"アトリ_tatr01_l_d2_p1_fh.png","アトリ_tatr01_d2_p1_fh","アトリ","tatr01","l","d2","p1","fh","1156","2989","58d62c0d4cdb8a1f04de1cd37cf085731d5ac4560baca11edd1733fcee3a0170","270","2989","1156","rotated_bottom_left_pixels","2058","236","626","inherited","[""アトリ_tatr01_l_d2_p1_fg.png"", 270.0]","true"
"アトリ_tatr01_l_d2_p1_fi.png","アトリ_tatr01_d2_p1_fi","アトリ","tatr01","l","d2","p1","fi","1156","2740","182a8970922591aeba4e5d89a0aac32ae7e24c03e088bf9eb1900ce676a8501b","270","2740","1156","rotated_bottom_left_pixels","2058","236","626","inherited","[""アトリ_tatr01_l_d2_p1_fh.png"", 270.0]","true"
"アトリ_tatr01_l_d2_p1_fj.png","アトリ_tatr01_d2_p1_fj","アトリ","tatr01","l","d2","p1","fj","1156","2740","330dccee7a6c2452890a9d7195a0e07bf9d6bfecacc73a03896ccd81c9bf4223","270","2740","1156","rotated_bottom_left_pixels","2058","236","626","inherited","[""アトリ_tatr01_l_d2_p1_fi.png"", 270.0]","true"
"アトリ_tatr01_l_d2_p1_fk.png","アトリ_tatr01_d2_p1_fk","アトリ","tatr01","l","d2","p1","fk","1156","2740","c87fc0677a2be2661e8a53975540919399614f207c012eb8e942c8836fc19a9e","270","2740","1156","rotated_bottom_left_pixels","2058","236","626","inherited","[""アトリ_tatr01_l_d2_p1_fj.png"", 270.0]","true"
"アトリ_tatr01_l_d2_p1_fl.png","アトリ_tatr01_d2_p1_fl","アトリ","tatr01","l","d2","p1","fl","1156","2740","7fdd1ad72012130dcfd01e63734eb7a9c1d08dde4ad4be4f33144a9f505dff3f","270","2740","1156","rotated_bottom_left_pixels","2058","236","626","inherited","[""アトリ_tatr01_l_d2_p1_fk.png"", 270.0]","true"
"アトリ_tatr01_l_d3_p1_f1.png","アトリ_tatr01_d3_p1_f1","アトリ","tatr01","l","d3","p1","f1","1156","2740","fa28baa51b20425edc8e361bc5073b20fae72e7bc7c219573cfd51047bfa6e36","270","2740","1156","rotated_bottom_left_pixels","2058","236","626","inherited","[""アトリ_tatr01_l_d2_p1_fl.png"", 270.0]","true"
"アトリ_tatr01_l_d3_p1_f2.png","アトリ_tatr01_d3_p1_f2","アトリ","tatr01","l","d3","p1","f2","1156","2740","dd8cc3ea605db3727cf65044972c5be0842df6bf4c4084c71fe601b93c6288a5","270","2740","1156","rotated_bottom_left_pixels","2058","236","626","inherited","[""アトリ_tatr01_l_d3_p1_f1.png"", 270.0]","true"
"アトリ_tatr01_l_d3_p1_f3.png","アトリ_tatr01_d3_p1_f3","アトリ","tatr01","l","d3","p1","f3","1156","2740","8a0c02f7840c98a642425c2f2d41955433e32e2822964cbb59cd338e8fbd55c9","270","2740","1156","rotated_bottom_left_pixels","2058","236","626","inherited","[""アトリ_tatr01_l_d3_p1_f2.png"", 270.0]","true"
"アトリ_tatr01_l_d3_p1_f4.png","アトリ_tatr01_d3_p1_f4","アトリ","tatr01","l","d3","p1","f4","1156","2740","ec2a7f066b3c80cebb12e4572d1451452f27aa76e0fa840450851197d87a83d0","270","2740","1156","rotated_bottom_left_pixels","2058","236","626","inherited","[""アトリ_tatr01_l_d3_p1_f3.png"", 270.0]","true"
"アトリ_tatr01_l_d3_p1_f5.png","アトリ_tatr01_d3_p1_f5","アトリ","tatr01","l","d3","p1","f5","1156","2740","a1415fefc58411203c70de93844e9eaf82bb915ab24b7bc0ed63bba75de823fe","270","2740","1156","rotated_bottom_left_pixels","2058","236","626","inherited","[""アトリ_tatr01_l_d3_p1_f4.png"", 270.0]","true"
"アトリ_tatr01_l_d3_p1_f6.png","アトリ_tatr01_d3_p1_f6","アトリ","tatr01","l","d3","p1","f6","1156","2740","eadf46091e2f87eb493241996f8c08ad05552f222506bde7ae7a48a59d41e486","270","2740","1156","rotated_bottom_left_pixels","2058","236","626","inherited","[""アトリ_tatr01_l_d3_p1_f5.png"", 270.0]","true"
"アトリ_tatr01_l_d3_p1_f7.png","アトリ_tatr01_d3_p1_f7","アトリ","tatr01","l","d3","p1","f7","1156","2740","639d2ddd092d87db3c8c7dc03ac953af5ed64ba23d6afb3abbcf52b2e6dcf6ec","270","2740","1156","rotated_bottom_left_pixels","2058","236","626","inherited","[""アトリ_tatr01_l_d3_p1_f6.png"", 270.0]","true"
"アトリ_tatr01_l_d3_p1_f8.png","アトリ_tatr01_d3_p1_f8","アトリ","tatr01","l","d3","p1","f8","1156","2740","a2fe178c17804c855c6bb6a097dc6c703b4a16ea4a5d5f880aca4b0e08dff53e","270","2740","1156","rotated_bottom_left_pixels","2058","236","626","inherited","[""アトリ_tatr01_l_d3_p1_f7.png"", 270.0]","true"
"アトリ_tatr01_l_d3_p1_f9.png","アトリ_tatr01_d3_p1_f9","アトリ","tatr01","l","d3","p1","f9","1156","2740","6435f2395011749938fb8d568cc91b3afb4e39586f6f3f81fa9005b27307c583","270","2740","1156","rotated_bottom_left_pixels","2058","236","626","inherited","[""アトリ_tatr01_l_d3_p1_f8.png"", 270.0]","true"
"アトリ_tatr01_l_d3_p1_fa.png","アトリ_tatr01_d3_p1_fa","アトリ","tatr01","l","d3","p1","fa","1156","2740","e5e4dea39c00610a501a8ecb08693691b796f511462c2580a40ef28517d21c11","270","2740","1156","rotated_bottom_left_pixels","2058","236","626","inherited","[""アトリ_tatr01_l_d3_p1_f9.png"", 270.0]","true"
"アトリ_tatr01_l_d3_p1_fb.png","アトリ_tatr01_d3_p1_fb","アトリ","tatr01","l","d3","p1","fb","1156","2740","76f174ab2e197ca50866ad0364e111e35bbda62ca552c4b236b7b5604df5cc26","270","2740","1156","rotated_bottom_left_pixels","2058","236","626","inherited","[""アトリ_tatr01_l_d3_p1_fa.png"", 270.0]","true"
"アトリ_tatr01_l_d3_p1_fc.png","アトリ_tatr01_d3_p1_fc","アトリ","tatr01","l","d3","p1","fc","1156","2740","43d39af421a762d2191ba7fafd577f628e16f3ef8567f05a350be17a80425704","270","2740","1156","rotated_bottom_left_pixels","2058","236","626","inherited","[""アトリ_tatr01_l_d3_p1_fb.png"", 270.0]","true"
"アトリ_tatr01_l_d3_p1_fd.png","アトリ_tatr01_d3_p1_fd","アトリ","tatr01","l","d3","p1","fd","1156","2740","74ecbaeda8eb13cdef03a268043d11ef6e4168c078dfb61aef4772515ab6f7ea","270","2740","1156","rotated_bottom_left_pixels","2058","236","626","inherited","[""アトリ_tatr01_l_d3_p1_fc.png"", 270.0]","true"
"アトリ_tatr01_l_d3_p1_fe.png","アトリ_tatr01_d3_p1_fe","アトリ","tatr01","l","d3","p1","fe","1156","2740","ddd9c5856c9655ef1b82c34a1f6ee41ecacf8670164431be8cb08710b362d086","270","2740","1156","rotated_bottom_left_pixels","2058","236","626","inherited","[""アトリ_tatr01_l_d3_p1_fd.png"", 270.0]","true"
"アトリ_tatr01_l_d3_p1_ff.png","アトリ_tatr01_d3_p1_ff","アトリ","tatr01","l","d3","p1","ff","1156","2989","ba4e3b99387551a9cae84d6e496b18ceec555cac613bc727314097bc3079364c","270","2989","1156","rotated_bottom_left_pixels","2058","236","626","inherited","[""アトリ_tatr01_l_d3_p1_fe.png"", 270.0]","true"
"アトリ_tatr01_l_d3_p1_fg.png","アトリ_tatr01_d3_p1_fg","アトリ","tatr01","l","d3","p1","fg","1156","2740","90d769816c4c9bf9cd0f52c06cad0999bebdc724cbb23951271b0b3daa38ed4a","270","2740","1156","rotated_bottom_left_pixels","2058","236","626","inherited","[""アトリ_tatr01_l_d3_p1_ff.png"", 270.0]","true"
"アトリ_tatr01_l_d3_p1_fh.png","アトリ_tatr01_d3_p1_fh","アトリ","tatr01","l","d3","p1","fh","1156","2989","0b0115ca56b3e9c50e7a3a28fb22e44568defca5061d98230b9b83a08077a041","270","2989","1156","rotated_bottom_left_pixels","2058","236","626","inherited","[""アトリ_tatr01_l_d3_p1_fg.png"", 270.0]","true"
"アトリ_tatr01_l_d3_p1_fi.png","アトリ_tatr01_d3_p1_fi","アトリ","tatr01","l","d3","p1","fi","1156","2740","f9797a4d06b3500c8f67d7e9f00c5023d449214f8dc0f59c726eb8c0e301fb93","270","2740","1156","rotated_bottom_left_pixels","2058","236","626","inherited","[""アトリ_tatr01_l_d3_p1_fh.png"", 270.0]","true"
"アトリ_tatr01_l_d3_p1_fj.png","アトリ_tatr01_d3_p1_fj","アトリ","tatr01","l","d3","p1","fj","1156","2740","bb3f8acc29d46322913fa2160f9448499f4225c2cdcfdd54187346708cd10e23","270","2740","1156","rotated_bottom_left_pixels","2058","236","626","inherited","[""アトリ_tatr01_l_d3_p1_fi.png"", 270.0]","true"
"アトリ_tatr01_l_d3_p1_fk.png","アトリ_tatr01_d3_p1_fk","アトリ","tatr01","l","d3","p1","fk","1156","2740","92ee1cb129bb24d423745f4f650bfd8f4c3fec5f1e04609a1944da251b42bd36","270","2740","1156","rotated_bottom_left_pixels","2058","236","626","inherited","[""アトリ_tatr01_l_d3_p1_fj.png"", 270.0]","true"
"アトリ_tatr01_l_d3_p1_fl.png","アトリ_tatr01_d3_p1_fl","アトリ","tatr01","l","d3","p1","fl","1156","2740","7ed5469a44636345a9eb0977ae5fcf3ae57ae4ec57ecc52dadb6a345267f7a1c","270","2740","1156","rotated_bottom_left_pixels","2058","236","626","inherited","[""アトリ_tatr01_l_d3_p1_fk.png"", 270.0]","true"
"アトリ_tatr01_l_d4_p1_f1.png","アトリ_tatr01_d4_p1_f1","アトリ","tatr01","l","d4","p1","f1","1156","2740","89d82cfb0641d4ab8e96e349982d5216a9c9dcbcfc8f5dc40db0a56488577138","270","2740","1156","rotated_bottom_left_pixels","2058","236","626","inherited","[""アトリ_tatr01_l_d3_p1_fl.png"", 270.0]","true"
"アトリ_tatr01_l_d4_p1_f2.png","アトリ_tatr01_d4_p1_f2","アトリ","tatr01","l","d4","p1","f2","1156","2740","f4e30024a2427a3cc764d9cffd6f19bf011330d788b27bdf66902107028f6ff6","270","2740","1156","rotated_bottom_left_pixels","2058","236","626","inherited","[""アトリ_tatr01_l_d4_p1_f1.png"", 270.0]","true"
"アトリ_tatr01_l_d4_p1_f3.png","アトリ_tatr01_d4_p1_f3","アトリ","tatr01","l","d4","p1","f3","1156","2740","42b16f48d8ab63609b6d9485aec19cf3b7eb33156eb6be636a3cc135d4de4c83","270","2740","1156","rotated_bottom_left_pixels","2058","236","626","inherited","[""アトリ_tatr01_l_d4_p1_f2.png"", 270.0]","true"
"アトリ_tatr01_l_d4_p1_f4.png","アトリ_tatr01_d4_p1_f4","アトリ","tatr01","l","d4","p1","f4","1156","2740","89871aecca74b9c416c54bd5b2355b9d1c667486908b286b27e8404c0273e51e","270","2740","1156","rotated_bottom_left_pixels","2058","236","626","inherited","[""アトリ_tatr01_l_d4_p1_f3.png"", 270.0]","true"
"アトリ_tatr01_l_d4_p1_f5.png","アトリ_tatr01_d4_p1_f5","アトリ","tatr01","l","d4","p1","f5","1156","2740","feaac41584c5c6dfe6878b98b72902cbcd7dad13d40d7c220f209da9cc00ca10","270","2740","1156","rotated_bottom_left_pixels","2058","236","626","inherited","[""アトリ_tatr01_l_d4_p1_f4.png"", 270.0]","true"
"アトリ_tatr01_l_d4_p1_f6.png","アトリ_tatr01_d4_p1_f6","アトリ","tatr01","l","d4","p1","f6","1156","2740","37e5349db29da49d1fda84557226405f3564456764d2eed32a7188592b4f1397","270","2740","1156","rotated_bottom_left_pixels","2058","236","626","inherited","[""アトリ_tatr01_l_d4_p1_f5.png"", 270.0]","true"
"アトリ_tatr01_l_d4_p1_f7.png","アトリ_tatr01_d4_p1_f7","アトリ","tatr01","l","d4","p1","f7","1156","2740","f7f46e7f4a2497d48491b9aa8dfc5140fa7a3d18f8407ba01a55d2c281f6438d","270","2740","1156","rotated_bottom_left_pixels","2058","236","626","inherited","[""アトリ_tatr01_l_d4_p1_f6.png"", 270.0]","true"
"アトリ_tatr01_l_d4_p1_f8.png","アトリ_tatr01_d4_p1_f8","アトリ","tatr01","l","d4","p1","f8","1156","2740","84b9e1c792aeeca825ba5e16b12dfa157c44de83b7d0c9f1c4dca2dbd2298151","270","2740","1156","rotated_bottom_left_pixels","2058","236","626","inherited","[""アトリ_tatr01_l_d4_p1_f7.png"", 270.0]","true"
"アトリ_tatr01_l_d4_p1_f9.png","アトリ_tatr01_d4_p1_f9","アトリ","tatr01","l","d4","p1","f9","1156","2740","cee7f19b8276a234462072a198ddca23422aa611f70417060e9e62cb830a2b03","270","2740","1156","rotated_bottom_left_pixels","2058","236","626","inherited","[""アトリ_tatr01_l_d4_p1_f8.png"", 270.0]","true"
"アトリ_tatr01_l_d4_p1_fa.png","アトリ_tatr01_d4_p1_fa","アトリ","tatr01","l","d4","p1","fa","1156","2740","6a7a56e913c6752c6e26d7165db678d5ea7858d7c26a81ca65174a32d8b23b0e","270","2740","1156","rotated_bottom_left_pixels","2058","236","626","inherited","[""アトリ_tatr01_l_d4_p1_f9.png"", 270.0]","true"
"アトリ_tatr01_l_d4_p1_fb.png","アトリ_tatr01_d4_p1_fb","アトリ","tatr01","l","d4","p1","fb","1156","2740","fa10a0d805a77458b4be5ecb3901e9b8c5dc065d6cc7ec0e3a4b2ea3da83d103","270","2740","1156","rotated_bottom_left_pixels","2058","236","626","inherited","[""アトリ_tatr01_l_d4_p1_fa.png"", 270.0]","true"
"アトリ_tatr01_l_d4_p1_fc.png","アトリ_tatr01_d4_p1_fc","アトリ","tatr01","l","d4","p1","fc","1156","2740","543dd2ba5f81d314f1bc7abeb8ea90f060386307ab812f995a19294e95977543","270","2740","1156","rotated_bottom_left_pixels","2058","236","626","inherited","[""アトリ_tatr01_l_d4_p1_fb.png"", 270.0]","true"
"アトリ_tatr01_l_d4_p1_fd.png","アトリ_tatr01_d4_p1_fd","アトリ","tatr01","l","d4","p1","fd","1156","2740","f2517f7a4d7f3a97f3e6d8687e25e48ba2d1371157c0cc04099e80bf0c94f8f0","270","2740","1156","rotated_bottom_left_pixels","2058","236","626","inherited","[""アトリ_tatr01_l_d4_p1_fc.png"", 270.0]","true"
"アトリ_tatr01_l_d4_p1_fe.png","アトリ_tatr01_d4_p1_fe","アトリ","tatr01","l","d4","p1","fe","1156","2740","b21be381d7bafd36dd7c6d0f3913abda4010fe2ea9d872546ed2ed6ab61fac0a","270","2740","1156","rotated_bottom_left_pixels","2058","236","626","inherited","[""アトリ_tatr01_l_d4_p1_fd.png"", 270.0]","true"
"アトリ_tatr01_l_d4_p1_ff.png","アトリ_tatr01_d4_p1_ff","アトリ","tatr01","l","d4","p1","ff","1156","2989","136e7ee75a49e5553d4d24eed7246b630d0fab722d0b113bb79ffc08c2f4e1ee","270","2989","1156","rotated_bottom_left_pixels","2058","236","626","inherited","[""アトリ_tatr01_l_d4_p1_fe.png"", 270.0]","true"
"アトリ_tatr01_l_d4_p1_fg.png","アトリ_tatr01_d4_p1_fg","アトリ","tatr01","l","d4","p1","fg","1156","2740","94b1840218a32ffca461d5b641de3534f93094fe979e565103d1e06065e9a3ab","270","2740","1156","rotated_bottom_left_pixels","2058","236","626","inherited","[""アトリ_tatr01_l_d4_p1_ff.png"", 270.0]","true"
"アトリ_tatr01_l_d4_p1_fh.png","アトリ_tatr01_d4_p1_fh","アトリ","tatr01","l","d4","p1","fh","1156","2989","a520eaad87705967a1e4024b02f133f263eaedc78e782697725679c249abafcc","270","2989","1156","rotated_bottom_left_pixels","2058","236","626","inherited","[""アトリ_tatr01_l_d4_p1_fg.png"", 270.0]","true"
"アトリ_tatr01_l_d4_p1_fi.png","アトリ_tatr01_d4_p1_fi","アトリ","tatr01","l","d4","p1","fi","1156","2740","45830e2bb4fa50ebd316d5cb4fcc1503b701f185d8faeae9bf9e519cb2a047c0","270","2740","1156","rotated_bottom_left_pixels","2058","236","626","inherited","[""アトリ_tatr01_l_d4_p1_fh.png"", 270.0]","true"
"アトリ_tatr01_l_d4_p1_fj.png","アトリ_tatr01_d4_p1_fj","アトリ","tatr01","l","d4","p1","fj","1156","2740","edd1119ce756ed5faaa87042f4fef2c9830e4bc7455c5f8094e81888804f1428","270","2740","1156","rotated_bottom_left_pixels","2058","236","626","inherited","[""アトリ_tatr01_l_d4_p1_fi.png"", 270.0]","true"
"アトリ_tatr01_l_d4_p1_fk.png","アトリ_tatr01_d4_p1_fk","アトリ","tatr01","l","d4","p1","fk","1156","2740","3262113fdfad91aaf4f9888e9cf5a93f7dcc8271f4bf0d5897780988fd97765b","270","2740","1156","rotated_bottom_left_pixels","2058","236","626","inherited","[""アトリ_tatr01_l_d4_p1_fj.png"", 270.0]","true"
"アトリ_tatr01_l_d4_p1_fl.png","アトリ_tatr01_d4_p1_fl","アトリ","tatr01","l","d4","p1","fl","1156","2740","e67da6ae9e7ff48302cd383ad4289f3757228cc6c1a9d24ac218c5b31eb3d32f","270","2740","1156","rotated_bottom_left_pixels","2058","236","626","inherited","[""アトリ_tatr01_l_d4_p1_fk.png"", 270.0]","true"
"アトリ_tatr01_l_d1_p2_f1.png","アトリ_tatr01_d1_p2_f1","アトリ","tatr01","l","d1","p2","f1","1250","2963","a32de8f87e0a29e0975d977def9b4b14f8532445f709acfa274b03c4e3737b3a","270","2963","1250","rotated_bottom_left_pixels","2056","321","626","rotated_reference","[""アトリ_tatr01_l_d1_p2_f1.png"", 0.0]","true"
"アトリ_tatr01_l_d1_p2_f2.png","アトリ_tatr01_d1_p2_f2","アトリ","tatr01","l","d1","p2","f2","1250","2963","4263d82dff6cba6e32875a66a66c17763cc10cae43b68ed81db6f0a93eca7a17","270","2963","1250","rotated_bottom_left_pixels","2056","321","626","inherited","[""アトリ_tatr01_l_d1_p2_f1.png"", 270.0]","true"
"アトリ_tatr01_l_d1_p2_f3.png","アトリ_tatr01_d1_p2_f3","アトリ","tatr01","l","d1","p2","f3","1250","2963","2720c1083e4ed9d42aa5552dbaf006f0d050af7f27a5e88d246a45a578574ea8","270","2963","1250","rotated_bottom_left_pixels","2056","321","626","inherited","[""アトリ_tatr01_l_d1_p2_f2.png"", 270.0]","true"
"アトリ_tatr01_l_d1_p2_f4.png","アトリ_tatr01_d1_p2_f4","アトリ","tatr01","l","d1","p2","f4","1250","2963","c7b04a04f40e05dac11c5fdf02dddd0238c41d9143df2e464bfacfd6bdc67fb2","270","2963","1250","rotated_bottom_left_pixels","2056","321","626","inherited","[""アトリ_tatr01_l_d1_p2_f3.png"", 270.0]","true"
"アトリ_tatr01_l_d1_p2_f5.png","アトリ_tatr01_d1_p2_f5","アトリ","tatr01","l","d1","p2","f5","1250","2963","69b6b6b165349f51b28ff6c4b8ed3848e6009ae372123b33f49a993f0694729c","270","2963","1250","rotated_bottom_left_pixels","2056","321","626","inherited","[""アトリ_tatr01_l_d1_p2_f4.png"", 270.0]","true"
"アトリ_tatr01_l_d1_p2_f6.png","アトリ_tatr01_d1_p2_f6","アトリ","tatr01","l","d1","p2","f6","1250","2963","6e8fbb4a661a510b445fd8060e7a860fdb5012f43bac854e83d3c072e4452ec0","270","2963","1250","rotated_bottom_left_pixels","2056","321","626","inherited","[""アトリ_tatr01_l_d1_p2_f5.png"", 270.0]","true"
"アトリ_tatr01_l_d1_p2_f7.png","アトリ_tatr01_d1_p2_f7","アトリ","tatr01","l","d1","p2","f7","1250","2963","7be56828231e5d524c1e0c91a3eb481b4fb8458e4467baaffd979ff72f4b5ea6","270","2963","1250","rotated_bottom_left_pixels","2056","321","626","inherited","[""アトリ_tatr01_l_d1_p2_f6.png"", 270.0]","true"
"アトリ_tatr01_l_d1_p2_f8.png","アトリ_tatr01_d1_p2_f8","アトリ","tatr01","l","d1","p2","f8","1250","2963","e2247f7bdb14217655aba9ee21be623f5d4d34a51931487a79cce7babb0c4120","270","2963","1250","rotated_bottom_left_pixels","2056","321","626","inherited","[""アトリ_tatr01_l_d1_p2_f7.png"", 270.0]","true"
"アトリ_tatr01_l_d1_p2_f9.png","アトリ_tatr01_d1_p2_f9","アトリ","tatr01","l","d1","p2","f9","1250","2963","a9465d957a8b3ad84d2d9d852de8945afe5d647a79eb332b6271475cc0a68a45","270","2963","1250","rotated_bottom_left_pixels","2056","321","626","inherited","[""アトリ_tatr01_l_d1_p2_f8.png"", 270.0]","true"
"アトリ_tatr01_l_d1_p2_fa.png","アトリ_tatr01_d1_p2_fa","アトリ","tatr01","l","d1","p2","fa","1250","2963","bfa7b73756ceb3676948ef48be3a399afeaebde8002b3ea3201ba6c18774e838","270","2963","1250","rotated_bottom_left_pixels","2056","321","626","inherited","[""アトリ_tatr01_l_d1_p2_f9.png"", 270.0]","true"
"アトリ_tatr01_l_d1_p2_fb.png","アトリ_tatr01_d1_p2_fb","アトリ","tatr01","l","d1","p2","fb","1250","2963","3e03a1b1a688634ceb2d289be4773a77837e39e69ddb6c59617117455d1a6a11","270","2963","1250","rotated_bottom_left_pixels","2056","321","626","inherited","[""アトリ_tatr01_l_d1_p2_fa.png"", 270.0]","true"
"アトリ_tatr01_l_d1_p2_fc.png","アトリ_tatr01_d1_p2_fc","アトリ","tatr01","l","d1","p2","fc","1250","2963","946dd8a17d8c4c6d383ae4622bb3195b60bca5e68351e265a842a9d7ce8b3706","270","2963","1250","rotated_bottom_left_pixels","2056","321","626","inherited","[""アトリ_tatr01_l_d1_p2_fb.png"", 270.0]","true"
"アトリ_tatr01_l_d1_p2_fd.png","アトリ_tatr01_d1_p2_fd","アトリ","tatr01","l","d1","p2","fd","1250","2963","e02c65ee12ee258496af3a875b4b3df35931aae30dc4d33507a018b8629c0329","270","2963","1250","rotated_bottom_left_pixels","2056","321","626","inherited","[""アトリ_tatr01_l_d1_p2_fc.png"", 270.0]","true"
"アトリ_tatr01_l_d1_p2_fe.png","アトリ_tatr01_d1_p2_fe","アトリ","tatr01","l","d1","p2","fe","1250","2963","5f81810775d036300084bb6150eaf863c81f92087df9e62d590af5869c47f4da","270","2963","1250","rotated_bottom_left_pixels","2056","321","626","inherited","[""アトリ_tatr01_l_d1_p2_fd.png"", 270.0]","true"
"アトリ_tatr01_l_d1_p2_ff.png","アトリ_tatr01_d1_p2_ff","アトリ","tatr01","l","d1","p2","ff","1250","2989","c85dca38f3f841872d29cdc3f69963f1774fc77a23a7fee1c37269fcdf130f03","270","2989","1250","rotated_bottom_left_pixels","2056","321","626","inherited","[""アトリ_tatr01_l_d1_p2_fe.png"", 270.0]","true"
"アトリ_tatr01_l_d1_p2_fg.png","アトリ_tatr01_d1_p2_fg","アトリ","tatr01","l","d1","p2","fg","1250","2963","004e08df54c25f2e8f05cfcf770f88d852f3865128932d364ddad9d7e3198c80","270","2963","1250","rotated_bottom_left_pixels","2056","321","626","inherited","[""アトリ_tatr01_l_d1_p2_ff.png"", 270.0]","true"
"アトリ_tatr01_l_d1_p2_fh.png","アトリ_tatr01_d1_p2_fh","アトリ","tatr01","l","d1","p2","fh","1250","2989","3e9783cf08b0f15a238c727c09e70c51eb2e30bdf4848a085b8e57d8d3402289","270","2989","1250","rotated_bottom_left_pixels","2056","321","626","inherited","[""アトリ_tatr01_l_d1_p2_fg.png"", 270.0]","true"
"アトリ_tatr01_l_d1_p2_fi.png","アトリ_tatr01_d1_p2_fi","アトリ","tatr01","l","d1","p2","fi","1250","2963","74c695c903922df822f7e13d13d438e806e22a69be8b251620f5d68eb4285426","270","2963","1250","rotated_bottom_left_pixels","2056","321","626","inherited","[""アトリ_tatr01_l_d1_p2_fh.png"", 270.0]","true"
"アトリ_tatr01_l_d1_p2_fj.png","アトリ_tatr01_d1_p2_fj","アトリ","tatr01","l","d1","p2","fj","1250","2963","7a2310df609bd1ae28d73d9ab6df6ce5dc619829270a1c67bab1fa939461d9a1","270","2963","1250","rotated_bottom_left_pixels","2056","321","626","inherited","[""アトリ_tatr01_l_d1_p2_fi.png"", 270.0]","true"
"アトリ_tatr01_l_d1_p2_fk.png","アトリ_tatr01_d1_p2_fk","アトリ","tatr01","l","d1","p2","fk","1250","2963","f1d0ec03cb15018a143e1c82c88ffe38aeba6f47e9c665f1679704080cd936b4","270","2963","1250","rotated_bottom_left_pixels","2056","321","626","inherited","[""アトリ_tatr01_l_d1_p2_fj.png"", 270.0]","true"
"アトリ_tatr01_l_d1_p2_fl.png","アトリ_tatr01_d1_p2_fl","アトリ","tatr01","l","d1","p2","fl","1250","2963","cb719a8a53de2c3c5d68748675434709caced1300cba70585081149fa54f5502","270","2963","1250","rotated_bottom_left_pixels","2056","321","626","inherited","[""アトリ_tatr01_l_d1_p2_fk.png"", 270.0]","true"
"アトリ_tatr01_l_d2_p2_f1.png","アトリ_tatr01_d2_p2_f1","アトリ","tatr01","l","d2","p2","f1","1250","2963","df9a437c87472ea18e5e660ee305abbcf67fb56f926a684f7fa824586c87376c","270","2963","1250","rotated_bottom_left_pixels","2056","321","626","inherited","[""アトリ_tatr01_l_d1_p2_fl.png"", 270.0]","true"
"アトリ_tatr01_l_d2_p2_f2.png","アトリ_tatr01_d2_p2_f2","アトリ","tatr01","l","d2","p2","f2","1250","2963","51b348a6d7fdaa59b6497843810ea44784c87aca43902725ea1ede81163af543","270","2963","1250","rotated_bottom_left_pixels","2056","321","626","inherited","[""アトリ_tatr01_l_d2_p2_f1.png"", 270.0]","true"
"アトリ_tatr01_l_d2_p2_f3.png","アトリ_tatr01_d2_p2_f3","アトリ","tatr01","l","d2","p2","f3","1250","2963","7e6b425952ca4dd8b5e3bd3c80eb4afd68d553ad2e7975fdb6d86fb7b607f7d1","270","2963","1250","rotated_bottom_left_pixels","2056","321","626","inherited","[""アトリ_tatr01_l_d2_p2_f2.png"", 270.0]","true"
"アトリ_tatr01_l_d2_p2_f4.png","アトリ_tatr01_d2_p2_f4","アトリ","tatr01","l","d2","p2","f4","1250","2963","5deaf8b43a27268772959ab7b086991911f1e0719004cf13b0353a6ebd161e53","270","2963","1250","rotated_bottom_left_pixels","2056","321","626","inherited","[""アトリ_tatr01_l_d2_p2_f3.png"", 270.0]","true"
"アトリ_tatr01_l_d2_p2_f5.png","アトリ_tatr01_d2_p2_f5","アトリ","tatr01","l","d2","p2","f5","1250","2963","05da545af1ab1ef27a98540d2540d397600d83ae2f1e162fb365a8c7935cb955","270","2963","1250","rotated_bottom_left_pixels","2056","321","626","inherited","[""アトリ_tatr01_l_d2_p2_f4.png"", 270.0]","true"
"アトリ_tatr01_l_d2_p2_f6.png","アトリ_tatr01_d2_p2_f6","アトリ","tatr01","l","d2","p2","f6","1250","2963","f7295c84fbe369686ad71f881b2330c1d477f0be87bbc20732a9dd1d355aa0d1","270","2963","1250","rotated_bottom_left_pixels","2056","321","626","inherited","[""アトリ_tatr01_l_d2_p2_f5.png"", 270.0]","true"
"アトリ_tatr01_l_d2_p2_f7.png","アトリ_tatr01_d2_p2_f7","アトリ","tatr01","l","d2","p2","f7","1250","2963","7861e2850636936b30e5634fd974eaf42ac03924d4f18c437f66a1034802cfef","270","2963","1250","rotated_bottom_left_pixels","2056","321","626","inherited","[""アトリ_tatr01_l_d2_p2_f6.png"", 270.0]","true"
"アトリ_tatr01_l_d2_p2_f8.png","アトリ_tatr01_d2_p2_f8","アトリ","tatr01","l","d2","p2","f8","1250","2963","a69467a60c5d89f02f97feae247a94eb931ce7413299d406d21a15f1934c9627","270","2963","1250","rotated_bottom_left_pixels","2056","321","626","inherited","[""アトリ_tatr01_l_d2_p2_f7.png"", 270.0]","true"
"アトリ_tatr01_l_d2_p2_f9.png","アトリ_tatr01_d2_p2_f9","アトリ","tatr01","l","d2","p2","f9","1250","2963","023e06d8ab1328eb1f98695f4271df9057497bfd29f1a1d12c57a15ef7a8be03","270","2963","1250","rotated_bottom_left_pixels","2056","321","626","inherited","[""アトリ_tatr01_l_d2_p2_f8.png"", 270.0]","true"
"アトリ_tatr01_l_d2_p2_fa.png","アトリ_tatr01_d2_p2_fa","アトリ","tatr01","l","d2","p2","fa","1250","2963","2038d60848c6c7adff794c728fd25b7b5fa64486f26ef6a531ef8653edaa41d3","270","2963","1250","rotated_bottom_left_pixels","2056","321","626","inherited","[""アトリ_tatr01_l_d2_p2_f9.png"", 270.0]","true"
"アトリ_tatr01_l_d2_p2_fb.png","アトリ_tatr01_d2_p2_fb","アトリ","tatr01","l","d2","p2","fb","1250","2963","9c6cebb4df02bfba76e3685601e3d7eb3e2180613a265a95050f436fd882e715","270","2963","1250","rotated_bottom_left_pixels","2056","321","626","inherited","[""アトリ_tatr01_l_d2_p2_fa.png"", 270.0]","true"
"アトリ_tatr01_l_d2_p2_fc.png","アトリ_tatr01_d2_p2_fc","アトリ","tatr01","l","d2","p2","fc","1250","2963","82a7108ad457a390a8ad71c8d6931c4b909b3d395e2403b725c05320cbe61d02","270","2963","1250","rotated_bottom_left_pixels","2056","321","626","inherited","[""アトリ_tatr01_l_d2_p2_fb.png"", 270.0]","true"
"アトリ_tatr01_l_d2_p2_fd.png","アトリ_tatr01_d2_p2_fd","アトリ","tatr01","l","d2","p2","fd","1250","2963","2e855d53ac4f5a29e8d5af3123df57b86a150f72cf05bf21cbbfa8e3e64831a0","270","2963","1250","rotated_bottom_left_pixels","2056","321","626","inherited","[""アトリ_tatr01_l_d2_p2_fc.png"", 270.0]","true"
"アトリ_tatr01_l_d2_p2_fe.png","アトリ_tatr01_d2_p2_fe","アトリ","tatr01","l","d2","p2","fe","1250","2963","838a16f58a0488a6869a9a9a46a42ab485621e61b2c661adee2508b80080e393","270","2963","1250","rotated_bottom_left_pixels","2056","321","626","inherited","[""アトリ_tatr01_l_d2_p2_fd.png"", 270.0]","true"
"アトリ_tatr01_l_d2_p2_ff.png","アトリ_tatr01_d2_p2_ff","アトリ","tatr01","l","d2","p2","ff","1250","2989","6a6cd3ce79436515a871691d91ce1fbc2cf782478725ac1351c5bc8bb2b12091","270","2989","1250","rotated_bottom_left_pixels","2056","321","626","inherited","[""アトリ_tatr01_l_d2_p2_fe.png"", 270.0]","true"
"アトリ_tatr01_l_d2_p2_fg.png","アトリ_tatr01_d2_p2_fg","アトリ","tatr01","l","d2","p2","fg","1250","2963","53367ca5c7c7ea696c84e25a25488558336ef432ac270fc330e5f4be8cb952cf","270","2963","1250","rotated_bottom_left_pixels","2056","321","626","inherited","[""アトリ_tatr01_l_d2_p2_ff.png"", 270.0]","true"
"アトリ_tatr01_l_d2_p2_fh.png","アトリ_tatr01_d2_p2_fh","アトリ","tatr01","l","d2","p2","fh","1250","2989","47190bb565504ba3eefa3a3b65c6bff707d7f18c9412b3da4f7e8a93bb77e708","270","2989","1250","rotated_bottom_left_pixels","2056","321","626","inherited","[""アトリ_tatr01_l_d2_p2_fg.png"", 270.0]","true"
"アトリ_tatr01_l_d2_p2_fi.png","アトリ_tatr01_d2_p2_fi","アトリ","tatr01","l","d2","p2","fi","1250","2963","324ba05a5a12ee2ce194cdc49655eb50bdda0d5990f0c6112e0bc433605b72eb","270","2963","1250","rotated_bottom_left_pixels","2056","321","626","inherited","[""アトリ_tatr01_l_d2_p2_fh.png"", 270.0]","true"
"アトリ_tatr01_l_d2_p2_fj.png","アトリ_tatr01_d2_p2_fj","アトリ","tatr01","l","d2","p2","fj","1250","2963","8738ed5276eb3e398f4be2aecafda3380e4e0fcf1b5ee26b711117e3fe71dce7","270","2963","1250","rotated_bottom_left_pixels","2056","321","626","inherited","[""アトリ_tatr01_l_d2_p2_fi.png"", 270.0]","true"
"アトリ_tatr01_l_d2_p2_fk.png","アトリ_tatr01_d2_p2_fk","アトリ","tatr01","l","d2","p2","fk","1250","2963","7d0b12fcc0499d96ea6955fb9e0c3bca464fce5b96822012daac9c579ecc59de","270","2963","1250","rotated_bottom_left_pixels","2056","321","626","inherited","[""アトリ_tatr01_l_d2_p2_fj.png"", 270.0]","true"
"アトリ_tatr01_l_d2_p2_fl.png","アトリ_tatr01_d2_p2_fl","アトリ","tatr01","l","d2","p2","fl","1250","2963","01b991e81e5571f322f9dd03cc7aeec8fdef591b883e292d76365199fb861d17","270","2963","1250","rotated_bottom_left_pixels","2056","321","626","inherited","[""アトリ_tatr01_l_d2_p2_fk.png"", 270.0]","true"
"アトリ_tatr01_l_d3_p2_f1.png","アトリ_tatr01_d3_p2_f1","アトリ","tatr01","l","d3","p2","f1","1250","2963","28aaccff9edb5977760edb9a62de45605c200c3f8e16101d98d3b0a06dc567a8","270","2963","1250","rotated_bottom_left_pixels","2056","321","626","inherited","[""アトリ_tatr01_l_d2_p2_fl.png"", 270.0]","true"
"アトリ_tatr01_l_d3_p2_f2.png","アトリ_tatr01_d3_p2_f2","アトリ","tatr01","l","d3","p2","f2","1250","2963","47637d0f1a1e2dde0f9c149e5e61676f2236be3f658c3593e27c04a5e8004075","270","2963","1250","rotated_bottom_left_pixels","2056","321","626","inherited","[""アトリ_tatr01_l_d3_p2_f1.png"", 270.0]","true"
"アトリ_tatr01_l_d3_p2_f3.png","アトリ_tatr01_d3_p2_f3","アトリ","tatr01","l","d3","p2","f3","1250","2963","98ceca347e3e09913b55ca7423b608d4a658fb17561ae77c9c82e654b9c73a65","270","2963","1250","rotated_bottom_left_pixels","2056","321","626","inherited","[""アトリ_tatr01_l_d3_p2_f2.png"", 270.0]","true"
"アトリ_tatr01_l_d3_p2_f4.png","アトリ_tatr01_d3_p2_f4","アトリ","tatr01","l","d3","p2","f4","1250","2963","2245919dddb77f7993a528be7bca8b02b4f5a7c73bf91b5dc5349ba1cd8cdee5","270","2963","1250","rotated_bottom_left_pixels","2056","321","626","inherited","[""アトリ_tatr01_l_d3_p2_f3.png"", 270.0]","true"
"アトリ_tatr01_l_d3_p2_f5.png","アトリ_tatr01_d3_p2_f5","アトリ","tatr01","l","d3","p2","f5","1250","2963","d3a9c036dc1fd78d75deb69877c155c5525f2bfabf811c21f17fb659c8f5f7d6","270","2963","1250","rotated_bottom_left_pixels","2056","321","626","inherited","[""アトリ_tatr01_l_d3_p2_f4.png"", 270.0]","true"
"アトリ_tatr01_l_d3_p2_f6.png","アトリ_tatr01_d3_p2_f6","アトリ","tatr01","l","d3","p2","f6","1250","2963","0e792249cda1db5372a6ae35a7fc611ce643615006a93df113e048ab72c75242","270","2963","1250","rotated_bottom_left_pixels","2056","321","626","inherited","[""アトリ_tatr01_l_d3_p2_f5.png"", 270.0]","true"
"アトリ_tatr01_l_d3_p2_f7.png","アトリ_tatr01_d3_p2_f7","アトリ","tatr01","l","d3","p2","f7","1250","2963","96cc530ff4f233ed64dde086fa48096ff447936c126e4c0677ad97d3b1295255","270","2963","1250","rotated_bottom_left_pixels","2056","321","626","inherited","[""アトリ_tatr01_l_d3_p2_f6.png"", 270.0]","true"
"アトリ_tatr01_l_d3_p2_f8.png","アトリ_tatr01_d3_p2_f8","アトリ","tatr01","l","d3","p2","f8","1250","2963","97766e9833278d6e11af6899ae5e76ef7e03a48c49920620db29b8e748d61304","270","2963","1250","rotated_bottom_left_pixels","2056","321","626","inherited","[""アトリ_tatr01_l_d3_p2_f7.png"", 270.0]","true"
"アトリ_tatr01_l_d3_p2_f9.png","アトリ_tatr01_d3_p2_f9","アトリ","tatr01","l","d3","p2","f9","1250","2963","5a477c801132efcba9f0d33cd68016a73dedca006c60a277af55a2bca4526ba7","270","2963","1250","rotated_bottom_left_pixels","2056","321","626","inherited","[""アトリ_tatr01_l_d3_p2_f8.png"", 270.0]","true"
"アトリ_tatr01_l_d3_p2_fa.png","アトリ_tatr01_d3_p2_fa","アトリ","tatr01","l","d3","p2","fa","1250","2963","f2cc7863b958b53f0f0d9c048670ce78ee8105643c4ea2d110b9a1707afbe3e2","270","2963","1250","rotated_bottom_left_pixels","2056","321","626","inherited","[""アトリ_tatr01_l_d3_p2_f9.png"", 270.0]","true"
"アトリ_tatr01_l_d3_p2_fb.png","アトリ_tatr01_d3_p2_fb","アトリ","tatr01","l","d3","p2","fb","1250","2963","eebfc34e9a839b30c06b87807d13b2d3facb6c9b465035e78843f616a9902d04","270","2963","1250","rotated_bottom_left_pixels","2056","321","626","inherited","[""アトリ_tatr01_l_d3_p2_fa.png"", 270.0]","true"
"アトリ_tatr01_l_d3_p2_fc.png","アトリ_tatr01_d3_p2_fc","アトリ","tatr01","l","d3","p2","fc","1250","2963","5d56a8622327d2821ced87025cd03b4fe175acd5d0cb13b29e0dae43c1099a5f","270","2963","1250","rotated_bottom_left_pixels","2056","321","626","inherited","[""アトリ_tatr01_l_d3_p2_fb.png"", 270.0]","true"
"アトリ_tatr01_l_d3_p2_fd.png","アトリ_tatr01_d3_p2_fd","アトリ","tatr01","l","d3","p2","fd","1250","2963","cdfb351c5cac65d461343de75fb506017e2b32a486b4372359a322ca60dd2f42","270","2963","1250","rotated_bottom_left_pixels","2056","321","626","inherited","[""アトリ_tatr01_l_d3_p2_fc.png"", 270.0]","true"
"アトリ_tatr01_l_d3_p2_fe.png","アトリ_tatr01_d3_p2_fe","アトリ","tatr01","l","d3","p2","fe","1250","2963","61632749745e896c4ea653bded98c2f4f0a0cf57bfc670bd0217c12e64e66534","270","2963","1250","rotated_bottom_left_pixels","2056","321","626","inherited","[""アトリ_tatr01_l_d3_p2_fd.png"", 270.0]","true"
"アトリ_tatr01_l_d3_p2_ff.png","アトリ_tatr01_d3_p2_ff","アトリ","tatr01","l","d3","p2","ff","1250","2989","f8642199465f1c2c2f16e7b0b2f1fad309b35498f704b24b52b1f4c18376c64a","270","2989","1250","rotated_bottom_left_pixels","2056","321","626","inherited","[""アトリ_tatr01_l_d3_p2_fe.png"", 270.0]","true"
"アトリ_tatr01_l_d3_p2_fg.png","アトリ_tatr01_d3_p2_fg","アトリ","tatr01","l","d3","p2","fg","1250","2963","74dee4ced7d5dc0e32d4668421c2483a3f4452dea5535449f38ce0f3963ac37a","270","2963","1250","rotated_bottom_left_pixels","2056","321","626","inherited","[""アトリ_tatr01_l_d3_p2_ff.png"", 270.0]","true"
"アトリ_tatr01_l_d3_p2_fh.png","アトリ_tatr01_d3_p2_fh","アトリ","tatr01","l","d3","p2","fh","1250","2989","9f116fe43f6c3c0ab673e3b529653be9d09ca1142d2172d9eaf1e2dc46caa8ae","270","2989","1250","rotated_bottom_left_pixels","2056","321","626","inherited","[""アトリ_tatr01_l_d3_p2_fg.png"", 270.0]","true"
"アトリ_tatr01_l_d3_p2_fi.png","アトリ_tatr01_d3_p2_fi","アトリ","tatr01","l","d3","p2","fi","1250","2963","a19f637b7f53cdd97b6ca3d1b4dc134c0e35d86b216abe20877e635aeedc79d8","270","2963","1250","rotated_bottom_left_pixels","2056","321","626","inherited","[""アトリ_tatr01_l_d3_p2_fh.png"", 270.0]","true"
"アトリ_tatr01_l_d3_p2_fj.png","アトリ_tatr01_d3_p2_fj","アトリ","tatr01","l","d3","p2","fj","1250","2963","f4c47dea28b733ef69f8a9b65dfce80a2981de9b5508ca72bb29a6aa0be7b156","270","2963","1250","rotated_bottom_left_pixels","2056","321","626","inherited","[""アトリ_tatr01_l_d3_p2_fi.png"", 270.0]","true"
"アトリ_tatr01_l_d3_p2_fk.png","アトリ_tatr01_d3_p2_fk","アトリ","tatr01","l","d3","p2","fk","1250","2963","e7b2f09e107be931ff7eafe9c33a7c8650806a026e0e763c4b57319ea9536401","270","2963","1250","rotated_bottom_left_pixels","2056","321","626","inherited","[""アトリ_tatr01_l_d3_p2_fj.png"", 270.0]","true"
"アトリ_tatr01_l_d3_p2_fl.png","アトリ_tatr01_d3_p2_fl","アトリ","tatr01","l","d3","p2","fl","1250","2963","a16810d9db0cbcafb165684236e3f8344470586faad3765bd4f09f666a424f9a","270","2963","1250","rotated_bottom_left_pixels","2056","321","626","inherited","[""アトリ_tatr01_l_d3_p2_fk.png"", 270.0]","true"
"アトリ_tatr01_l_d4_p2_f1.png","アトリ_tatr01_d4_p2_f1","アトリ","tatr01","l","d4","p2","f1","1250","2963","da26a0333af6ac03a6cc0410c2a1d4fca6f838b473fd087f4ed2b7c5e420e316","270","2963","1250","rotated_bottom_left_pixels","2056","321","626","inherited","[""アトリ_tatr01_l_d3_p2_fl.png"", 270.0]","true"
"アトリ_tatr01_l_d4_p2_f2.png","アトリ_tatr01_d4_p2_f2","アトリ","tatr01","l","d4","p2","f2","1250","2963","d399278af565e255d89d00321608f2d0f0a87fe332fa6456189af883330ff3c8","270","2963","1250","rotated_bottom_left_pixels","2056","321","626","inherited","[""アトリ_tatr01_l_d4_p2_f1.png"", 270.0]","true"
"アトリ_tatr01_l_d4_p2_f3.png","アトリ_tatr01_d4_p2_f3","アトリ","tatr01","l","d4","p2","f3","1250","2963","6cf187ab4bdb419940237fe301dad682284667496548e14493b1306ffd0bd0fd","270","2963","1250","rotated_bottom_left_pixels","2056","321","626","inherited","[""アトリ_tatr01_l_d4_p2_f2.png"", 270.0]","true"
"アトリ_tatr01_l_d4_p2_f4.png","アトリ_tatr01_d4_p2_f4","アトリ","tatr01","l","d4","p2","f4","1250","2963","329eeced82f54542adef86749501ccf7e06c806d78631a3b7a0ac7000fad4cdb","270","2963","1250","rotated_bottom_left_pixels","2056","321","626","inherited","[""アトリ_tatr01_l_d4_p2_f3.png"", 270.0]","true"
"アトリ_tatr01_l_d4_p2_f5.png","アトリ_tatr01_d4_p2_f5","アトリ","tatr01","l","d4","p2","f5","1250","2963","fbe01745a1048e51c0b06e680fcb804ad67fc22e028ef0262c02c61816380eee","270","2963","1250","rotated_bottom_left_pixels","2056","321","626","inherited","[""アトリ_tatr01_l_d4_p2_f4.png"", 270.0]","true"
"アトリ_tatr01_l_d4_p2_f6.png","アトリ_tatr01_d4_p2_f6","アトリ","tatr01","l","d4","p2","f6","1250","2963","2bf25696c4c12b7be6d7f1c618e97f1e3d6ee3ea66fbfa2127e2401e3f36e2aa","270","2963","1250","rotated_bottom_left_pixels","2056","321","626","inherited","[""アトリ_tatr01_l_d4_p2_f5.png"", 270.0]","true"
"アトリ_tatr01_l_d4_p2_f7.png","アトリ_tatr01_d4_p2_f7","アトリ","tatr01","l","d4","p2","f7","1250","2963","a6e029b580eb97675cf169cb9ee1f723e77965ecaaa474d655602abb919a6076","270","2963","1250","rotated_bottom_left_pixels","2056","321","626","inherited","[""アトリ_tatr01_l_d4_p2_f6.png"", 270.0]","true"
"アトリ_tatr01_l_d4_p2_f8.png","アトリ_tatr01_d4_p2_f8","アトリ","tatr01","l","d4","p2","f8","1250","2963","fff1751c1caec393b5f77979ac5eaf20f054abade9811695fa6779c249f5c5fd","270","2963","1250","rotated_bottom_left_pixels","2056","321","626","inherited","[""アトリ_tatr01_l_d4_p2_f7.png"", 270.0]","true"
"アトリ_tatr01_l_d4_p2_f9.png","アトリ_tatr01_d4_p2_f9","アトリ","tatr01","l","d4","p2","f9","1250","2963","0a9c32cbdbc4b0f3bd03068d9a1788782fbccc190ff643cf7f625fb5ebc1335b","270","2963","1250","rotated_bottom_left_pixels","2056","321","626","inherited","[""アトリ_tatr01_l_d4_p2_f8.png"", 270.0]","true"
"アトリ_tatr01_l_d4_p2_fa.png","アトリ_tatr01_d4_p2_fa","アトリ","tatr01","l","d4","p2","fa","1250","2963","c015029cf8947e69c9052bd972b0401d3a14b985aa29c8061882a0a756995d1c","270","2963","1250","rotated_bottom_left_pixels","2056","321","626","inherited","[""アトリ_tatr01_l_d4_p2_f9.png"", 270.0]","true"
"アトリ_tatr01_l_d4_p2_fb.png","アトリ_tatr01_d4_p2_fb","アトリ","tatr01","l","d4","p2","fb","1250","2963","4cbf178362f61ac6f75219bf2e239f2ab53d0dd64d5b8c624dfb0fd07fcee00f","270","2963","1250","rotated_bottom_left_pixels","2056","321","626","inherited","[""アトリ_tatr01_l_d4_p2_fa.png"", 270.0]","true"
"アトリ_tatr01_l_d4_p2_fc.png","アトリ_tatr01_d4_p2_fc","アトリ","tatr01","l","d4","p2","fc","1250","2963","e5b66a281b8b18960323cb1b4a3b4fedb3a3147bb4b236c57f1d9a57c1f2375b","270","2963","1250","rotated_bottom_left_pixels","2056","321","626","inherited","[""アトリ_tatr01_l_d4_p2_fb.png"", 270.0]","true"
"アトリ_tatr01_l_d4_p2_fd.png","アトリ_tatr01_d4_p2_fd","アトリ","tatr01","l","d4","p2","fd","1250","2963","91e146b477392708da335c3b07589605db817270b412c2e41ae920e947138bb9","270","2963","1250","rotated_bottom_left_pixels","2056","321","626","inherited","[""アトリ_tatr01_l_d4_p2_fc.png"", 270.0]","true"
"アトリ_tatr01_l_d4_p2_fe.png","アトリ_tatr01_d4_p2_fe","アトリ","tatr01","l","d4","p2","fe","1250","2963","992e61dedcca2b1bf765f5128998d332a30394f4515a7cbb70ba6a02d3853ed9","270","2963","1250","rotated_bottom_left_pixels","2056","321","626","inherited","[""アトリ_tatr01_l_d4_p2_fd.png"", 270.0]","true"
"アトリ_tatr01_l_d4_p2_ff.png","アトリ_tatr01_d4_p2_ff","アトリ","tatr01","l","d4","p2","ff","1250","2989","dc6abf389ac3b2cdaeff5bc277837c48fa5116185f5ca6315451927e09577629","270","2989","1250","rotated_bottom_left_pixels","2056","321","626","inherited","[""アトリ_tatr01_l_d4_p2_fe.png"", 270.0]","true"
"アトリ_tatr01_l_d4_p2_fg.png","アトリ_tatr01_d4_p2_fg","アトリ","tatr01","l","d4","p2","fg","1250","2963","37ffca8f4ce0077cacbbf82c07b1cb97fdef7c1edc7ab51aeeb1a995856a396a","270","2963","1250","rotated_bottom_left_pixels","2056","321","626","inherited","[""アトリ_tatr01_l_d4_p2_ff.png"", 270.0]","true"
"アトリ_tatr01_l_d4_p2_fh.png","アトリ_tatr01_d4_p2_fh","アトリ","tatr01","l","d4","p2","fh","1250","2989","27005fd63820541a92e8125ec28d15e4516c7946756288fac20bbacddfbdb7b5","270","2989","1250","rotated_bottom_left_pixels","2056","321","626","inherited","[""アトリ_tatr01_l_d4_p2_fg.png"", 270.0]","true"
"アトリ_tatr01_l_d4_p2_fi.png","アトリ_tatr01_d4_p2_fi","アトリ","tatr01","l","d4","p2","fi","1250","2963","c2f0f0a5cd7d9d2df82a07187f7fed98ba76c1704782a591738da1da9e9030e2","270","2963","1250","rotated_bottom_left_pixels","2056","321","626","inherited","[""アトリ_tatr01_l_d4_p2_fh.png"", 270.0]","true"
"アトリ_tatr01_l_d4_p2_fj.png","アトリ_tatr01_d4_p2_fj","アトリ","tatr01","l","d4","p2","fj","1250","2963","0f80146d3017768a4b2d6e1d59814de03b7a0a7f356a26a095062cc6caaa1c77","270","2963","1250","rotated_bottom_left_pixels","2056","321","626","inherited","[""アトリ_tatr01_l_d4_p2_fi.png"", 270.0]","true"
"アトリ_tatr01_l_d4_p2_fk.png","アトリ_tatr01_d4_p2_fk","アトリ","tatr01","l","d4","p2","fk","1250","2963","e2a09ff0e966bc1d180a557096d4a91bfe3611a20dea1ba4b2a9b04d99781190","270","2963","1250","rotated_bottom_left_pixels","2056","321","626","inherited","[""アトリ_tatr01_l_d4_p2_fj.png"", 270.0]","true"
"アトリ_tatr01_l_d4_p2_fl.png","アトリ_tatr01_d4_p2_fl","アトリ","tatr01","l","d4","p2","fl","1250","2963","09268ed2d18431ba973805d3c22e0be76e05bf10e0feb0d28579eaa44540ed03","270","2963","1250","rotated_bottom_left_pixels","2056","321","626","inherited","[""アトリ_tatr01_l_d4_p2_fk.png"", 270.0]","true"
"アトリ_tatr02_l_d1_p3_f1.png","アトリ_tatr02_d1_p3_f1","アトリ","tatr02","l","d1","p3","f1","2129","2578","c17755e0aeec3e224fb7417df3995a18255813f155a69541de8a925906546471","270","2578","2129","rotated_bottom_left_pixels","1900","574","626","rotated_reference","[""アトリ_tatr02_l_d1_p3_f1.png"", 0.0]","true"
"アトリ_tatr02_l_d1_p3_f2.png","アトリ_tatr02_d1_p3_f2","アトリ","tatr02","l","d1","p3","f2","2129","2578","582c5b128ce4a78247a7da0b9acf58f9b3a06843b88fdadca75679086f30bbf5","270","2578","2129","rotated_bottom_left_pixels","1900","574","626","inherited","[""アトリ_tatr02_l_d1_p3_f1.png"", 270.0]","true"
"アトリ_tatr02_l_d1_p3_f3.png","アトリ_tatr02_d1_p3_f3","アトリ","tatr02","l","d1","p3","f3","2129","2578","02ffe36e2f97a13b034525f5e9617550827308f706eddd8e65d99bfd8c25fcea","270","2578","2129","rotated_bottom_left_pixels","1900","574","626","inherited","[""アトリ_tatr02_l_d1_p3_f2.png"", 270.0]","true"
"アトリ_tatr02_l_d1_p3_f4.png","アトリ_tatr02_d1_p3_f4","アトリ","tatr02","l","d1","p3","f4","2129","2578","0aefa0fd37f66fb11fd06644cbe85a11fc0a34f0bcdadfcdad6886c72629e10b","270","2578","2129","rotated_bottom_left_pixels","1900","574","626","inherited","[""アトリ_tatr02_l_d1_p3_f3.png"", 270.0]","true"
"アトリ_tatr02_l_d1_p3_f5.png","アトリ_tatr02_d1_p3_f5","アトリ","tatr02","l","d1","p3","f5","2129","2578","5c7a4be623bbbc97f9941978f21cbe1be26dcd5bd2d58d2337848a6ff89187d4","270","2578","2129","rotated_bottom_left_pixels","1900","574","626","inherited","[""アトリ_tatr02_l_d1_p3_f4.png"", 270.0]","true"
"アトリ_tatr02_l_d1_p3_f6.png","アトリ_tatr02_d1_p3_f6","アトリ","tatr02","l","d1","p3","f6","2129","2578","677e29beb12cba240561a3d41051fc4efdb18467223c39b2af37157915aa8433","270","2578","2129","rotated_bottom_left_pixels","1900","574","626","inherited","[""アトリ_tatr02_l_d1_p3_f5.png"", 270.0]","true"
"アトリ_tatr02_l_d1_p3_f7.png","アトリ_tatr02_d1_p3_f7","アトリ","tatr02","l","d1","p3","f7","2129","2578","ad32773aa9930e56812fe5a5280b2bb31f6357dde1c2912062b0c764ad70a87e","270","2578","2129","rotated_bottom_left_pixels","1900","574","626","inherited","[""アトリ_tatr02_l_d1_p3_f6.png"", 270.0]","true"
"アトリ_tatr02_l_d1_p3_f8.png","アトリ_tatr02_d1_p3_f8","アトリ","tatr02","l","d1","p3","f8","2129","2578","ac7f369f1aafa8a0b52121bca43d55bb08844bde4b55287bc80f5751cfb6e268","270","2578","2129","rotated_bottom_left_pixels","1900","574","626","inherited","[""アトリ_tatr02_l_d1_p3_f7.png"", 270.0]","true"
"アトリ_tatr02_l_d1_p3_f9.png","アトリ_tatr02_d1_p3_f9","アトリ","tatr02","l","d1","p3","f9","2129","2578","58ec2b1b302ddf3e81979fcb02c420a349a6563ff4f4bc21caf97af17a303699","270","2578","2129","rotated_bottom_left_pixels","1900","574","626","inherited","[""アトリ_tatr02_l_d1_p3_f8.png"", 270.0]","true"
"アトリ_tatr02_l_d1_p3_fa.png","アトリ_tatr02_d1_p3_fa","アトリ","tatr02","l","d1","p3","fa","2129","2578","d5906cfba331bc8e32845ef70b34eba6d49bcecd0ac398fe6ee8204cb2931863","270","2578","2129","rotated_bottom_left_pixels","1900","574","626","inherited","[""アトリ_tatr02_l_d1_p3_f9.png"", 270.0]","true"
"アトリ_tatr02_l_d1_p3_fb.png","アトリ_tatr02_d1_p3_fb","アトリ","tatr02","l","d1","p3","fb","2129","2578","472aaa8ecd58382e749ba78e1ab8b24a48f59745b5719d66305609e6ced73e80","270","2578","2129","rotated_bottom_left_pixels","1900","574","626","inherited","[""アトリ_tatr02_l_d1_p3_fa.png"", 270.0]","true"
"アトリ_tatr02_l_d1_p3_fc.png","アトリ_tatr02_d1_p3_fc","アトリ","tatr02","l","d1","p3","fc","2129","2578","c100c084b46319d973dd3f1e461ef4e0977cc5e0fc8c79182d73822b47c12d80","270","2578","2129","rotated_bottom_left_pixels","1900","574","626","inherited","[""アトリ_tatr02_l_d1_p3_fb.png"", 270.0]","true"
"アトリ_tatr02_l_d1_p3_fd.png","アトリ_tatr02_d1_p3_fd","アトリ","tatr02","l","d1","p3","fd","2129","2578","f786af13587f1c6f454de0d2caf50970cbe220df3548e2e024c86f1f628d5987","270","2578","2129","rotated_bottom_left_pixels","1900","574","626","inherited","[""アトリ_tatr02_l_d1_p3_fc.png"", 270.0]","true"
"アトリ_tatr02_l_d1_p3_fe.png","アトリ_tatr02_d1_p3_fe","アトリ","tatr02","l","d1","p3","fe","2129","2578","4a8113b4875d7d67febeb1038ae9bd233cbe9156a2139f7edb362ea81db93671","270","2578","2129","rotated_bottom_left_pixels","1900","574","626","inherited","[""アトリ_tatr02_l_d1_p3_fd.png"", 270.0]","true"
"アトリ_tatr02_l_d1_p3_ff.png","アトリ_tatr02_d1_p3_ff","アトリ","tatr02","l","d1","p3","ff","2129","2578","4215112d7b1b3ddc6081febcfd053a5cdcdc0e43f549e76ae656643d5c8f6fc8","270","2578","2129","rotated_bottom_left_pixels","1900","574","626","inherited","[""アトリ_tatr02_l_d1_p3_fe.png"", 270.0]","true"
"アトリ_tatr02_l_d1_p3_fg.png","アトリ_tatr02_d1_p3_fg","アトリ","tatr02","l","d1","p3","fg","2129","2578","01e102546fa9369d3431fc1fcf7b46cebf96d803a9fc2a6a6e39fa8cc7c1b77a","270","2578","2129","rotated_bottom_left_pixels","1900","574","626","inherited","[""アトリ_tatr02_l_d1_p3_ff.png"", 270.0]","true"
"アトリ_tatr02_l_d1_p3_fh.png","アトリ_tatr02_d1_p3_fh","アトリ","tatr02","l","d1","p3","fh","2129","2578","03d3e58fd49fb59cabd222751b732e5b002d7a8969f6b0b23bcf944d300143a2","270","2578","2129","rotated_bottom_left_pixels","1900","574","626","inherited","[""アトリ_tatr02_l_d1_p3_fg.png"", 270.0]","true"
"アトリ_tatr02_l_d1_p3_fi.png","アトリ_tatr02_d1_p3_fi","アトリ","tatr02","l","d1","p3","fi","2129","2578","d8bda5791595a48dedbcbf1634fb6ae27bd9002894d8f410b22985451988b0c5","270","2578","2129","rotated_bottom_left_pixels","1900","574","626","inherited","[""アトリ_tatr02_l_d1_p3_fh.png"", 270.0]","true"
"アトリ_tatr02_l_d1_p3_fj.png","アトリ_tatr02_d1_p3_fj","アトリ","tatr02","l","d1","p3","fj","2129","2578","d6eeaf97b956ba3823e4d94c61759bc7d3c1f0b3d51cee41762d3b2e35023da5","270","2578","2129","rotated_bottom_left_pixels","1900","574","626","inherited","[""アトリ_tatr02_l_d1_p3_fi.png"", 270.0]","true"
"アトリ_tatr02_l_d1_p3_fk.png","アトリ_tatr02_d1_p3_fk","アトリ","tatr02","l","d1","p3","fk","2129","2578","aa29135a4ded423ac4985c036614332cf45486e8ac0008f2865f8b0cbebfbb6a","270","2578","2129","rotated_bottom_left_pixels","1900","574","626","inherited","[""アトリ_tatr02_l_d1_p3_fj.png"", 270.0]","true"
"アトリ_tatr02_l_d1_p3_fl.png","アトリ_tatr02_d1_p3_fl","アトリ","tatr02","l","d1","p3","fl","2129","2578","ed7d13379f1755f31477211c5fedad0213bfc3bff6b6d51f7e7460a2f4bcbc8d","270","2578","2129","rotated_bottom_left_pixels","1900","574","626","inherited","[""アトリ_tatr02_l_d1_p3_fk.png"", 270.0]","true"
"アトリ_tatr02_l_d2_p3_f1.png","アトリ_tatr02_d2_p3_f1","アトリ","tatr02","l","d2","p3","f1","2129","2578","b1ac704dd241eb5cd53beb4b13ec49504a9edce8ad1195277ad8edf78bf43b04","270","2578","2129","rotated_bottom_left_pixels","1900","574","626","inherited","[""アトリ_tatr02_l_d1_p3_fl.png"", 270.0]","true"
"アトリ_tatr02_l_d2_p3_f2.png","アトリ_tatr02_d2_p3_f2","アトリ","tatr02","l","d2","p3","f2","2129","2578","c77bc9bfe4cdbe00e57ec2821727b9bdac15923516203ee061b34f3483e26c4d","270","2578","2129","rotated_bottom_left_pixels","1900","574","626","inherited","[""アトリ_tatr02_l_d2_p3_f1.png"", 270.0]","true"
"アトリ_tatr02_l_d2_p3_f3.png","アトリ_tatr02_d2_p3_f3","アトリ","tatr02","l","d2","p3","f3","2129","2578","65dbd477594c460089de9704597a92c3e0d801391b8e96c8d4867094b5e28c14","270","2578","2129","rotated_bottom_left_pixels","1900","574","626","inherited","[""アトリ_tatr02_l_d2_p3_f2.png"", 270.0]","true"
"アトリ_tatr02_l_d2_p3_f4.png","アトリ_tatr02_d2_p3_f4","アトリ","tatr02","l","d2","p3","f4","2129","2578","0d006e0b6f9255f52538f22da553ed21992a6d2e54cd1da3401915ffec66a3a8","270","2578","2129","rotated_bottom_left_pixels","1900","574","626","inherited","[""アトリ_tatr02_l_d2_p3_f3.png"", 270.0]","true"
"アトリ_tatr02_l_d2_p3_f5.png","アトリ_tatr02_d2_p3_f5","アトリ","tatr02","l","d2","p3","f5","2129","2578","ffd01ca46a2acc8ba612e352f2153385930c161d9209a845ec262cbd4534e9e9","270","2578","2129","rotated_bottom_left_pixels","1900","574","626","inherited","[""アトリ_tatr02_l_d2_p3_f4.png"", 270.0]","true"
"アトリ_tatr02_l_d2_p3_f6.png","アトリ_tatr02_d2_p3_f6","アトリ","tatr02","l","d2","p3","f6","2129","2578","2dfa38e8ee1540f3bd45ff07ae3903632f64ce67b4e01b209924b85290f0d1b0","270","2578","2129","rotated_bottom_left_pixels","1900","574","626","inherited","[""アトリ_tatr02_l_d2_p3_f5.png"", 270.0]","true"
"アトリ_tatr02_l_d2_p3_f7.png","アトリ_tatr02_d2_p3_f7","アトリ","tatr02","l","d2","p3","f7","2129","2578","98354498f12037c75dd752c0ccdc49b695ab9ae93e9b9405adef512769f77e90","270","2578","2129","rotated_bottom_left_pixels","1900","574","626","inherited","[""アトリ_tatr02_l_d2_p3_f6.png"", 270.0]","true"
"アトリ_tatr02_l_d2_p3_f8.png","アトリ_tatr02_d2_p3_f8","アトリ","tatr02","l","d2","p3","f8","2129","2578","6e63677a2e8166477204d3b4ee563c6585fc3a5b0d38bdfb523821876ba26530","270","2578","2129","rotated_bottom_left_pixels","1900","574","626","inherited","[""アトリ_tatr02_l_d2_p3_f7.png"", 270.0]","true"
"アトリ_tatr02_l_d2_p3_f9.png","アトリ_tatr02_d2_p3_f9","アトリ","tatr02","l","d2","p3","f9","2129","2578","e3daba8e644cffa7abc9daa56e647c621e5f1d77d1945fafc52ef94f90e6bf6f","270","2578","2129","rotated_bottom_left_pixels","1900","574","626","inherited","[""アトリ_tatr02_l_d2_p3_f8.png"", 270.0]","true"
"アトリ_tatr02_l_d2_p3_fa.png","アトリ_tatr02_d2_p3_fa","アトリ","tatr02","l","d2","p3","fa","2129","2578","fb529c00820e31ef1fbc8dad4819c63ea3f9242c6e031c3647c1d519af861797","270","2578","2129","rotated_bottom_left_pixels","1900","574","626","inherited","[""アトリ_tatr02_l_d2_p3_f9.png"", 270.0]","true"
"アトリ_tatr02_l_d2_p3_fb.png","アトリ_tatr02_d2_p3_fb","アトリ","tatr02","l","d2","p3","fb","2129","2578","13616145df978ad9ff2966967a309fc2773313fcea10ac20b0b646c556f28418","270","2578","2129","rotated_bottom_left_pixels","1900","574","626","inherited","[""アトリ_tatr02_l_d2_p3_fa.png"", 270.0]","true"
"アトリ_tatr02_l_d2_p3_fc.png","アトリ_tatr02_d2_p3_fc","アトリ","tatr02","l","d2","p3","fc","2129","2578","d72be07f4464bfff6c8f684f660e6caa031de97d3fd346c46aaa5d09039f28d8","270","2578","2129","rotated_bottom_left_pixels","1900","574","626","inherited","[""アトリ_tatr02_l_d2_p3_fb.png"", 270.0]","true"
"アトリ_tatr02_l_d2_p3_fd.png","アトリ_tatr02_d2_p3_fd","アトリ","tatr02","l","d2","p3","fd","2129","2578","2343b35ba9ab80aa602a64a53ce82729faeff12372028ebd5356b2bb467aae38","270","2578","2129","rotated_bottom_left_pixels","1900","574","626","inherited","[""アトリ_tatr02_l_d2_p3_fc.png"", 270.0]","true"
"アトリ_tatr02_l_d2_p3_fe.png","アトリ_tatr02_d2_p3_fe","アトリ","tatr02","l","d2","p3","fe","2129","2578","e578811a6d167f5c6d014af1ce78d6dace275ba4d0d1067c3ac80e03fe508292","270","2578","2129","rotated_bottom_left_pixels","1900","574","626","inherited","[""アトリ_tatr02_l_d2_p3_fd.png"", 270.0]","true"
"アトリ_tatr02_l_d2_p3_ff.png","アトリ_tatr02_d2_p3_ff","アトリ","tatr02","l","d2","p3","ff","2129","2578","59363bcbd4e46e85df43c3b94ee6320c0e4a9dc93450287c4543989bf7abd82b","270","2578","2129","rotated_bottom_left_pixels","1900","574","626","inherited","[""アトリ_tatr02_l_d2_p3_fe.png"", 270.0]","true"
"アトリ_tatr02_l_d2_p3_fg.png","アトリ_tatr02_d2_p3_fg","アトリ","tatr02","l","d2","p3","fg","2129","2578","ad6f5eb992afdcc6ef0e959e6ff6373309067bd3f4968f18e9c371f2fdc5321c","270","2578","2129","rotated_bottom_left_pixels","1900","574","626","inherited","[""アトリ_tatr02_l_d2_p3_ff.png"", 270.0]","true"
"アトリ_tatr02_l_d2_p3_fh.png","アトリ_tatr02_d2_p3_fh","アトリ","tatr02","l","d2","p3","fh","2129","2578","3dc96c5c59f9009d552f9083c95e7c84b6929d6628e2f42d8b8dfb8e67d88929","270","2578","2129","rotated_bottom_left_pixels","1900","574","626","inherited","[""アトリ_tatr02_l_d2_p3_fg.png"", 270.0]","true"
"アトリ_tatr02_l_d2_p3_fi.png","アトリ_tatr02_d2_p3_fi","アトリ","tatr02","l","d2","p3","fi","2129","2578","796e32f9d05a5647693d68a5c849498c8eabc24ca92e055d087067068c43519e","270","2578","2129","rotated_bottom_left_pixels","1900","574","626","inherited","[""アトリ_tatr02_l_d2_p3_fh.png"", 270.0]","true"
"アトリ_tatr02_l_d2_p3_fj.png","アトリ_tatr02_d2_p3_fj","アトリ","tatr02","l","d2","p3","fj","2129","2578","b66754a74fca2f3f4c5fe89d2ffc25977c57920c7f4be2a8704ba7acb0c828d5","270","2578","2129","rotated_bottom_left_pixels","1900","574","626","inherited","[""アトリ_tatr02_l_d2_p3_fi.png"", 270.0]","true"
"アトリ_tatr02_l_d2_p3_fk.png","アトリ_tatr02_d2_p3_fk","アトリ","tatr02","l","d2","p3","fk","2129","2578","12e94cf2eb7533371d6bcf0491c3a4e55e6c6468f5e4f827a567b7391e5173a6","270","2578","2129","rotated_bottom_left_pixels","1900","574","626","inherited","[""アトリ_tatr02_l_d2_p3_fj.png"", 270.0]","true"
"アトリ_tatr02_l_d2_p3_fl.png","アトリ_tatr02_d2_p3_fl","アトリ","tatr02","l","d2","p3","fl","2129","2578","15011ec8bb6af900dc8ecbd7c388f740508e4cfc9df97ae1be75f5ade19a0f4a","270","2578","2129","rotated_bottom_left_pixels","1900","574","626","inherited","[""アトリ_tatr02_l_d2_p3_fk.png"", 270.0]","true"
"アトリ_tatr02_l_d3_p3_f1.png","アトリ_tatr02_d3_p3_f1","アトリ","tatr02","l","d3","p3","f1","2129","2578","f6c68e366b565aec072d09c568440fb9d54d4cc96f1d8d565851b468e7a62060","270","2578","2129","rotated_bottom_left_pixels","1900","574","626","inherited","[""アトリ_tatr02_l_d2_p3_fl.png"", 270.0]","true"
"アトリ_tatr02_l_d3_p3_f2.png","アトリ_tatr02_d3_p3_f2","アトリ","tatr02","l","d3","p3","f2","2129","2578","d9fdc11bf6c9f727b19cee2536a26696c5acaf88a17c0e0198f4e8bc9a56898c","270","2578","2129","rotated_bottom_left_pixels","1900","574","626","inherited","[""アトリ_tatr02_l_d3_p3_f1.png"", 270.0]","true"
"アトリ_tatr02_l_d3_p3_f3.png","アトリ_tatr02_d3_p3_f3","アトリ","tatr02","l","d3","p3","f3","2129","2578","bc32c48e315b973f9ef5706f4e6ad1f92d5da459f671d54ecf0e7c6c61fba379","270","2578","2129","rotated_bottom_left_pixels","1900","574","626","inherited","[""アトリ_tatr02_l_d3_p3_f2.png"", 270.0]","true"
"アトリ_tatr02_l_d3_p3_f4.png","アトリ_tatr02_d3_p3_f4","アトリ","tatr02","l","d3","p3","f4","2129","2578","ad748d8c12fb5e55b741987cda75ad0d37a3631dc6772f57b6c734b429356315","270","2578","2129","rotated_bottom_left_pixels","1900","574","626","inherited","[""アトリ_tatr02_l_d3_p3_f3.png"", 270.0]","true"
"アトリ_tatr02_l_d3_p3_f5.png","アトリ_tatr02_d3_p3_f5","アトリ","tatr02","l","d3","p3","f5","2129","2578","1e35faf2c7bb3bc541a01171d5dddc955c1d0b7afa2209175092b47a9761bf2a","270","2578","2129","rotated_bottom_left_pixels","1900","574","626","inherited","[""アトリ_tatr02_l_d3_p3_f4.png"", 270.0]","true"
"アトリ_tatr02_l_d3_p3_f6.png","アトリ_tatr02_d3_p3_f6","アトリ","tatr02","l","d3","p3","f6","2129","2578","cd52390da23d61882af0e8e6d04e65c4ceeb09553d85d86caa178d45f9bf59be","270","2578","2129","rotated_bottom_left_pixels","1900","574","626","inherited","[""アトリ_tatr02_l_d3_p3_f5.png"", 270.0]","true"
"アトリ_tatr02_l_d3_p3_f7.png","アトリ_tatr02_d3_p3_f7","アトリ","tatr02","l","d3","p3","f7","2129","2578","bb2833a7b282b8e39c099a2368396a0fd4d52c596a4eda4418d2d027b4ebcbca","270","2578","2129","rotated_bottom_left_pixels","1900","574","626","inherited","[""アトリ_tatr02_l_d3_p3_f6.png"", 270.0]","true"
"アトリ_tatr02_l_d3_p3_f8.png","アトリ_tatr02_d3_p3_f8","アトリ","tatr02","l","d3","p3","f8","2129","2578","ffdc6f4103308893c07e5efe02ae25c994495dc017d3fa24fe021181043345ad","270","2578","2129","rotated_bottom_left_pixels","1900","574","626","inherited","[""アトリ_tatr02_l_d3_p3_f7.png"", 270.0]","true"
"アトリ_tatr02_l_d3_p3_f9.png","アトリ_tatr02_d3_p3_f9","アトリ","tatr02","l","d3","p3","f9","2129","2578","ba85da30bcbd114f81ec512db251e0a04a2caee23b19ef3ee698ba2ffa7a7c1f","270","2578","2129","rotated_bottom_left_pixels","1900","574","626","inherited","[""アトリ_tatr02_l_d3_p3_f8.png"", 270.0]","true"
"アトリ_tatr02_l_d3_p3_fa.png","アトリ_tatr02_d3_p3_fa","アトリ","tatr02","l","d3","p3","fa","2129","2578","810dd2321f8a81621da41e940fa4f9e50f15276d1410aa1fe6b699f99d392e15","270","2578","2129","rotated_bottom_left_pixels","1900","574","626","inherited","[""アトリ_tatr02_l_d3_p3_f9.png"", 270.0]","true"
"アトリ_tatr02_l_d3_p3_fb.png","アトリ_tatr02_d3_p3_fb","アトリ","tatr02","l","d3","p3","fb","2129","2578","5eaade63dd5f09175400b9e069db7c7f1d2a018fadfa33326c6ae14e78e4c6e7","270","2578","2129","rotated_bottom_left_pixels","1900","574","626","inherited","[""アトリ_tatr02_l_d3_p3_fa.png"", 270.0]","true"
"アトリ_tatr02_l_d3_p3_fc.png","アトリ_tatr02_d3_p3_fc","アトリ","tatr02","l","d3","p3","fc","2129","2578","70d26caf430f6551dee492f64116c4619b0990ba0c480d0ab422694277c16ba0","270","2578","2129","rotated_bottom_left_pixels","1900","574","626","inherited","[""アトリ_tatr02_l_d3_p3_fb.png"", 270.0]","true"
"アトリ_tatr02_l_d3_p3_fd.png","アトリ_tatr02_d3_p3_fd","アトリ","tatr02","l","d3","p3","fd","2129","2578","0dc241f3806473dce876009e1af2ef38700b3d866df0a5dd99d5c1369b0a09b9","270","2578","2129","rotated_bottom_left_pixels","1900","574","626","inherited","[""アトリ_tatr02_l_d3_p3_fc.png"", 270.0]","true"
"アトリ_tatr02_l_d3_p3_fe.png","アトリ_tatr02_d3_p3_fe","アトリ","tatr02","l","d3","p3","fe","2129","2578","185b6472809cff1ae108019b064f7e5d5a4e8bab126b2e4520dd78db77b87380","270","2578","2129","rotated_bottom_left_pixels","1900","574","626","inherited","[""アトリ_tatr02_l_d3_p3_fd.png"", 270.0]","true"
"アトリ_tatr02_l_d3_p3_ff.png","アトリ_tatr02_d3_p3_ff","アトリ","tatr02","l","d3","p3","ff","2129","2578","48ea6a5ca28f3b74bd9003074624f39108ead20aed913959f1a7daaef48185b0","270","2578","2129","rotated_bottom_left_pixels","1900","574","626","inherited","[""アトリ_tatr02_l_d3_p3_fe.png"", 270.0]","true"
"アトリ_tatr02_l_d3_p3_fg.png","アトリ_tatr02_d3_p3_fg","アトリ","tatr02","l","d3","p3","fg","2129","2578","53066bbe85fdf6839c37899c3c0846c83268710399e3bb17be3465b206c8656c","270","2578","2129","rotated_bottom_left_pixels","1900","574","626","inherited","[""アトリ_tatr02_l_d3_p3_ff.png"", 270.0]","true"
"アトリ_tatr02_l_d3_p3_fh.png","アトリ_tatr02_d3_p3_fh","アトリ","tatr02","l","d3","p3","fh","2129","2578","a997a072d67ea7ebdd10cb1954d9d433420832022bd4123948b2e6d1c659743d","270","2578","2129","rotated_bottom_left_pixels","1900","574","626","inherited","[""アトリ_tatr02_l_d3_p3_fg.png"", 270.0]","true"
"アトリ_tatr02_l_d3_p3_fi.png","アトリ_tatr02_d3_p3_fi","アトリ","tatr02","l","d3","p3","fi","2129","2578","4934bb1b4273dc590f39bb7860112f8ace135cef264d1b18744161935502ac7b","270","2578","2129","rotated_bottom_left_pixels","1900","574","626","inherited","[""アトリ_tatr02_l_d3_p3_fh.png"", 270.0]","true"
"アトリ_tatr02_l_d3_p3_fj.png","アトリ_tatr02_d3_p3_fj","アトリ","tatr02","l","d3","p3","fj","2129","2578","9a28914ad786d2ec7f230cff4bfb9402ec6d5f9500277603dc9e67e6a78c3807","270","2578","2129","rotated_bottom_left_pixels","1900","574","626","inherited","[""アトリ_tatr02_l_d3_p3_fi.png"", 270.0]","true"
"アトリ_tatr02_l_d3_p3_fk.png","アトリ_tatr02_d3_p3_fk","アトリ","tatr02","l","d3","p3","fk","2129","2578","f155733e03472096c1d2f58dc6728ee41d64ce7cd7b5d6c2cf0520c6489d3db7","270","2578","2129","rotated_bottom_left_pixels","1900","574","626","inherited","[""アトリ_tatr02_l_d3_p3_fj.png"", 270.0]","true"
"アトリ_tatr02_l_d3_p3_fl.png","アトリ_tatr02_d3_p3_fl","アトリ","tatr02","l","d3","p3","fl","2129","2578","5e9ff4d83567b6a6ae53c7c8631339d3ec6d78cdcb7d59542d83e312da167273","270","2578","2129","rotated_bottom_left_pixels","1900","574","626","inherited","[""アトリ_tatr02_l_d3_p3_fk.png"", 270.0]","true"
"アトリ_tatr02_l_d4_p3_f1.png","アトリ_tatr02_d4_p3_f1","アトリ","tatr02","l","d4","p3","f1","2129","2578","fd127356e092abf83eaef18b08d250181466e2c252c78cc64f25301b7cecf9cc","270","2578","2129","rotated_bottom_left_pixels","1900","574","626","inherited","[""アトリ_tatr02_l_d3_p3_fl.png"", 270.0]","true"
"アトリ_tatr02_l_d4_p3_f2.png","アトリ_tatr02_d4_p3_f2","アトリ","tatr02","l","d4","p3","f2","2129","2578","67544938dd6dae24e943a8acd4a80199f551f7d7d854a84d3dcfd293f1c8de07","270","2578","2129","rotated_bottom_left_pixels","1900","574","626","inherited","[""アトリ_tatr02_l_d4_p3_f1.png"", 270.0]","true"
"アトリ_tatr02_l_d4_p3_f3.png","アトリ_tatr02_d4_p3_f3","アトリ","tatr02","l","d4","p3","f3","2129","2578","340a0ce83f192ce4fd66caf00356421df8289b4c5f12ec665f8707f3ff769922","270","2578","2129","rotated_bottom_left_pixels","1900","574","626","inherited","[""アトリ_tatr02_l_d4_p3_f2.png"", 270.0]","true"
"アトリ_tatr02_l_d4_p3_f4.png","アトリ_tatr02_d4_p3_f4","アトリ","tatr02","l","d4","p3","f4","2129","2578","3b01477534d10e3b4540ca7fef8306b4586d76ebe9e56b62cbef58ca8f596950","270","2578","2129","rotated_bottom_left_pixels","1900","574","626","inherited","[""アトリ_tatr02_l_d4_p3_f3.png"", 270.0]","true"
"アトリ_tatr02_l_d4_p3_f5.png","アトリ_tatr02_d4_p3_f5","アトリ","tatr02","l","d4","p3","f5","2129","2578","5be953963f829ea3612a5419498afc80d9df43f41d171fb03bc3e42643a694f6","270","2578","2129","rotated_bottom_left_pixels","1900","574","626","inherited","[""アトリ_tatr02_l_d4_p3_f4.png"", 270.0]","true"
"アトリ_tatr02_l_d4_p3_f6.png","アトリ_tatr02_d4_p3_f6","アトリ","tatr02","l","d4","p3","f6","2129","2578","6f05e9533033c3770657bbf2576349eed0cc8b2782f0033e24bb81c6a90bd859","270","2578","2129","rotated_bottom_left_pixels","1900","574","626","inherited","[""アトリ_tatr02_l_d4_p3_f5.png"", 270.0]","true"
"アトリ_tatr02_l_d4_p3_f7.png","アトリ_tatr02_d4_p3_f7","アトリ","tatr02","l","d4","p3","f7","2129","2578","992e4b3144682e26002fd41748f3f5ca3daae6c68d3b73d83f370b8488a573bb","270","2578","2129","rotated_bottom_left_pixels","1900","574","626","inherited","[""アトリ_tatr02_l_d4_p3_f6.png"", 270.0]","true"
"アトリ_tatr02_l_d4_p3_f8.png","アトリ_tatr02_d4_p3_f8","アトリ","tatr02","l","d4","p3","f8","2129","2578","5a81ab16a363c450542d728bc08aa073f12d7ba3d3c8cf3f1c5329e9e9627860","270","2578","2129","rotated_bottom_left_pixels","1900","574","626","inherited","[""アトリ_tatr02_l_d4_p3_f7.png"", 270.0]","true"
"アトリ_tatr02_l_d4_p3_f9.png","アトリ_tatr02_d4_p3_f9","アトリ","tatr02","l","d4","p3","f9","2129","2578","8d4a72d4335106bd38eaafb59119351aa602ab956211c5ae0d24695fe9b2f0ac","270","2578","2129","rotated_bottom_left_pixels","1900","574","626","inherited","[""アトリ_tatr02_l_d4_p3_f8.png"", 270.0]","true"
"アトリ_tatr02_l_d4_p3_fa.png","アトリ_tatr02_d4_p3_fa","アトリ","tatr02","l","d4","p3","fa","2129","2578","8db55f269edeb47f955b08d50de973ce8554a61199f7006d9a43ff79c000c700","270","2578","2129","rotated_bottom_left_pixels","1900","574","626","inherited","[""アトリ_tatr02_l_d4_p3_f9.png"", 270.0]","true"
"アトリ_tatr02_l_d4_p3_fb.png","アトリ_tatr02_d4_p3_fb","アトリ","tatr02","l","d4","p3","fb","2129","2578","87b7fb7cb4a2b6719412403c287b88f1d15f4ddf6160d6a635e83ce0e1731704","270","2578","2129","rotated_bottom_left_pixels","1900","574","626","inherited","[""アトリ_tatr02_l_d4_p3_fa.png"", 270.0]","true"
"アトリ_tatr02_l_d4_p3_fc.png","アトリ_tatr02_d4_p3_fc","アトリ","tatr02","l","d4","p3","fc","2129","2578","b98fea3b9aa78f9462e14c6d9275694b7d183439d6373114771b4fe6477865df","270","2578","2129","rotated_bottom_left_pixels","1900","574","626","inherited","[""アトリ_tatr02_l_d4_p3_fb.png"", 270.0]","true"
"アトリ_tatr02_l_d4_p3_fd.png","アトリ_tatr02_d4_p3_fd","アトリ","tatr02","l","d4","p3","fd","2129","2578","3561dfea3a0b1f95855909f70ae12e8691014d98f79d00237a94b4592fb5a935","270","2578","2129","rotated_bottom_left_pixels","1900","574","626","inherited","[""アトリ_tatr02_l_d4_p3_fc.png"", 270.0]","true"
"アトリ_tatr02_l_d4_p3_fe.png","アトリ_tatr02_d4_p3_fe","アトリ","tatr02","l","d4","p3","fe","2129","2578","a607700c446358aaad7e7d521970ab0c8c838b46c822d0722e1061d0a5b817d8","270","2578","2129","rotated_bottom_left_pixels","1900","574","626","inherited","[""アトリ_tatr02_l_d4_p3_fd.png"", 270.0]","true"
"アトリ_tatr02_l_d4_p3_ff.png","アトリ_tatr02_d4_p3_ff","アトリ","tatr02","l","d4","p3","ff","2129","2578","1fb4b837dbf267ebc70e003e7164cc512f814fc7ea8b9a1c677c688b623de0ee","270","2578","2129","rotated_bottom_left_pixels","1900","574","626","inherited","[""アトリ_tatr02_l_d4_p3_fe.png"", 270.0]","true"
"アトリ_tatr02_l_d4_p3_fg.png","アトリ_tatr02_d4_p3_fg","アトリ","tatr02","l","d4","p3","fg","2129","2578","2f128531f5b5d97bab5ca3addd22ea163fa94cef2ba47165be7ea661a0345c08","270","2578","2129","rotated_bottom_left_pixels","1900","574","626","inherited","[""アトリ_tatr02_l_d4_p3_ff.png"", 270.0]","true"
"アトリ_tatr02_l_d4_p3_fh.png","アトリ_tatr02_d4_p3_fh","アトリ","tatr02","l","d4","p3","fh","2129","2578","d02a3c797b8555df0c59610713361744005421b1ddb3318018bb7ebdc872509b","270","2578","2129","rotated_bottom_left_pixels","1900","574","626","inherited","[""アトリ_tatr02_l_d4_p3_fg.png"", 270.0]","true"
"アトリ_tatr02_l_d4_p3_fi.png","アトリ_tatr02_d4_p3_fi","アトリ","tatr02","l","d4","p3","fi","2129","2578","7c22d2a69c6479d0c31a08499391d31c9264608e07b90689af448ddee272cc85","270","2578","2129","rotated_bottom_left_pixels","1900","574","626","inherited","[""アトリ_tatr02_l_d4_p3_fh.png"", 270.0]","true"
"アトリ_tatr02_l_d4_p3_fj.png","アトリ_tatr02_d4_p3_fj","アトリ","tatr02","l","d4","p3","fj","2129","2578","9c02ec58730068ab5182c961dc91ee7c063951260ce549abec2a53e82e992f5c","270","2578","2129","rotated_bottom_left_pixels","1900","574","626","inherited","[""アトリ_tatr02_l_d4_p3_fi.png"", 270.0]","true"
"アトリ_tatr02_l_d4_p3_fk.png","アトリ_tatr02_d4_p3_fk","アトリ","tatr02","l","d4","p3","fk","2129","2578","4f32e944ec0b99361ce995b536a73625555de6829ae131dd75bcb4d66e091f7a","270","2578","2129","rotated_bottom_left_pixels","1900","574","626","inherited","[""アトリ_tatr02_l_d4_p3_fj.png"", 270.0]","true"
"アトリ_tatr02_l_d4_p3_fl.png","アトリ_tatr02_d4_p3_fl","アトリ","tatr02","l","d4","p3","fl","2129","2578","fee145352aaeacd4f5dd4ef0b64e6691a1875a9ca98d26e9228fd2fcb826e2b7","270","2578","2129","rotated_bottom_left_pixels","1900","574","626","inherited","[""アトリ_tatr02_l_d4_p3_fk.png"", 270.0]","true"
"アトリ_tatr01_l_d1_p1_f1.png","アトリ_tatr01_d1_p1_f1","アトリ","tatr01","l","d1","p1","f1","1156","2740","52dbd99c3568c3e86fa10e4cc2396a89f54e59e7d8d612642c831c663c65fadc","315","2755","2755","rotated_bottom_left_pixels","1786","1728","626","manual_adjusted","[""アトリ_tatr01_l_d1_p1_f1.png"", 0.0]","true"
"アトリ_tatr01_l_d1_p1_f2.png","アトリ_tatr01_d1_p1_f2","アトリ","tatr01","l","d1","p1","f2","1156","2740","cf2f1b284a4d605d3a00e5420bed6b99d4ceb6efade4721f27fde7aebc69a08e","315","2755","2755","rotated_bottom_left_pixels","1786","1728","626","manual_adjusted","[""アトリ_tatr01_l_d1_p1_f1.png"", 315.0]","true"
"アトリ_tatr01_l_d1_p1_f3.png","アトリ_tatr01_d1_p1_f3","アトリ","tatr01","l","d1","p1","f3","1156","2740","3fc96b51c330b45478e8aa015506b3cb30e81714aaef146b905b135b6fb68aea","315","2755","2755","rotated_bottom_left_pixels","1786","1728","626","inherited","[""アトリ_tatr01_l_d1_p1_f2.png"", 315.0]","true"
"アトリ_tatr01_l_d1_p1_f4.png","アトリ_tatr01_d1_p1_f4","アトリ","tatr01","l","d1","p1","f4","1156","2740","e207d101ef2ea5a2fbb71aef97789bf77ef33c459b2b4aabccbe9f8f63985e8f","315","2755","2755","rotated_bottom_left_pixels","1786","1728","626","inherited","[""アトリ_tatr01_l_d1_p1_f3.png"", 315.0]","true"
"アトリ_tatr01_l_d1_p1_f5.png","アトリ_tatr01_d1_p1_f5","アトリ","tatr01","l","d1","p1","f5","1156","2740","538451b5208c45ce5a751ee44c91409ce4878fa445bfed71d4a8ede2823f89a7","315","2755","2755","rotated_bottom_left_pixels","1786","1728","626","inherited","[""アトリ_tatr01_l_d1_p1_f4.png"", 315.0]","true"
"アトリ_tatr01_l_d1_p1_f6.png","アトリ_tatr01_d1_p1_f6","アトリ","tatr01","l","d1","p1","f6","1156","2740","2eff7b03ff03d4bbe8e716a2cda75f793dc429d34e78e1d387423a5092903de3","315","2755","2755","rotated_bottom_left_pixels","1786","1728","626","inherited","[""アトリ_tatr01_l_d1_p1_f5.png"", 315.0]","true"
"アトリ_tatr01_l_d1_p1_f7.png","アトリ_tatr01_d1_p1_f7","アトリ","tatr01","l","d1","p1","f7","1156","2740","a5084a24dd6b10a0dd266efc27a83d2498aee975be5dab487a72d4ed6c923c88","315","2755","2755","rotated_bottom_left_pixels","1786","1728","626","inherited","[""アトリ_tatr01_l_d1_p1_f6.png"", 315.0]","true"
"アトリ_tatr01_l_d1_p1_f8.png","アトリ_tatr01_d1_p1_f8","アトリ","tatr01","l","d1","p1","f8","1156","2740","3a4e9daa9be38f9407cde97319de35f1876d81225f0dfab603210d17d5ed8e72","315","2755","2755","rotated_bottom_left_pixels","1786","1728","626","inherited","[""アトリ_tatr01_l_d1_p1_f7.png"", 315.0]","true"
"アトリ_tatr01_l_d1_p1_f9.png","アトリ_tatr01_d1_p1_f9","アトリ","tatr01","l","d1","p1","f9","1156","2740","4639650c7feaf6c0ea3ad73deae2a3ebbcb9168399a5705521f7696e58e190ee","315","2755","2755","rotated_bottom_left_pixels","1786","1728","626","inherited","[""アトリ_tatr01_l_d1_p1_f8.png"", 315.0]","true"
"アトリ_tatr01_l_d1_p1_fa.png","アトリ_tatr01_d1_p1_fa","アトリ","tatr01","l","d1","p1","fa","1156","2740","664bae112ba55bef854812596e3c2dafaea38e87617497a1a483e3d9ef340621","315","2755","2755","rotated_bottom_left_pixels","1786","1728","626","inherited","[""アトリ_tatr01_l_d1_p1_f9.png"", 315.0]","true"
"アトリ_tatr01_l_d1_p1_fb.png","アトリ_tatr01_d1_p1_fb","アトリ","tatr01","l","d1","p1","fb","1156","2740","4e3482c6cf57e2ad859fecc0d9f7d913c7580bb4632865aae283c4e5589cc74f","315","2755","2755","rotated_bottom_left_pixels","1786","1728","626","inherited","[""アトリ_tatr01_l_d1_p1_fa.png"", 315.0]","true"
"アトリ_tatr01_l_d1_p1_fc.png","アトリ_tatr01_d1_p1_fc","アトリ","tatr01","l","d1","p1","fc","1156","2740","d64e55537c502cb13d4d5639e5e43167dfb3437d47f83d263a3dbdca959dfd1c","315","2755","2755","rotated_bottom_left_pixels","1786","1728","626","inherited","[""アトリ_tatr01_l_d1_p1_fb.png"", 315.0]","true"
"アトリ_tatr01_l_d1_p1_fd.png","アトリ_tatr01_d1_p1_fd","アトリ","tatr01","l","d1","p1","fd","1156","2740","a14c21c3eab36c7eb23020c7384e97c4695fa78dab8744f2f27b909048ea1b1f","315","2755","2755","rotated_bottom_left_pixels","1786","1728","626","inherited","[""アトリ_tatr01_l_d1_p1_fc.png"", 315.0]","true"
"アトリ_tatr01_l_d1_p1_fe.png","アトリ_tatr01_d1_p1_fe","アトリ","tatr01","l","d1","p1","fe","1156","2740","33416af45d69b1ffd15a5c5938ff4f20604ae7d8c764da63fcd7befc2274ac5d","315","2755","2755","rotated_bottom_left_pixels","1786","1728","626","inherited","[""アトリ_tatr01_l_d1_p1_fd.png"", 315.0]","true"
"アトリ_tatr01_l_d1_p1_ff.png","アトリ_tatr01_d1_p1_ff","アトリ","tatr01","l","d1","p1","ff","1156","2989","a5d1cc4f7c42f030e823527df0939596ffd4977b45eae249b9a66e217387ab11","315","2931","2931","rotated_bottom_left_pixels","1786","1728","626","inherited","[""アトリ_tatr01_l_d1_p1_fe.png"", 315.0]","true"
"アトリ_tatr01_l_d1_p1_fg.png","アトリ_tatr01_d1_p1_fg","アトリ","tatr01","l","d1","p1","fg","1156","2740","9d0d292d9027fdfd2e1504496b93416db514c0efd02f8618bd6f05419d4ea990","315","2755","2755","rotated_bottom_left_pixels","1786","1728","626","inherited","[""アトリ_tatr01_l_d1_p1_ff.png"", 315.0]","true"
"アトリ_tatr01_l_d1_p1_fh.png","アトリ_tatr01_d1_p1_fh","アトリ","tatr01","l","d1","p1","fh","1156","2989","3ac0f9896091ad67d32164ed6c9000bda648b569db191c068f22beddd0e282a8","315","2931","2931","rotated_bottom_left_pixels","1786","1728","626","inherited","[""アトリ_tatr01_l_d1_p1_fg.png"", 315.0]","true"
"アトリ_tatr01_l_d1_p1_fi.png","アトリ_tatr01_d1_p1_fi","アトリ","tatr01","l","d1","p1","fi","1156","2740","f9f2c7d42ee72ef6b543b5b2999190db6896418b59c41749706d5b563264f45d","315","2755","2755","rotated_bottom_left_pixels","1786","1728","626","inherited","[""アトリ_tatr01_l_d1_p1_fh.png"", 315.0]","true"
"アトリ_tatr01_l_d1_p1_fj.png","アトリ_tatr01_d1_p1_fj","アトリ","tatr01","l","d1","p1","fj","1156","2740","94a45df00932c72ee8a16ffb117b3838457ca6fe05e0a7eee5be3a6e0ff0c50a","315","2755","2755","rotated_bottom_left_pixels","1786","1728","626","inherited","[""アトリ_tatr01_l_d1_p1_fi.png"", 315.0]","true"
"アトリ_tatr01_l_d1_p1_fk.png","アトリ_tatr01_d1_p1_fk","アトリ","tatr01","l","d1","p1","fk","1156","2740","bba81b3e6d01408d2da47e9f987ae5891e9f775825377e749be808d7b6d2857c","315","2755","2755","rotated_bottom_left_pixels","1786","1728","626","inherited","[""アトリ_tatr01_l_d1_p1_fj.png"", 315.0]","true"
"アトリ_tatr01_l_d1_p1_fl.png","アトリ_tatr01_d1_p1_fl","アトリ","tatr01","l","d1","p1","fl","1156","2740","ad80c962ac1bd8e636bcd61045e099e598cbc4b2605ed88aa9cb5ecc3e0691a5","315","2755","2755","rotated_bottom_left_pixels","1786","1728","626","inherited","[""アトリ_tatr01_l_d1_p1_fk.png"", 315.0]","true"
"アトリ_tatr01_l_d2_p1_f1.png","アトリ_tatr01_d2_p1_f1","アトリ","tatr01","l","d2","p1","f1","1156","2740","0fab2349ad8d77c2e37c3fc49cde24b64cc5eb84fbf35d7503dbd2a96dbd3e50","315","2755","2755","rotated_bottom_left_pixels","1786","1728","626","inherited","[""アトリ_tatr01_l_d1_p1_fl.png"", 315.0]","true"
"アトリ_tatr01_l_d2_p1_f2.png","アトリ_tatr01_d2_p1_f2","アトリ","tatr01","l","d2","p1","f2","1156","2740","399a0913ae20283465d2bebec22fd3f91fe4242658569ca5f36c25d2c3a0075a","315","2755","2755","rotated_bottom_left_pixels","1786","1728","626","inherited","[""アトリ_tatr01_l_d2_p1_f1.png"", 315.0]","true"
"アトリ_tatr01_l_d2_p1_f3.png","アトリ_tatr01_d2_p1_f3","アトリ","tatr01","l","d2","p1","f3","1156","2740","7d52e578712762cebf41098975effa307cd0f88ef1d4973bbabab9714d5187a5","315","2755","2755","rotated_bottom_left_pixels","1786","1728","626","inherited","[""アトリ_tatr01_l_d2_p1_f2.png"", 315.0]","true"
"アトリ_tatr01_l_d2_p1_f4.png","アトリ_tatr01_d2_p1_f4","アトリ","tatr01","l","d2","p1","f4","1156","2740","027a456afa0f573e4e93a3a66ca8afe63d58f5f3562241ee72fa1c9cee926b96","315","2755","2755","rotated_bottom_left_pixels","1786","1728","626","inherited","[""アトリ_tatr01_l_d2_p1_f3.png"", 315.0]","true"
"アトリ_tatr01_l_d2_p1_f5.png","アトリ_tatr01_d2_p1_f5","アトリ","tatr01","l","d2","p1","f5","1156","2740","a7ca754cb59f4bbb2a3a18c0a2ef599e64cc10c97f82ccc0eebaa57de4893b0a","315","2755","2755","rotated_bottom_left_pixels","1786","1728","626","inherited","[""アトリ_tatr01_l_d2_p1_f4.png"", 315.0]","true"
"アトリ_tatr01_l_d2_p1_f6.png","アトリ_tatr01_d2_p1_f6","アトリ","tatr01","l","d2","p1","f6","1156","2740","84bd627a1de6e2b423b066f1a27fcf1f917000e7040c1b8a46c77e367d2025ff","315","2755","2755","rotated_bottom_left_pixels","1786","1728","626","inherited","[""アトリ_tatr01_l_d2_p1_f5.png"", 315.0]","true"
"アトリ_tatr01_l_d2_p1_f7.png","アトリ_tatr01_d2_p1_f7","アトリ","tatr01","l","d2","p1","f7","1156","2740","1946e53ca6ca21e4c143f647bc32f0cb45768432053dc2b9f52079bb17ed1c2d","315","2755","2755","rotated_bottom_left_pixels","1786","1728","626","inherited","[""アトリ_tatr01_l_d2_p1_f6.png"", 315.0]","true"
"アトリ_tatr01_l_d2_p1_f8.png","アトリ_tatr01_d2_p1_f8","アトリ","tatr01","l","d2","p1","f8","1156","2740","6093c937624db617ae356a28ab4dfd9a8ad03b6c517fad37f4c8b73064028621","315","2755","2755","rotated_bottom_left_pixels","1786","1728","626","inherited","[""アトリ_tatr01_l_d2_p1_f7.png"", 315.0]","true"
"アトリ_tatr01_l_d2_p1_f9.png","アトリ_tatr01_d2_p1_f9","アトリ","tatr01","l","d2","p1","f9","1156","2740","049454e9118d385f598ceec5b616ffa0e4cf805fd65e928be685a7c2135944d8","315","2755","2755","rotated_bottom_left_pixels","1786","1728","626","inherited","[""アトリ_tatr01_l_d2_p1_f8.png"", 315.0]","true"
"アトリ_tatr01_l_d2_p1_fa.png","アトリ_tatr01_d2_p1_fa","アトリ","tatr01","l","d2","p1","fa","1156","2740","92fb110574d19ac12cd80365b2e00b94e1a2b00c1a522e26ca3af2b1fe1c9b7d","315","2755","2755","rotated_bottom_left_pixels","1786","1728","626","inherited","[""アトリ_tatr01_l_d2_p1_f9.png"", 315.0]","true"
"アトリ_tatr01_l_d2_p1_fb.png","アトリ_tatr01_d2_p1_fb","アトリ","tatr01","l","d2","p1","fb","1156","2740","3402d6a9accdf3ccb572f2fa597679e1367cf2aeac12baf5088386b714f234d3","315","2755","2755","rotated_bottom_left_pixels","1786","1728","626","inherited","[""アトリ_tatr01_l_d2_p1_fa.png"", 315.0]","true"
"アトリ_tatr01_l_d2_p1_fc.png","アトリ_tatr01_d2_p1_fc","アトリ","tatr01","l","d2","p1","fc","1156","2740","1b312d9c307bfe582774c1e3dde8d75509becbcee7e27fb0755a11e1a523805e","315","2755","2755","rotated_bottom_left_pixels","1786","1728","626","inherited","[""アトリ_tatr01_l_d2_p1_fb.png"", 315.0]","true"
"アトリ_tatr01_l_d2_p1_fd.png","アトリ_tatr01_d2_p1_fd","アトリ","tatr01","l","d2","p1","fd","1156","2740","c6c4b0d0524b2cfec7f0a58334376261205ece41aad15fc02e993719a85fd854","315","2755","2755","rotated_bottom_left_pixels","1786","1728","626","inherited","[""アトリ_tatr01_l_d2_p1_fc.png"", 315.0]","true"
"アトリ_tatr01_l_d2_p1_fe.png","アトリ_tatr01_d2_p1_fe","アトリ","tatr01","l","d2","p1","fe","1156","2740","2e5a03cddcecac2b3812d6282df77ea86f94b1a08e03a83a171e10e6e473a978","315","2755","2755","rotated_bottom_left_pixels","1786","1728","626","inherited","[""アトリ_tatr01_l_d2_p1_fd.png"", 315.0]","true"
"アトリ_tatr01_l_d2_p1_ff.png","アトリ_tatr01_d2_p1_ff","アトリ","tatr01","l","d2","p1","ff","1156","2989","ebfbea5c5edfd824b7271f14e4834e16826bc46aa9e56bfe4d482c1dbefd88e3","315","2931","2931","rotated_bottom_left_pixels","1786","1728","626","inherited","[""アトリ_tatr01_l_d2_p1_fe.png"", 315.0]","true"
"アトリ_tatr01_l_d2_p1_fg.png","アトリ_tatr01_d2_p1_fg","アトリ","tatr01","l","d2","p1","fg","1156","2740","11661dd9a032b7091cb0fa463b6b5280f76c5a317dbe5586aa99658144824428","315","2755","2755","rotated_bottom_left_pixels","1786","1728","626","inherited","[""アトリ_tatr01_l_d2_p1_ff.png"", 315.0]","true"
"アトリ_tatr01_l_d2_p1_fh.png","アトリ_tatr01_d2_p1_fh","アトリ","tatr01","l","d2","p1","fh","1156","2989","58d62c0d4cdb8a1f04de1cd37cf085731d5ac4560baca11edd1733fcee3a0170","315","2931","2931","rotated_bottom_left_pixels","1786","1728","626","inherited","[""アトリ_tatr01_l_d2_p1_fg.png"", 315.0]","true"
"アトリ_tatr01_l_d2_p1_fi.png","アトリ_tatr01_d2_p1_fi","アトリ","tatr01","l","d2","p1","fi","1156","2740","182a8970922591aeba4e5d89a0aac32ae7e24c03e088bf9eb1900ce676a8501b","315","2755","2755","rotated_bottom_left_pixels","1786","1728","626","inherited","[""アトリ_tatr01_l_d2_p1_fh.png"", 315.0]","true"
"アトリ_tatr01_l_d2_p1_fj.png","アトリ_tatr01_d2_p1_fj","アトリ","tatr01","l","d2","p1","fj","1156","2740","330dccee7a6c2452890a9d7195a0e07bf9d6bfecacc73a03896ccd81c9bf4223","315","2755","2755","rotated_bottom_left_pixels","1786","1728","626","inherited","[""アトリ_tatr01_l_d2_p1_fi.png"", 315.0]","true"
"アトリ_tatr01_l_d2_p1_fk.png","アトリ_tatr01_d2_p1_fk","アトリ","tatr01","l","d2","p1","fk","1156","2740","c87fc0677a2be2661e8a53975540919399614f207c012eb8e942c8836fc19a9e","315","2755","2755","rotated_bottom_left_pixels","1786","1728","626","inherited","[""アトリ_tatr01_l_d2_p1_fj.png"", 315.0]","true"
"アトリ_tatr01_l_d2_p1_fl.png","アトリ_tatr01_d2_p1_fl","アトリ","tatr01","l","d2","p1","fl","1156","2740","7fdd1ad72012130dcfd01e63734eb7a9c1d08dde4ad4be4f33144a9f505dff3f","315","2755","2755","rotated_bottom_left_pixels","1786","1728","626","inherited","[""アトリ_tatr01_l_d2_p1_fk.png"", 315.0]","true"
"アトリ_tatr01_l_d3_p1_f1.png","アトリ_tatr01_d3_p1_f1","アトリ","tatr01","l","d3","p1","f1","1156","2740","fa28baa51b20425edc8e361bc5073b20fae72e7bc7c219573cfd51047bfa6e36","315","2755","2755","rotated_bottom_left_pixels","1786","1728","626","inherited","[""アトリ_tatr01_l_d2_p1_fl.png"", 315.0]","true"
"アトリ_tatr01_l_d3_p1_f2.png","アトリ_tatr01_d3_p1_f2","アトリ","tatr01","l","d3","p1","f2","1156","2740","dd8cc3ea605db3727cf65044972c5be0842df6bf4c4084c71fe601b93c6288a5","315","2755","2755","rotated_bottom_left_pixels","1786","1728","626","inherited","[""アトリ_tatr01_l_d3_p1_f1.png"", 315.0]","true"
"アトリ_tatr01_l_d3_p1_f3.png","アトリ_tatr01_d3_p1_f3","アトリ","tatr01","l","d3","p1","f3","1156","2740","8a0c02f7840c98a642425c2f2d41955433e32e2822964cbb59cd338e8fbd55c9","315","2755","2755","rotated_bottom_left_pixels","1786","1728","626","inherited","[""アトリ_tatr01_l_d3_p1_f2.png"", 315.0]","true"
"アトリ_tatr01_l_d3_p1_f4.png","アトリ_tatr01_d3_p1_f4","アトリ","tatr01","l","d3","p1","f4","1156","2740","ec2a7f066b3c80cebb12e4572d1451452f27aa76e0fa840450851197d87a83d0","315","2755","2755","rotated_bottom_left_pixels","1786","1728","626","inherited","[""アトリ_tatr01_l_d3_p1_f3.png"", 315.0]","true"
"アトリ_tatr01_l_d3_p1_f5.png","アトリ_tatr01_d3_p1_f5","アトリ","tatr01","l","d3","p1","f5","1156","2740","a1415fefc58411203c70de93844e9eaf82bb915ab24b7bc0ed63bba75de823fe","315","2755","2755","rotated_bottom_left_pixels","1786","1728","626","inherited","[""アトリ_tatr01_l_d3_p1_f4.png"", 315.0]","true"
"アトリ_tatr01_l_d3_p1_f6.png","アトリ_tatr01_d3_p1_f6","アトリ","tatr01","l","d3","p1","f6","1156","2740","eadf46091e2f87eb493241996f8c08ad05552f222506bde7ae7a48a59d41e486","315","2755","2755","rotated_bottom_left_pixels","1786","1728","626","inherited","[""アトリ_tatr01_l_d3_p1_f5.png"", 315.0]","true"
"アトリ_tatr01_l_d3_p1_f7.png","アトリ_tatr01_d3_p1_f7","アトリ","tatr01","l","d3","p1","f7","1156","2740","639d2ddd092d87db3c8c7dc03ac953af5ed64ba23d6afb3abbcf52b2e6dcf6ec","315","2755","2755","rotated_bottom_left_pixels","1786","1728","626","inherited","[""アトリ_tatr01_l_d3_p1_f6.png"", 315.0]","true"
"アトリ_tatr01_l_d3_p1_f8.png","アトリ_tatr01_d3_p1_f8","アトリ","tatr01","l","d3","p1","f8","1156","2740","a2fe178c17804c855c6bb6a097dc6c703b4a16ea4a5d5f880aca4b0e08dff53e","315","2755","2755","rotated_bottom_left_pixels","1786","1728","626","inherited","[""アトリ_tatr01_l_d3_p1_f7.png"", 315.0]","true"
"アトリ_tatr01_l_d3_p1_f9.png","アトリ_tatr01_d3_p1_f9","アトリ","tatr01","l","d3","p1","f9","1156","2740","6435f2395011749938fb8d568cc91b3afb4e39586f6f3f81fa9005b27307c583","315","2755","2755","rotated_bottom_left_pixels","1786","1728","626","inherited","[""アトリ_tatr01_l_d3_p1_f8.png"", 315.0]","true"
"アトリ_tatr01_l_d3_p1_fa.png","アトリ_tatr01_d3_p1_fa","アトリ","tatr01","l","d3","p1","fa","1156","2740","e5e4dea39c00610a501a8ecb08693691b796f511462c2580a40ef28517d21c11","315","2755","2755","rotated_bottom_left_pixels","1786","1728","626","inherited","[""アトリ_tatr01_l_d3_p1_f9.png"", 315.0]","true"
"アトリ_tatr01_l_d3_p1_fb.png","アトリ_tatr01_d3_p1_fb","アトリ","tatr01","l","d3","p1","fb","1156","2740","76f174ab2e197ca50866ad0364e111e35bbda62ca552c4b236b7b5604df5cc26","315","2755","2755","rotated_bottom_left_pixels","1786","1728","626","inherited","[""アトリ_tatr01_l_d3_p1_fa.png"", 315.0]","true"
"アトリ_tatr01_l_d3_p1_fc.png","アトリ_tatr01_d3_p1_fc","アトリ","tatr01","l","d3","p1","fc","1156","2740","43d39af421a762d2191ba7fafd577f628e16f3ef8567f05a350be17a80425704","315","2755","2755","rotated_bottom_left_pixels","1786","1728","626","inherited","[""アトリ_tatr01_l_d3_p1_fb.png"", 315.0]","true"
"アトリ_tatr01_l_d3_p1_fd.png","アトリ_tatr01_d3_p1_fd","アトリ","tatr01","l","d3","p1","fd","1156","2740","74ecbaeda8eb13cdef03a268043d11ef6e4168c078dfb61aef4772515ab6f7ea","315","2755","2755","rotated_bottom_left_pixels","1786","1728","626","inherited","[""アトリ_tatr01_l_d3_p1_fc.png"", 315.0]","true"
"アトリ_tatr01_l_d3_p1_fe.png","アトリ_tatr01_d3_p1_fe","アトリ","tatr01","l","d3","p1","fe","1156","2740","ddd9c5856c9655ef1b82c34a1f6ee41ecacf8670164431be8cb08710b362d086","315","2755","2755","rotated_bottom_left_pixels","1786","1728","626","inherited","[""アトリ_tatr01_l_d3_p1_fd.png"", 315.0]","true"
"アトリ_tatr01_l_d3_p1_ff.png","アトリ_tatr01_d3_p1_ff","アトリ","tatr01","l","d3","p1","ff","1156","2989","ba4e3b99387551a9cae84d6e496b18ceec555cac613bc727314097bc3079364c","315","2931","2931","rotated_bottom_left_pixels","1786","1728","626","inherited","[""アトリ_tatr01_l_d3_p1_fe.png"", 315.0]","true"
"アトリ_tatr01_l_d3_p1_fg.png","アトリ_tatr01_d3_p1_fg","アトリ","tatr01","l","d3","p1","fg","1156","2740","90d769816c4c9bf9cd0f52c06cad0999bebdc724cbb23951271b0b3daa38ed4a","315","2755","2755","rotated_bottom_left_pixels","1786","1728","626","inherited","[""アトリ_tatr01_l_d3_p1_ff.png"", 315.0]","true"
"アトリ_tatr01_l_d3_p1_fh.png","アトリ_tatr01_d3_p1_fh","アトリ","tatr01","l","d3","p1","fh","1156","2989","0b0115ca56b3e9c50e7a3a28fb22e44568defca5061d98230b9b83a08077a041","315","2931","2931","rotated_bottom_left_pixels","1786","1728","626","inherited","[""アトリ_tatr01_l_d3_p1_fg.png"", 315.0]","true"
"アトリ_tatr01_l_d3_p1_fi.png","アトリ_tatr01_d3_p1_fi","アトリ","tatr01","l","d3","p1","fi","1156","2740","f9797a4d06b3500c8f67d7e9f00c5023d449214f8dc0f59c726eb8c0e301fb93","315","2755","2755","rotated_bottom_left_pixels","1786","1728","626","inherited","[""アトリ_tatr01_l_d3_p1_fh.png"", 315.0]","true"
"アトリ_tatr01_l_d3_p1_fj.png","アトリ_tatr01_d3_p1_fj","アトリ","tatr01","l","d3","p1","fj","1156","2740","bb3f8acc29d46322913fa2160f9448499f4225c2cdcfdd54187346708cd10e23","315","2755","2755","rotated_bottom_left_pixels","1786","1728","626","inherited","[""アトリ_tatr01_l_d3_p1_fi.png"", 315.0]","true"
"アトリ_tatr01_l_d3_p1_fk.png","アトリ_tatr01_d3_p1_fk","アトリ","tatr01","l","d3","p1","fk","1156","2740","92ee1cb129bb24d423745f4f650bfd8f4c3fec5f1e04609a1944da251b42bd36","315","2755","2755","rotated_bottom_left_pixels","1786","1728","626","inherited","[""アトリ_tatr01_l_d3_p1_fj.png"", 315.0]","true"
"アトリ_tatr01_l_d3_p1_fl.png","アトリ_tatr01_d3_p1_fl","アトリ","tatr01","l","d3","p1","fl","1156","2740","7ed5469a44636345a9eb0977ae5fcf3ae57ae4ec57ecc52dadb6a345267f7a1c","315","2755","2755","rotated_bottom_left_pixels","1786","1728","626","inherited","[""アトリ_tatr01_l_d3_p1_fk.png"", 315.0]","true"
"アトリ_tatr01_l_d4_p1_f1.png","アトリ_tatr01_d4_p1_f1","アトリ","tatr01","l","d4","p1","f1","1156","2740","89d82cfb0641d4ab8e96e349982d5216a9c9dcbcfc8f5dc40db0a56488577138","315","2755","2755","rotated_bottom_left_pixels","1786","1728","626","inherited","[""アトリ_tatr01_l_d3_p1_fl.png"", 315.0]","true"
"アトリ_tatr01_l_d4_p1_f2.png","アトリ_tatr01_d4_p1_f2","アトリ","tatr01","l","d4","p1","f2","1156","2740","f4e30024a2427a3cc764d9cffd6f19bf011330d788b27bdf66902107028f6ff6","315","2755","2755","rotated_bottom_left_pixels","1786","1728","626","inherited","[""アトリ_tatr01_l_d4_p1_f1.png"", 315.0]","true"
"アトリ_tatr01_l_d4_p1_f3.png","アトリ_tatr01_d4_p1_f3","アトリ","tatr01","l","d4","p1","f3","1156","2740","42b16f48d8ab63609b6d9485aec19cf3b7eb33156eb6be636a3cc135d4de4c83","315","2755","2755","rotated_bottom_left_pixels","1786","1728","626","inherited","[""アトリ_tatr01_l_d4_p1_f2.png"", 315.0]","true"
"アトリ_tatr01_l_d4_p1_f4.png","アトリ_tatr01_d4_p1_f4","アトリ","tatr01","l","d4","p1","f4","1156","2740","89871aecca74b9c416c54bd5b2355b9d1c667486908b286b27e8404c0273e51e","315","2755","2755","rotated_bottom_left_pixels","1786","1728","626","inherited","[""アトリ_tatr01_l_d4_p1_f3.png"", 315.0]","true"
"アトリ_tatr01_l_d4_p1_f5.png","アトリ_tatr01_d4_p1_f5","アトリ","tatr01","l","d4","p1","f5","1156","2740","feaac41584c5c6dfe6878b98b72902cbcd7dad13d40d7c220f209da9cc00ca10","315","2755","2755","rotated_bottom_left_pixels","1786","1728","626","inherited","[""アトリ_tatr01_l_d4_p1_f4.png"", 315.0]","true"
"アトリ_tatr01_l_d4_p1_f6.png","アトリ_tatr01_d4_p1_f6","アトリ","tatr01","l","d4","p1","f6","1156","2740","37e5349db29da49d1fda84557226405f3564456764d2eed32a7188592b4f1397","315","2755","2755","rotated_bottom_left_pixels","1786","1728","626","inherited","[""アトリ_tatr01_l_d4_p1_f5.png"", 315.0]","true"
"アトリ_tatr01_l_d4_p1_f7.png","アトリ_tatr01_d4_p1_f7","アトリ","tatr01","l","d4","p1","f7","1156","2740","f7f46e7f4a2497d48491b9aa8dfc5140fa7a3d18f8407ba01a55d2c281f6438d","315","2755","2755","rotated_bottom_left_pixels","1786","1728","626","inherited","[""アトリ_tatr01_l_d4_p1_f6.png"", 315.0]","true"
"アトリ_tatr01_l_d4_p1_f8.png","アトリ_tatr01_d4_p1_f8","アトリ","tatr01","l","d4","p1","f8","1156","2740","84b9e1c792aeeca825ba5e16b12dfa157c44de83b7d0c9f1c4dca2dbd2298151","315","2755","2755","rotated_bottom_left_pixels","1786","1728","626","inherited","[""アトリ_tatr01_l_d4_p1_f7.png"", 315.0]","true"
"アトリ_tatr01_l_d4_p1_f9.png","アトリ_tatr01_d4_p1_f9","アトリ","tatr01","l","d4","p1","f9","1156","2740","cee7f19b8276a234462072a198ddca23422aa611f70417060e9e62cb830a2b03","315","2755","2755","rotated_bottom_left_pixels","1786","1728","626","inherited","[""アトリ_tatr01_l_d4_p1_f8.png"", 315.0]","true"
"アトリ_tatr01_l_d4_p1_fa.png","アトリ_tatr01_d4_p1_fa","アトリ","tatr01","l","d4","p1","fa","1156","2740","6a7a56e913c6752c6e26d7165db678d5ea7858d7c26a81ca65174a32d8b23b0e","315","2755","2755","rotated_bottom_left_pixels","1786","1728","626","inherited","[""アトリ_tatr01_l_d4_p1_f9.png"", 315.0]","true"
"アトリ_tatr01_l_d4_p1_fb.png","アトリ_tatr01_d4_p1_fb","アトリ","tatr01","l","d4","p1","fb","1156","2740","fa10a0d805a77458b4be5ecb3901e9b8c5dc065d6cc7ec0e3a4b2ea3da83d103","315","2755","2755","rotated_bottom_left_pixels","1786","1728","626","inherited","[""アトリ_tatr01_l_d4_p1_fa.png"", 315.0]","true"
"アトリ_tatr01_l_d4_p1_fc.png","アトリ_tatr01_d4_p1_fc","アトリ","tatr01","l","d4","p1","fc","1156","2740","543dd2ba5f81d314f1bc7abeb8ea90f060386307ab812f995a19294e95977543","315","2755","2755","rotated_bottom_left_pixels","1786","1728","626","inherited","[""アトリ_tatr01_l_d4_p1_fb.png"", 315.0]","true"
"アトリ_tatr01_l_d4_p1_fd.png","アトリ_tatr01_d4_p1_fd","アトリ","tatr01","l","d4","p1","fd","1156","2740","f2517f7a4d7f3a97f3e6d8687e25e48ba2d1371157c0cc04099e80bf0c94f8f0","315","2755","2755","rotated_bottom_left_pixels","1786","1728","626","inherited","[""アトリ_tatr01_l_d4_p1_fc.png"", 315.0]","true"
"アトリ_tatr01_l_d4_p1_fe.png","アトリ_tatr01_d4_p1_fe","アトリ","tatr01","l","d4","p1","fe","1156","2740","b21be381d7bafd36dd7c6d0f3913abda4010fe2ea9d872546ed2ed6ab61fac0a","315","2755","2755","rotated_bottom_left_pixels","1786","1728","626","inherited","[""アトリ_tatr01_l_d4_p1_fd.png"", 315.0]","true"
"アトリ_tatr01_l_d4_p1_ff.png","アトリ_tatr01_d4_p1_ff","アトリ","tatr01","l","d4","p1","ff","1156","2989","136e7ee75a49e5553d4d24eed7246b630d0fab722d0b113bb79ffc08c2f4e1ee","315","2931","2931","rotated_bottom_left_pixels","1786","1728","626","inherited","[""アトリ_tatr01_l_d4_p1_fe.png"", 315.0]","true"
"アトリ_tatr01_l_d4_p1_fg.png","アトリ_tatr01_d4_p1_fg","アトリ","tatr01","l","d4","p1","fg","1156","2740","94b1840218a32ffca461d5b641de3534f93094fe979e565103d1e06065e9a3ab","315","2755","2755","rotated_bottom_left_pixels","1786","1728","626","inherited","[""アトリ_tatr01_l_d4_p1_ff.png"", 315.0]","true"
"アトリ_tatr01_l_d4_p1_fh.png","アトリ_tatr01_d4_p1_fh","アトリ","tatr01","l","d4","p1","fh","1156","2989","a520eaad87705967a1e4024b02f133f263eaedc78e782697725679c249abafcc","315","2931","2931","rotated_bottom_left_pixels","1786","1728","626","inherited","[""アトリ_tatr01_l_d4_p1_fg.png"", 315.0]","true"
"アトリ_tatr01_l_d4_p1_fi.png","アトリ_tatr01_d4_p1_fi","アトリ","tatr01","l","d4","p1","fi","1156","2740","45830e2bb4fa50ebd316d5cb4fcc1503b701f185d8faeae9bf9e519cb2a047c0","315","2755","2755","rotated_bottom_left_pixels","1786","1728","626","inherited","[""アトリ_tatr01_l_d4_p1_fh.png"", 315.0]","true"
"アトリ_tatr01_l_d4_p1_fj.png","アトリ_tatr01_d4_p1_fj","アトリ","tatr01","l","d4","p1","fj","1156","2740","edd1119ce756ed5faaa87042f4fef2c9830e4bc7455c5f8094e81888804f1428","315","2755","2755","rotated_bottom_left_pixels","1786","1728","626","inherited","[""アトリ_tatr01_l_d4_p1_fi.png"", 315.0]","true"
"アトリ_tatr01_l_d4_p1_fk.png","アトリ_tatr01_d4_p1_fk","アトリ","tatr01","l","d4","p1","fk","1156","2740","3262113fdfad91aaf4f9888e9cf5a93f7dcc8271f4bf0d5897780988fd97765b","315","2755","2755","rotated_bottom_left_pixels","1786","1728","626","inherited","[""アトリ_tatr01_l_d4_p1_fj.png"", 315.0]","true"
"アトリ_tatr01_l_d4_p1_fl.png","アトリ_tatr01_d4_p1_fl","アトリ","tatr01","l","d4","p1","fl","1156","2740","e67da6ae9e7ff48302cd383ad4289f3757228cc6c1a9d24ac218c5b31eb3d32f","315","2755","2755","rotated_bottom_left_pixels","1786","1728","626","inherited","[""アトリ_tatr01_l_d4_p1_fk.png"", 315.0]","true"
"アトリ_tatr01_l_d1_p2_f1.png","アトリ_tatr01_d1_p2_f1","アトリ","tatr01","l","d1","p2","f1","1250","2963","a32de8f87e0a29e0975d977def9b4b14f8532445f709acfa274b03c4e3737b3a","315","2980","2980","rotated_bottom_left_pixels","1802","1798","626","manual_adjusted","[""アトリ_tatr01_l_d1_p2_f1.png"", 0.0]","true"
"アトリ_tatr01_l_d1_p2_f2.png","アトリ_tatr01_d1_p2_f2","アトリ","tatr01","l","d1","p2","f2","1250","2963","4263d82dff6cba6e32875a66a66c17763cc10cae43b68ed81db6f0a93eca7a17","315","2980","2980","rotated_bottom_left_pixels","1802","1798","626","inherited","[""アトリ_tatr01_l_d1_p2_f1.png"", 315.0]","true"
"アトリ_tatr01_l_d1_p2_f3.png","アトリ_tatr01_d1_p2_f3","アトリ","tatr01","l","d1","p2","f3","1250","2963","2720c1083e4ed9d42aa5552dbaf006f0d050af7f27a5e88d246a45a578574ea8","315","2980","2980","rotated_bottom_left_pixels","1802","1798","626","inherited","[""アトリ_tatr01_l_d1_p2_f2.png"", 315.0]","true"
"アトリ_tatr01_l_d1_p2_f4.png","アトリ_tatr01_d1_p2_f4","アトリ","tatr01","l","d1","p2","f4","1250","2963","c7b04a04f40e05dac11c5fdf02dddd0238c41d9143df2e464bfacfd6bdc67fb2","315","2980","2980","rotated_bottom_left_pixels","1802","1798","626","inherited","[""アトリ_tatr01_l_d1_p2_f3.png"", 315.0]","true"
"アトリ_tatr01_l_d1_p2_f5.png","アトリ_tatr01_d1_p2_f5","アトリ","tatr01","l","d1","p2","f5","1250","2963","69b6b6b165349f51b28ff6c4b8ed3848e6009ae372123b33f49a993f0694729c","315","2980","2980","rotated_bottom_left_pixels","1802","1798","626","inherited","[""アトリ_tatr01_l_d1_p2_f4.png"", 315.0]","true"
"アトリ_tatr01_l_d1_p2_f6.png","アトリ_tatr01_d1_p2_f6","アトリ","tatr01","l","d1","p2","f6","1250","2963","6e8fbb4a661a510b445fd8060e7a860fdb5012f43bac854e83d3c072e4452ec0","315","2980","2980","rotated_bottom_left_pixels","1802","1798","626","inherited","[""アトリ_tatr01_l_d1_p2_f5.png"", 315.0]","true"
"アトリ_tatr01_l_d1_p2_f7.png","アトリ_tatr01_d1_p2_f7","アトリ","tatr01","l","d1","p2","f7","1250","2963","7be56828231e5d524c1e0c91a3eb481b4fb8458e4467baaffd979ff72f4b5ea6","315","2980","2980","rotated_bottom_left_pixels","1802","1798","626","inherited","[""アトリ_tatr01_l_d1_p2_f6.png"", 315.0]","true"
"アトリ_tatr01_l_d1_p2_f8.png","アトリ_tatr01_d1_p2_f8","アトリ","tatr01","l","d1","p2","f8","1250","2963","e2247f7bdb14217655aba9ee21be623f5d4d34a51931487a79cce7babb0c4120","315","2980","2980","rotated_bottom_left_pixels","1802","1798","626","inherited","[""アトリ_tatr01_l_d1_p2_f7.png"", 315.0]","true"
"アトリ_tatr01_l_d1_p2_f9.png","アトリ_tatr01_d1_p2_f9","アトリ","tatr01","l","d1","p2","f9","1250","2963","a9465d957a8b3ad84d2d9d852de8945afe5d647a79eb332b6271475cc0a68a45","315","2980","2980","rotated_bottom_left_pixels","1802","1798","626","inherited","[""アトリ_tatr01_l_d1_p2_f8.png"", 315.0]","true"
"アトリ_tatr01_l_d1_p2_fa.png","アトリ_tatr01_d1_p2_fa","アトリ","tatr01","l","d1","p2","fa","1250","2963","bfa7b73756ceb3676948ef48be3a399afeaebde8002b3ea3201ba6c18774e838","315","2980","2980","rotated_bottom_left_pixels","1802","1798","626","inherited","[""アトリ_tatr01_l_d1_p2_f9.png"", 315.0]","true"
"アトリ_tatr01_l_d1_p2_fb.png","アトリ_tatr01_d1_p2_fb","アトリ","tatr01","l","d1","p2","fb","1250","2963","3e03a1b1a688634ceb2d289be4773a77837e39e69ddb6c59617117455d1a6a11","315","2980","2980","rotated_bottom_left_pixels","1802","1798","626","inherited","[""アトリ_tatr01_l_d1_p2_fa.png"", 315.0]","true"
"アトリ_tatr01_l_d1_p2_fc.png","アトリ_tatr01_d1_p2_fc","アトリ","tatr01","l","d1","p2","fc","1250","2963","946dd8a17d8c4c6d383ae4622bb3195b60bca5e68351e265a842a9d7ce8b3706","315","2980","2980","rotated_bottom_left_pixels","1802","1798","626","inherited","[""アトリ_tatr01_l_d1_p2_fb.png"", 315.0]","true"
"アトリ_tatr01_l_d1_p2_fd.png","アトリ_tatr01_d1_p2_fd","アトリ","tatr01","l","d1","p2","fd","1250","2963","e02c65ee12ee258496af3a875b4b3df35931aae30dc4d33507a018b8629c0329","315","2980","2980","rotated_bottom_left_pixels","1802","1798","626","inherited","[""アトリ_tatr01_l_d1_p2_fc.png"", 315.0]","true"
"アトリ_tatr01_l_d1_p2_fe.png","アトリ_tatr01_d1_p2_fe","アトリ","tatr01","l","d1","p2","fe","1250","2963","5f81810775d036300084bb6150eaf863c81f92087df9e62d590af5869c47f4da","315","2980","2980","rotated_bottom_left_pixels","1802","1798","626","inherited","[""アトリ_tatr01_l_d1_p2_fd.png"", 315.0]","true"
"アトリ_tatr01_l_d1_p2_ff.png","アトリ_tatr01_d1_p2_ff","アトリ","tatr01","l","d1","p2","ff","1250","2989","c85dca38f3f841872d29cdc3f69963f1774fc77a23a7fee1c37269fcdf130f03","315","2998","2998","rotated_bottom_left_pixels","1802","1798","626","inherited","[""アトリ_tatr01_l_d1_p2_fe.png"", 315.0]","true"
"アトリ_tatr01_l_d1_p2_fg.png","アトリ_tatr01_d1_p2_fg","アトリ","tatr01","l","d1","p2","fg","1250","2963","004e08df54c25f2e8f05cfcf770f88d852f3865128932d364ddad9d7e3198c80","315","2980","2980","rotated_bottom_left_pixels","1802","1798","626","inherited","[""アトリ_tatr01_l_d1_p2_ff.png"", 315.0]","true"
"アトリ_tatr01_l_d1_p2_fh.png","アトリ_tatr01_d1_p2_fh","アトリ","tatr01","l","d1","p2","fh","1250","2989","3e9783cf08b0f15a238c727c09e70c51eb2e30bdf4848a085b8e57d8d3402289","315","2998","2998","rotated_bottom_left_pixels","1802","1798","626","inherited","[""アトリ_tatr01_l_d1_p2_fg.png"", 315.0]","true"
"アトリ_tatr01_l_d1_p2_fi.png","アトリ_tatr01_d1_p2_fi","アトリ","tatr01","l","d1","p2","fi","1250","2963","74c695c903922df822f7e13d13d438e806e22a69be8b251620f5d68eb4285426","315","2980","2980","rotated_bottom_left_pixels","1802","1798","626","inherited","[""アトリ_tatr01_l_d1_p2_fh.png"", 315.0]","true"
"アトリ_tatr01_l_d1_p2_fj.png","アトリ_tatr01_d1_p2_fj","アトリ","tatr01","l","d1","p2","fj","1250","2963","7a2310df609bd1ae28d73d9ab6df6ce5dc619829270a1c67bab1fa939461d9a1","315","2980","2980","rotated_bottom_left_pixels","1802","1798","626","inherited","[""アトリ_tatr01_l_d1_p2_fi.png"", 315.0]","true"
"アトリ_tatr01_l_d1_p2_fk.png","アトリ_tatr01_d1_p2_fk","アトリ","tatr01","l","d1","p2","fk","1250","2963","f1d0ec03cb15018a143e1c82c88ffe38aeba6f47e9c665f1679704080cd936b4","315","2980","2980","rotated_bottom_left_pixels","1802","1798","626","inherited","[""アトリ_tatr01_l_d1_p2_fj.png"", 315.0]","true"
"アトリ_tatr01_l_d1_p2_fl.png","アトリ_tatr01_d1_p2_fl","アトリ","tatr01","l","d1","p2","fl","1250","2963","cb719a8a53de2c3c5d68748675434709caced1300cba70585081149fa54f5502","315","2980","2980","rotated_bottom_left_pixels","1802","1798","626","inherited","[""アトリ_tatr01_l_d1_p2_fk.png"", 315.0]","true"
"アトリ_tatr01_l_d2_p2_f1.png","アトリ_tatr01_d2_p2_f1","アトリ","tatr01","l","d2","p2","f1","1250","2963","df9a437c87472ea18e5e660ee305abbcf67fb56f926a684f7fa824586c87376c","315","2980","2980","rotated_bottom_left_pixels","1802","1798","626","inherited","[""アトリ_tatr01_l_d1_p2_fl.png"", 315.0]","true"
"アトリ_tatr01_l_d2_p2_f2.png","アトリ_tatr01_d2_p2_f2","アトリ","tatr01","l","d2","p2","f2","1250","2963","51b348a6d7fdaa59b6497843810ea44784c87aca43902725ea1ede81163af543","315","2980","2980","rotated_bottom_left_pixels","1802","1798","626","inherited","[""アトリ_tatr01_l_d2_p2_f1.png"", 315.0]","true"
"アトリ_tatr01_l_d2_p2_f3.png","アトリ_tatr01_d2_p2_f3","アトリ","tatr01","l","d2","p2","f3","1250","2963","7e6b425952ca4dd8b5e3bd3c80eb4afd68d553ad2e7975fdb6d86fb7b607f7d1","315","2980","2980","rotated_bottom_left_pixels","1802","1798","626","inherited","[""アトリ_tatr01_l_d2_p2_f2.png"", 315.0]","true"
"アトリ_tatr01_l_d2_p2_f4.png","アトリ_tatr01_d2_p2_f4","アトリ","tatr01","l","d2","p2","f4","1250","2963","5deaf8b43a27268772959ab7b086991911f1e0719004cf13b0353a6ebd161e53","315","2980","2980","rotated_bottom_left_pixels","1802","1798","626","inherited","[""アトリ_tatr01_l_d2_p2_f3.png"", 315.0]","true"
"アトリ_tatr01_l_d2_p2_f5.png","アトリ_tatr01_d2_p2_f5","アトリ","tatr01","l","d2","p2","f5","1250","2963","05da545af1ab1ef27a98540d2540d397600d83ae2f1e162fb365a8c7935cb955","315","2980","2980","rotated_bottom_left_pixels","1802","1798","626","inherited","[""アトリ_tatr01_l_d2_p2_f4.png"", 315.0]","true"
"アトリ_tatr01_l_d2_p2_f6.png","アトリ_tatr01_d2_p2_f6","アトリ","tatr01","l","d2","p2","f6","1250","2963","f7295c84fbe369686ad71f881b2330c1d477f0be87bbc20732a9dd1d355aa0d1","315","2980","2980","rotated_bottom_left_pixels","1802","1798","626","inherited","[""アトリ_tatr01_l_d2_p2_f5.png"", 315.0]","true"
"アトリ_tatr01_l_d2_p2_f7.png","アトリ_tatr01_d2_p2_f7","アトリ","tatr01","l","d2","p2","f7","1250","2963","7861e2850636936b30e5634fd974eaf42ac03924d4f18c437f66a1034802cfef","315","2980","2980","rotated_bottom_left_pixels","1802","1798","626","inherited","[""アトリ_tatr01_l_d2_p2_f6.png"", 315.0]","true"
"アトリ_tatr01_l_d2_p2_f8.png","アトリ_tatr01_d2_p2_f8","アトリ","tatr01","l","d2","p2","f8","1250","2963","a69467a60c5d89f02f97feae247a94eb931ce7413299d406d21a15f1934c9627","315","2980","2980","rotated_bottom_left_pixels","1802","1798","626","inherited","[""アトリ_tatr01_l_d2_p2_f7.png"", 315.0]","true"
"アトリ_tatr01_l_d2_p2_f9.png","アトリ_tatr01_d2_p2_f9","アトリ","tatr01","l","d2","p2","f9","1250","2963","023e06d8ab1328eb1f98695f4271df9057497bfd29f1a1d12c57a15ef7a8be03","315","2980","2980","rotated_bottom_left_pixels","1802","1798","626","inherited","[""アトリ_tatr01_l_d2_p2_f8.png"", 315.0]","true"
"アトリ_tatr01_l_d2_p2_fa.png","アトリ_tatr01_d2_p2_fa","アトリ","tatr01","l","d2","p2","fa","1250","2963","2038d60848c6c7adff794c728fd25b7b5fa64486f26ef6a531ef8653edaa41d3","315","2980","2980","rotated_bottom_left_pixels","1802","1798","626","inherited","[""アトリ_tatr01_l_d2_p2_f9.png"", 315.0]","true"
"アトリ_tatr01_l_d2_p2_fb.png","アトリ_tatr01_d2_p2_fb","アトリ","tatr01","l","d2","p2","fb","1250","2963","9c6cebb4df02bfba76e3685601e3d7eb3e2180613a265a95050f436fd882e715","315","2980","2980","rotated_bottom_left_pixels","1802","1798","626","inherited","[""アトリ_tatr01_l_d2_p2_fa.png"", 315.0]","true"
"アトリ_tatr01_l_d2_p2_fc.png","アトリ_tatr01_d2_p2_fc","アトリ","tatr01","l","d2","p2","fc","1250","2963","82a7108ad457a390a8ad71c8d6931c4b909b3d395e2403b725c05320cbe61d02","315","2980","2980","rotated_bottom_left_pixels","1802","1798","626","inherited","[""アトリ_tatr01_l_d2_p2_fb.png"", 315.0]","true"
"アトリ_tatr01_l_d2_p2_fd.png","アトリ_tatr01_d2_p2_fd","アトリ","tatr01","l","d2","p2","fd","1250","2963","2e855d53ac4f5a29e8d5af3123df57b86a150f72cf05bf21cbbfa8e3e64831a0","315","2980","2980","rotated_bottom_left_pixels","1802","1798","626","inherited","[""アトリ_tatr01_l_d2_p2_fc.png"", 315.0]","true"
"アトリ_tatr01_l_d2_p2_fe.png","アトリ_tatr01_d2_p2_fe","アトリ","tatr01","l","d2","p2","fe","1250","2963","838a16f58a0488a6869a9a9a46a42ab485621e61b2c661adee2508b80080e393","315","2980","2980","rotated_bottom_left_pixels","1802","1798","626","inherited","[""アトリ_tatr01_l_d2_p2_fd.png"", 315.0]","true"
"アトリ_tatr01_l_d2_p2_ff.png","アトリ_tatr01_d2_p2_ff","アトリ","tatr01","l","d2","p2","ff","1250","2989","6a6cd3ce79436515a871691d91ce1fbc2cf782478725ac1351c5bc8bb2b12091","315","2998","2998","rotated_bottom_left_pixels","1802","1798","626","inherited","[""アトリ_tatr01_l_d2_p2_fe.png"", 315.0]","true"
"アトリ_tatr01_l_d2_p2_fg.png","アトリ_tatr01_d2_p2_fg","アトリ","tatr01","l","d2","p2","fg","1250","2963","53367ca5c7c7ea696c84e25a25488558336ef432ac270fc330e5f4be8cb952cf","315","2980","2980","rotated_bottom_left_pixels","1802","1798","626","inherited","[""アトリ_tatr01_l_d2_p2_ff.png"", 315.0]","true"
"アトリ_tatr01_l_d2_p2_fh.png","アトリ_tatr01_d2_p2_fh","アトリ","tatr01","l","d2","p2","fh","1250","2989","47190bb565504ba3eefa3a3b65c6bff707d7f18c9412b3da4f7e8a93bb77e708","315","2998","2998","rotated_bottom_left_pixels","1802","1798","626","inherited","[""アトリ_tatr01_l_d2_p2_fg.png"", 315.0]","true"
"アトリ_tatr01_l_d2_p2_fi.png","アトリ_tatr01_d2_p2_fi","アトリ","tatr01","l","d2","p2","fi","1250","2963","324ba05a5a12ee2ce194cdc49655eb50bdda0d5990f0c6112e0bc433605b72eb","315","2980","2980","rotated_bottom_left_pixels","1802","1798","626","inherited","[""アトリ_tatr01_l_d2_p2_fh.png"", 315.0]","true"
"アトリ_tatr01_l_d2_p2_fj.png","アトリ_tatr01_d2_p2_fj","アトリ","tatr01","l","d2","p2","fj","1250","2963","8738ed5276eb3e398f4be2aecafda3380e4e0fcf1b5ee26b711117e3fe71dce7","315","2980","2980","rotated_bottom_left_pixels","1802","1798","626","inherited","[""アトリ_tatr01_l_d2_p2_fi.png"", 315.0]","true"
"アトリ_tatr01_l_d2_p2_fk.png","アトリ_tatr01_d2_p2_fk","アトリ","tatr01","l","d2","p2","fk","1250","2963","7d0b12fcc0499d96ea6955fb9e0c3bca464fce5b96822012daac9c579ecc59de","315","2980","2980","rotated_bottom_left_pixels","1802","1798","626","inherited","[""アトリ_tatr01_l_d2_p2_fj.png"", 315.0]","true"
"アトリ_tatr01_l_d2_p2_fl.png","アトリ_tatr01_d2_p2_fl","アトリ","tatr01","l","d2","p2","fl","1250","2963","01b991e81e5571f322f9dd03cc7aeec8fdef591b883e292d76365199fb861d17","315","2980","2980","rotated_bottom_left_pixels","1802","1798","626","inherited","[""アトリ_tatr01_l_d2_p2_fk.png"", 315.0]","true"
"アトリ_tatr01_l_d3_p2_f1.png","アトリ_tatr01_d3_p2_f1","アトリ","tatr01","l","d3","p2","f1","1250","2963","28aaccff9edb5977760edb9a62de45605c200c3f8e16101d98d3b0a06dc567a8","315","2980","2980","rotated_bottom_left_pixels","1802","1798","626","inherited","[""アトリ_tatr01_l_d2_p2_fl.png"", 315.0]","true"
"アトリ_tatr01_l_d3_p2_f2.png","アトリ_tatr01_d3_p2_f2","アトリ","tatr01","l","d3","p2","f2","1250","2963","47637d0f1a1e2dde0f9c149e5e61676f2236be3f658c3593e27c04a5e8004075","315","2980","2980","rotated_bottom_left_pixels","1802","1798","626","inherited","[""アトリ_tatr01_l_d3_p2_f1.png"", 315.0]","true"
"アトリ_tatr01_l_d3_p2_f3.png","アトリ_tatr01_d3_p2_f3","アトリ","tatr01","l","d3","p2","f3","1250","2963","98ceca347e3e09913b55ca7423b608d4a658fb17561ae77c9c82e654b9c73a65","315","2980","2980","rotated_bottom_left_pixels","1802","1798","626","inherited","[""アトリ_tatr01_l_d3_p2_f2.png"", 315.0]","true"
"アトリ_tatr01_l_d3_p2_f4.png","アトリ_tatr01_d3_p2_f4","アトリ","tatr01","l","d3","p2","f4","1250","2963","2245919dddb77f7993a528be7bca8b02b4f5a7c73bf91b5dc5349ba1cd8cdee5","315","2980","2980","rotated_bottom_left_pixels","1802","1798","626","inherited","[""アトリ_tatr01_l_d3_p2_f3.png"", 315.0]","true"
"アトリ_tatr01_l_d3_p2_f5.png","アトリ_tatr01_d3_p2_f5","アトリ","tatr01","l","d3","p2","f5","1250","2963","d3a9c036dc1fd78d75deb69877c155c5525f2bfabf811c21f17fb659c8f5f7d6","315","2980","2980","rotated_bottom_left_pixels","1802","1798","626","inherited","[""アトリ_tatr01_l_d3_p2_f4.png"", 315.0]","true"
"アトリ_tatr01_l_d3_p2_f6.png","アトリ_tatr01_d3_p2_f6","アトリ","tatr01","l","d3","p2","f6","1250","2963","0e792249cda1db5372a6ae35a7fc611ce643615006a93df113e048ab72c75242","315","2980","2980","rotated_bottom_left_pixels","1802","1798","626","inherited","[""アトリ_tatr01_l_d3_p2_f5.png"", 315.0]","true"
"アトリ_tatr01_l_d3_p2_f7.png","アトリ_tatr01_d3_p2_f7","アトリ","tatr01","l","d3","p2","f7","1250","2963","96cc530ff4f233ed64dde086fa48096ff447936c126e4c0677ad97d3b1295255","315","2980","2980","rotated_bottom_left_pixels","1802","1798","626","inherited","[""アトリ_tatr01_l_d3_p2_f6.png"", 315.0]","true"
"アトリ_tatr01_l_d3_p2_f8.png","アトリ_tatr01_d3_p2_f8","アトリ","tatr01","l","d3","p2","f8","1250","2963","97766e9833278d6e11af6899ae5e76ef7e03a48c49920620db29b8e748d61304","315","2980","2980","rotated_bottom_left_pixels","1802","1798","626","inherited","[""アトリ_tatr01_l_d3_p2_f7.png"", 315.0]","true"
"アトリ_tatr01_l_d3_p2_f9.png","アトリ_tatr01_d3_p2_f9","アトリ","tatr01","l","d3","p2","f9","1250","2963","5a477c801132efcba9f0d33cd68016a73dedca006c60a277af55a2bca4526ba7","315","2980","2980","rotated_bottom_left_pixels","1802","1798","626","inherited","[""アトリ_tatr01_l_d3_p2_f8.png"", 315.0]","true"
"アトリ_tatr01_l_d3_p2_fa.png","アトリ_tatr01_d3_p2_fa","アトリ","tatr01","l","d3","p2","fa","1250","2963","f2cc7863b958b53f0f0d9c048670ce78ee8105643c4ea2d110b9a1707afbe3e2","315","2980","2980","rotated_bottom_left_pixels","1802","1798","626","inherited","[""アトリ_tatr01_l_d3_p2_f9.png"", 315.0]","true"
"アトリ_tatr01_l_d3_p2_fb.png","アトリ_tatr01_d3_p2_fb","アトリ","tatr01","l","d3","p2","fb","1250","2963","eebfc34e9a839b30c06b87807d13b2d3facb6c9b465035e78843f616a9902d04","315","2980","2980","rotated_bottom_left_pixels","1802","1798","626","inherited","[""アトリ_tatr01_l_d3_p2_fa.png"", 315.0]","true"
"アトリ_tatr01_l_d3_p2_fc.png","アトリ_tatr01_d3_p2_fc","アトリ","tatr01","l","d3","p2","fc","1250","2963","5d56a8622327d2821ced87025cd03b4fe175acd5d0cb13b29e0dae43c1099a5f","315","2980","2980","rotated_bottom_left_pixels","1802","1798","626","inherited","[""アトリ_tatr01_l_d3_p2_fb.png"", 315.0]","true"
"アトリ_tatr01_l_d3_p2_fd.png","アトリ_tatr01_d3_p2_fd","アトリ","tatr01","l","d3","p2","fd","1250","2963","cdfb351c5cac65d461343de75fb506017e2b32a486b4372359a322ca60dd2f42","315","2980","2980","rotated_bottom_left_pixels","1802","1798","626","inherited","[""アトリ_tatr01_l_d3_p2_fc.png"", 315.0]","true"
"アトリ_tatr01_l_d3_p2_fe.png","アトリ_tatr01_d3_p2_fe","アトリ","tatr01","l","d3","p2","fe","1250","2963","61632749745e896c4ea653bded98c2f4f0a0cf57bfc670bd0217c12e64e66534","315","2980","2980","rotated_bottom_left_pixels","1802","1798","626","inherited","[""アトリ_tatr01_l_d3_p2_fd.png"", 315.0]","true"
"アトリ_tatr01_l_d3_p2_ff.png","アトリ_tatr01_d3_p2_ff","アトリ","tatr01","l","d3","p2","ff","1250","2989","f8642199465f1c2c2f16e7b0b2f1fad309b35498f704b24b52b1f4c18376c64a","315","2998","2998","rotated_bottom_left_pixels","1802","1798","626","inherited","[""アトリ_tatr01_l_d3_p2_fe.png"", 315.0]","true"
"アトリ_tatr01_l_d3_p2_fg.png","アトリ_tatr01_d3_p2_fg","アトリ","tatr01","l","d3","p2","fg","1250","2963","74dee4ced7d5dc0e32d4668421c2483a3f4452dea5535449f38ce0f3963ac37a","315","2980","2980","rotated_bottom_left_pixels","1802","1798","626","inherited","[""アトリ_tatr01_l_d3_p2_ff.png"", 315.0]","true"
"アトリ_tatr01_l_d3_p2_fh.png","アトリ_tatr01_d3_p2_fh","アトリ","tatr01","l","d3","p2","fh","1250","2989","9f116fe43f6c3c0ab673e3b529653be9d09ca1142d2172d9eaf1e2dc46caa8ae","315","2998","2998","rotated_bottom_left_pixels","1802","1798","626","inherited","[""アトリ_tatr01_l_d3_p2_fg.png"", 315.0]","true"
"アトリ_tatr01_l_d3_p2_fi.png","アトリ_tatr01_d3_p2_fi","アトリ","tatr01","l","d3","p2","fi","1250","2963","a19f637b7f53cdd97b6ca3d1b4dc134c0e35d86b216abe20877e635aeedc79d8","315","2980","2980","rotated_bottom_left_pixels","1802","1798","626","inherited","[""アトリ_tatr01_l_d3_p2_fh.png"", 315.0]","true"
"アトリ_tatr01_l_d3_p2_fj.png","アトリ_tatr01_d3_p2_fj","アトリ","tatr01","l","d3","p2","fj","1250","2963","f4c47dea28b733ef69f8a9b65dfce80a2981de9b5508ca72bb29a6aa0be7b156","315","2980","2980","rotated_bottom_left_pixels","1802","1798","626","inherited","[""アトリ_tatr01_l_d3_p2_fi.png"", 315.0]","true"
"アトリ_tatr01_l_d3_p2_fk.png","アトリ_tatr01_d3_p2_fk","アトリ","tatr01","l","d3","p2","fk","1250","2963","e7b2f09e107be931ff7eafe9c33a7c8650806a026e0e763c4b57319ea9536401","315","2980","2980","rotated_bottom_left_pixels","1802","1798","626","inherited","[""アトリ_tatr01_l_d3_p2_fj.png"", 315.0]","true"
"アトリ_tatr01_l_d3_p2_fl.png","アトリ_tatr01_d3_p2_fl","アトリ","tatr01","l","d3","p2","fl","1250","2963","a16810d9db0cbcafb165684236e3f8344470586faad3765bd4f09f666a424f9a","315","2980","2980","rotated_bottom_left_pixels","1802","1798","626","inherited","[""アトリ_tatr01_l_d3_p2_fk.png"", 315.0]","true"
"アトリ_tatr01_l_d4_p2_f1.png","アトリ_tatr01_d4_p2_f1","アトリ","tatr01","l","d4","p2","f1","1250","2963","da26a0333af6ac03a6cc0410c2a1d4fca6f838b473fd087f4ed2b7c5e420e316","315","2980","2980","rotated_bottom_left_pixels","1802","1798","626","inherited","[""アトリ_tatr01_l_d3_p2_fl.png"", 315.0]","true"
"アトリ_tatr01_l_d4_p2_f2.png","アトリ_tatr01_d4_p2_f2","アトリ","tatr01","l","d4","p2","f2","1250","2963","d399278af565e255d89d00321608f2d0f0a87fe332fa6456189af883330ff3c8","315","2980","2980","rotated_bottom_left_pixels","1802","1798","626","inherited","[""アトリ_tatr01_l_d4_p2_f1.png"", 315.0]","true"
"アトリ_tatr01_l_d4_p2_f3.png","アトリ_tatr01_d4_p2_f3","アトリ","tatr01","l","d4","p2","f3","1250","2963","6cf187ab4bdb419940237fe301dad682284667496548e14493b1306ffd0bd0fd","315","2980","2980","rotated_bottom_left_pixels","1802","1798","626","inherited","[""アトリ_tatr01_l_d4_p2_f2.png"", 315.0]","true"
"アトリ_tatr01_l_d4_p2_f4.png","アトリ_tatr01_d4_p2_f4","アトリ","tatr01","l","d4","p2","f4","1250","2963","329eeced82f54542adef86749501ccf7e06c806d78631a3b7a0ac7000fad4cdb","315","2980","2980","rotated_bottom_left_pixels","1802","1798","626","inherited","[""アトリ_tatr01_l_d4_p2_f3.png"", 315.0]","true"
"アトリ_tatr01_l_d4_p2_f5.png","アトリ_tatr01_d4_p2_f5","アトリ","tatr01","l","d4","p2","f5","1250","2963","fbe01745a1048e51c0b06e680fcb804ad67fc22e028ef0262c02c61816380eee","315","2980","2980","rotated_bottom_left_pixels","1802","1798","626","inherited","[""アトリ_tatr01_l_d4_p2_f4.png"", 315.0]","true"
"アトリ_tatr01_l_d4_p2_f6.png","アトリ_tatr01_d4_p2_f6","アトリ","tatr01","l","d4","p2","f6","1250","2963","2bf25696c4c12b7be6d7f1c618e97f1e3d6ee3ea66fbfa2127e2401e3f36e2aa","315","2980","2980","rotated_bottom_left_pixels","1802","1798","626","inherited","[""アトリ_tatr01_l_d4_p2_f5.png"", 315.0]","true"
"アトリ_tatr01_l_d4_p2_f7.png","アトリ_tatr01_d4_p2_f7","アトリ","tatr01","l","d4","p2","f7","1250","2963","a6e029b580eb97675cf169cb9ee1f723e77965ecaaa474d655602abb919a6076","315","2980","2980","rotated_bottom_left_pixels","1802","1798","626","inherited","[""アトリ_tatr01_l_d4_p2_f6.png"", 315.0]","true"
"アトリ_tatr01_l_d4_p2_f8.png","アトリ_tatr01_d4_p2_f8","アトリ","tatr01","l","d4","p2","f8","1250","2963","fff1751c1caec393b5f77979ac5eaf20f054abade9811695fa6779c249f5c5fd","315","2980","2980","rotated_bottom_left_pixels","1802","1798","626","inherited","[""アトリ_tatr01_l_d4_p2_f7.png"", 315.0]","true"
"アトリ_tatr01_l_d4_p2_f9.png","アトリ_tatr01_d4_p2_f9","アトリ","tatr01","l","d4","p2","f9","1250","2963","0a9c32cbdbc4b0f3bd03068d9a1788782fbccc190ff643cf7f625fb5ebc1335b","315","2980","2980","rotated_bottom_left_pixels","1802","1798","626","inherited","[""アトリ_tatr01_l_d4_p2_f8.png"", 315.0]","true"
"アトリ_tatr01_l_d4_p2_fa.png","アトリ_tatr01_d4_p2_fa","アトリ","tatr01","l","d4","p2","fa","1250","2963","c015029cf8947e69c9052bd972b0401d3a14b985aa29c8061882a0a756995d1c","315","2980","2980","rotated_bottom_left_pixels","1802","1798","626","inherited","[""アトリ_tatr01_l_d4_p2_f9.png"", 315.0]","true"
"アトリ_tatr01_l_d4_p2_fb.png","アトリ_tatr01_d4_p2_fb","アトリ","tatr01","l","d4","p2","fb","1250","2963","4cbf178362f61ac6f75219bf2e239f2ab53d0dd64d5b8c624dfb0fd07fcee00f","315","2980","2980","rotated_bottom_left_pixels","1802","1798","626","inherited","[""アトリ_tatr01_l_d4_p2_fa.png"", 315.0]","true"
"アトリ_tatr01_l_d4_p2_fc.png","アトリ_tatr01_d4_p2_fc","アトリ","tatr01","l","d4","p2","fc","1250","2963","e5b66a281b8b18960323cb1b4a3b4fedb3a3147bb4b236c57f1d9a57c1f2375b","315","2980","2980","rotated_bottom_left_pixels","1802","1798","626","inherited","[""アトリ_tatr01_l_d4_p2_fb.png"", 315.0]","true"
"アトリ_tatr01_l_d4_p2_fd.png","アトリ_tatr01_d4_p2_fd","アトリ","tatr01","l","d4","p2","fd","1250","2963","91e146b477392708da335c3b07589605db817270b412c2e41ae920e947138bb9","315","2980","2980","rotated_bottom_left_pixels","1802","1798","626","inherited","[""アトリ_tatr01_l_d4_p2_fc.png"", 315.0]","true"
"アトリ_tatr01_l_d4_p2_fe.png","アトリ_tatr01_d4_p2_fe","アトリ","tatr01","l","d4","p2","fe","1250","2963","992e61dedcca2b1bf765f5128998d332a30394f4515a7cbb70ba6a02d3853ed9","315","2980","2980","rotated_bottom_left_pixels","1802","1798","626","inherited","[""アトリ_tatr01_l_d4_p2_fd.png"", 315.0]","true"
"アトリ_tatr01_l_d4_p2_ff.png","アトリ_tatr01_d4_p2_ff","アトリ","tatr01","l","d4","p2","ff","1250","2989","dc6abf389ac3b2cdaeff5bc277837c48fa5116185f5ca6315451927e09577629","315","2998","2998","rotated_bottom_left_pixels","1802","1798","626","inherited","[""アトリ_tatr01_l_d4_p2_fe.png"", 315.0]","true"
"アトリ_tatr01_l_d4_p2_fg.png","アトリ_tatr01_d4_p2_fg","アトリ","tatr01","l","d4","p2","fg","1250","2963","37ffca8f4ce0077cacbbf82c07b1cb97fdef7c1edc7ab51aeeb1a995856a396a","315","2980","2980","rotated_bottom_left_pixels","1802","1798","626","inherited","[""アトリ_tatr01_l_d4_p2_ff.png"", 315.0]","true"
"アトリ_tatr01_l_d4_p2_fh.png","アトリ_tatr01_d4_p2_fh","アトリ","tatr01","l","d4","p2","fh","1250","2989","27005fd63820541a92e8125ec28d15e4516c7946756288fac20bbacddfbdb7b5","315","2998","2998","rotated_bottom_left_pixels","1802","1798","626","inherited","[""アトリ_tatr01_l_d4_p2_fg.png"", 315.0]","true"
"アトリ_tatr01_l_d4_p2_fi.png","アトリ_tatr01_d4_p2_fi","アトリ","tatr01","l","d4","p2","fi","1250","2963","c2f0f0a5cd7d9d2df82a07187f7fed98ba76c1704782a591738da1da9e9030e2","315","2980","2980","rotated_bottom_left_pixels","1802","1798","626","inherited","[""アトリ_tatr01_l_d4_p2_fh.png"", 315.0]","true"
"アトリ_tatr01_l_d4_p2_fj.png","アトリ_tatr01_d4_p2_fj","アトリ","tatr01","l","d4","p2","fj","1250","2963","0f80146d3017768a4b2d6e1d59814de03b7a0a7f356a26a095062cc6caaa1c77","315","2980","2980","rotated_bottom_left_pixels","1802","1798","626","inherited","[""アトリ_tatr01_l_d4_p2_fi.png"", 315.0]","true"
"アトリ_tatr01_l_d4_p2_fk.png","アトリ_tatr01_d4_p2_fk","アトリ","tatr01","l","d4","p2","fk","1250","2963","e2a09ff0e966bc1d180a557096d4a91bfe3611a20dea1ba4b2a9b04d99781190","315","2980","2980","rotated_bottom_left_pixels","1802","1798","626","inherited","[""アトリ_tatr01_l_d4_p2_fj.png"", 315.0]","true"
"アトリ_tatr01_l_d4_p2_fl.png","アトリ_tatr01_d4_p2_fl","アトリ","tatr01","l","d4","p2","fl","1250","2963","09268ed2d18431ba973805d3c22e0be76e05bf10e0feb0d28579eaa44540ed03","315","2980","2980","rotated_bottom_left_pixels","1802","1798","626","inherited","[""アトリ_tatr01_l_d4_p2_fk.png"", 315.0]","true"
"アトリ_tatr02_l_d1_p3_f1.png","アトリ_tatr02_d1_p3_f1","アトリ","tatr02","l","d1","p3","f1","2129","2578","c17755e0aeec3e224fb7417df3995a18255813f155a69541de8a925906546471","315","3329","3329","rotated_bottom_left_pixels","2122","1940","626","manual_adjusted","[""アトリ_tatr02_l_d1_p3_f1.png"", 0.0]","true"
"アトリ_tatr02_l_d1_p3_f2.png","アトリ_tatr02_d1_p3_f2","アトリ","tatr02","l","d1","p3","f2","2129","2578","582c5b128ce4a78247a7da0b9acf58f9b3a06843b88fdadca75679086f30bbf5","315","3329","3329","rotated_bottom_left_pixels","2122","1940","626","inherited","[""アトリ_tatr02_l_d1_p3_f1.png"", 315.0]","true"
"アトリ_tatr02_l_d1_p3_f3.png","アトリ_tatr02_d1_p3_f3","アトリ","tatr02","l","d1","p3","f3","2129","2578","02ffe36e2f97a13b034525f5e9617550827308f706eddd8e65d99bfd8c25fcea","315","3329","3329","rotated_bottom_left_pixels","2122","1940","626","inherited","[""アトリ_tatr02_l_d1_p3_f2.png"", 315.0]","true"
"アトリ_tatr02_l_d1_p3_f4.png","アトリ_tatr02_d1_p3_f4","アトリ","tatr02","l","d1","p3","f4","2129","2578","0aefa0fd37f66fb11fd06644cbe85a11fc0a34f0bcdadfcdad6886c72629e10b","315","3329","3329","rotated_bottom_left_pixels","2122","1940","626","inherited","[""アトリ_tatr02_l_d1_p3_f3.png"", 315.0]","true"
"アトリ_tatr02_l_d1_p3_f5.png","アトリ_tatr02_d1_p3_f5","アトリ","tatr02","l","d1","p3","f5","2129","2578","5c7a4be623bbbc97f9941978f21cbe1be26dcd5bd2d58d2337848a6ff89187d4","315","3329","3329","rotated_bottom_left_pixels","2122","1940","626","inherited","[""アトリ_tatr02_l_d1_p3_f4.png"", 315.0]","true"
"アトリ_tatr02_l_d1_p3_f6.png","アトリ_tatr02_d1_p3_f6","アトリ","tatr02","l","d1","p3","f6","2129","2578","677e29beb12cba240561a3d41051fc4efdb18467223c39b2af37157915aa8433","315","3329","3329","rotated_bottom_left_pixels","2122","1940","626","inherited","[""アトリ_tatr02_l_d1_p3_f5.png"", 315.0]","true"
"アトリ_tatr02_l_d1_p3_f7.png","アトリ_tatr02_d1_p3_f7","アトリ","tatr02","l","d1","p3","f7","2129","2578","ad32773aa9930e56812fe5a5280b2bb31f6357dde1c2912062b0c764ad70a87e","315","3329","3329","rotated_bottom_left_pixels","2122","1940","626","inherited","[""アトリ_tatr02_l_d1_p3_f6.png"", 315.0]","true"
"アトリ_tatr02_l_d1_p3_f8.png","アトリ_tatr02_d1_p3_f8","アトリ","tatr02","l","d1","p3","f8","2129","2578","ac7f369f1aafa8a0b52121bca43d55bb08844bde4b55287bc80f5751cfb6e268","315","3329","3329","rotated_bottom_left_pixels","2122","1940","626","inherited","[""アトリ_tatr02_l_d1_p3_f7.png"", 315.0]","true"
"アトリ_tatr02_l_d1_p3_f9.png","アトリ_tatr02_d1_p3_f9","アトリ","tatr02","l","d1","p3","f9","2129","2578","58ec2b1b302ddf3e81979fcb02c420a349a6563ff4f4bc21caf97af17a303699","315","3329","3329","rotated_bottom_left_pixels","2122","1940","626","inherited","[""アトリ_tatr02_l_d1_p3_f8.png"", 315.0]","true"
"アトリ_tatr02_l_d1_p3_fa.png","アトリ_tatr02_d1_p3_fa","アトリ","tatr02","l","d1","p3","fa","2129","2578","d5906cfba331bc8e32845ef70b34eba6d49bcecd0ac398fe6ee8204cb2931863","315","3329","3329","rotated_bottom_left_pixels","2122","1940","626","inherited","[""アトリ_tatr02_l_d1_p3_f9.png"", 315.0]","true"
"アトリ_tatr02_l_d1_p3_fb.png","アトリ_tatr02_d1_p3_fb","アトリ","tatr02","l","d1","p3","fb","2129","2578","472aaa8ecd58382e749ba78e1ab8b24a48f59745b5719d66305609e6ced73e80","315","3329","3329","rotated_bottom_left_pixels","2122","1940","626","inherited","[""アトリ_tatr02_l_d1_p3_fa.png"", 315.0]","true"
"アトリ_tatr02_l_d1_p3_fc.png","アトリ_tatr02_d1_p3_fc","アトリ","tatr02","l","d1","p3","fc","2129","2578","c100c084b46319d973dd3f1e461ef4e0977cc5e0fc8c79182d73822b47c12d80","315","3329","3329","rotated_bottom_left_pixels","2122","1940","626","inherited","[""アトリ_tatr02_l_d1_p3_fb.png"", 315.0]","true"
"アトリ_tatr02_l_d1_p3_fd.png","アトリ_tatr02_d1_p3_fd","アトリ","tatr02","l","d1","p3","fd","2129","2578","f786af13587f1c6f454de0d2caf50970cbe220df3548e2e024c86f1f628d5987","315","3329","3329","rotated_bottom_left_pixels","2122","1940","626","inherited","[""アトリ_tatr02_l_d1_p3_fc.png"", 315.0]","true"
"アトリ_tatr02_l_d1_p3_fe.png","アトリ_tatr02_d1_p3_fe","アトリ","tatr02","l","d1","p3","fe","2129","2578","4a8113b4875d7d67febeb1038ae9bd233cbe9156a2139f7edb362ea81db93671","315","3329","3329","rotated_bottom_left_pixels","2122","1940","626","inherited","[""アトリ_tatr02_l_d1_p3_fd.png"", 315.0]","true"
"アトリ_tatr02_l_d1_p3_ff.png","アトリ_tatr02_d1_p3_ff","アトリ","tatr02","l","d1","p3","ff","2129","2578","4215112d7b1b3ddc6081febcfd053a5cdcdc0e43f549e76ae656643d5c8f6fc8","315","3329","3329","rotated_bottom_left_pixels","2122","1940","626","inherited","[""アトリ_tatr02_l_d1_p3_fe.png"", 315.0]","true"
"アトリ_tatr02_l_d1_p3_fg.png","アトリ_tatr02_d1_p3_fg","アトリ","tatr02","l","d1","p3","fg","2129","2578","01e102546fa9369d3431fc1fcf7b46cebf96d803a9fc2a6a6e39fa8cc7c1b77a","315","3329","3329","rotated_bottom_left_pixels","2122","1940","626","inherited","[""アトリ_tatr02_l_d1_p3_ff.png"", 315.0]","true"
"アトリ_tatr02_l_d1_p3_fh.png","アトリ_tatr02_d1_p3_fh","アトリ","tatr02","l","d1","p3","fh","2129","2578","03d3e58fd49fb59cabd222751b732e5b002d7a8969f6b0b23bcf944d300143a2","315","3329","3329","rotated_bottom_left_pixels","2122","1940","626","inherited","[""アトリ_tatr02_l_d1_p3_fg.png"", 315.0]","true"
"アトリ_tatr02_l_d1_p3_fi.png","アトリ_tatr02_d1_p3_fi","アトリ","tatr02","l","d1","p3","fi","2129","2578","d8bda5791595a48dedbcbf1634fb6ae27bd9002894d8f410b22985451988b0c5","315","3329","3329","rotated_bottom_left_pixels","2122","1940","626","inherited","[""アトリ_tatr02_l_d1_p3_fh.png"", 315.0]","true"
"アトリ_tatr02_l_d1_p3_fj.png","アトリ_tatr02_d1_p3_fj","アトリ","tatr02","l","d1","p3","fj","2129","2578","d6eeaf97b956ba3823e4d94c61759bc7d3c1f0b3d51cee41762d3b2e35023da5","315","3329","3329","rotated_bottom_left_pixels","2122","1940","626","inherited","[""アトリ_tatr02_l_d1_p3_fi.png"", 315.0]","true"
"アトリ_tatr02_l_d1_p3_fk.png","アトリ_tatr02_d1_p3_fk","アトリ","tatr02","l","d1","p3","fk","2129","2578","aa29135a4ded423ac4985c036614332cf45486e8ac0008f2865f8b0cbebfbb6a","315","3329","3329","rotated_bottom_left_pixels","2122","1940","626","inherited","[""アトリ_tatr02_l_d1_p3_fj.png"", 315.0]","true"
"アトリ_tatr02_l_d1_p3_fl.png","アトリ_tatr02_d1_p3_fl","アトリ","tatr02","l","d1","p3","fl","2129","2578","ed7d13379f1755f31477211c5fedad0213bfc3bff6b6d51f7e7460a2f4bcbc8d","315","3329","3329","rotated_bottom_left_pixels","2122","1940","626","inherited","[""アトリ_tatr02_l_d1_p3_fk.png"", 315.0]","true"
"アトリ_tatr02_l_d2_p3_f1.png","アトリ_tatr02_d2_p3_f1","アトリ","tatr02","l","d2","p3","f1","2129","2578","b1ac704dd241eb5cd53beb4b13ec49504a9edce8ad1195277ad8edf78bf43b04","315","3329","3329","rotated_bottom_left_pixels","2122","1940","626","inherited","[""アトリ_tatr02_l_d1_p3_fl.png"", 315.0]","true"
"アトリ_tatr02_l_d2_p3_f2.png","アトリ_tatr02_d2_p3_f2","アトリ","tatr02","l","d2","p3","f2","2129","2578","c77bc9bfe4cdbe00e57ec2821727b9bdac15923516203ee061b34f3483e26c4d","315","3329","3329","rotated_bottom_left_pixels","2122","1940","626","inherited","[""アトリ_tatr02_l_d2_p3_f1.png"", 315.0]","true"
"アトリ_tatr02_l_d2_p3_f3.png","アトリ_tatr02_d2_p3_f3","アトリ","tatr02","l","d2","p3","f3","2129","2578","65dbd477594c460089de9704597a92c3e0d801391b8e96c8d4867094b5e28c14","315","3329","3329","rotated_bottom_left_pixels","2122","1940","626","inherited","[""アトリ_tatr02_l_d2_p3_f2.png"", 315.0]","true"
"アトリ_tatr02_l_d2_p3_f4.png","アトリ_tatr02_d2_p3_f4","アトリ","tatr02","l","d2","p3","f4","2129","2578","0d006e0b6f9255f52538f22da553ed21992a6d2e54cd1da3401915ffec66a3a8","315","3329","3329","rotated_bottom_left_pixels","2122","1940","626","inherited","[""アトリ_tatr02_l_d2_p3_f3.png"", 315.0]","true"
"アトリ_tatr02_l_d2_p3_f5.png","アトリ_tatr02_d2_p3_f5","アトリ","tatr02","l","d2","p3","f5","2129","2578","ffd01ca46a2acc8ba612e352f2153385930c161d9209a845ec262cbd4534e9e9","315","3329","3329","rotated_bottom_left_pixels","2122","1940","626","inherited","[""アトリ_tatr02_l_d2_p3_f4.png"", 315.0]","true"
"アトリ_tatr02_l_d2_p3_f6.png","アトリ_tatr02_d2_p3_f6","アトリ","tatr02","l","d2","p3","f6","2129","2578","2dfa38e8ee1540f3bd45ff07ae3903632f64ce67b4e01b209924b85290f0d1b0","315","3329","3329","rotated_bottom_left_pixels","2122","1940","626","inherited","[""アトリ_tatr02_l_d2_p3_f5.png"", 315.0]","true"
"アトリ_tatr02_l_d2_p3_f7.png","アトリ_tatr02_d2_p3_f7","アトリ","tatr02","l","d2","p3","f7","2129","2578","98354498f12037c75dd752c0ccdc49b695ab9ae93e9b9405adef512769f77e90","315","3329","3329","rotated_bottom_left_pixels","2122","1940","626","inherited","[""アトリ_tatr02_l_d2_p3_f6.png"", 315.0]","true"
"アトリ_tatr02_l_d2_p3_f8.png","アトリ_tatr02_d2_p3_f8","アトリ","tatr02","l","d2","p3","f8","2129","2578","6e63677a2e8166477204d3b4ee563c6585fc3a5b0d38bdfb523821876ba26530","315","3329","3329","rotated_bottom_left_pixels","2122","1940","626","inherited","[""アトリ_tatr02_l_d2_p3_f7.png"", 315.0]","true"
"アトリ_tatr02_l_d2_p3_f9.png","アトリ_tatr02_d2_p3_f9","アトリ","tatr02","l","d2","p3","f9","2129","2578","e3daba8e644cffa7abc9daa56e647c621e5f1d77d1945fafc52ef94f90e6bf6f","315","3329","3329","rotated_bottom_left_pixels","2122","1940","626","inherited","[""アトリ_tatr02_l_d2_p3_f8.png"", 315.0]","true"
"アトリ_tatr02_l_d2_p3_fa.png","アトリ_tatr02_d2_p3_fa","アトリ","tatr02","l","d2","p3","fa","2129","2578","fb529c00820e31ef1fbc8dad4819c63ea3f9242c6e031c3647c1d519af861797","315","3329","3329","rotated_bottom_left_pixels","2122","1940","626","inherited","[""アトリ_tatr02_l_d2_p3_f9.png"", 315.0]","true"
"アトリ_tatr02_l_d2_p3_fb.png","アトリ_tatr02_d2_p3_fb","アトリ","tatr02","l","d2","p3","fb","2129","2578","13616145df978ad9ff2966967a309fc2773313fcea10ac20b0b646c556f28418","315","3329","3329","rotated_bottom_left_pixels","2122","1940","626","inherited","[""アトリ_tatr02_l_d2_p3_fa.png"", 315.0]","true"
"アトリ_tatr02_l_d2_p3_fc.png","アトリ_tatr02_d2_p3_fc","アトリ","tatr02","l","d2","p3","fc","2129","2578","d72be07f4464bfff6c8f684f660e6caa031de97d3fd346c46aaa5d09039f28d8","315","3329","3329","rotated_bottom_left_pixels","2122","1940","626","inherited","[""アトリ_tatr02_l_d2_p3_fb.png"", 315.0]","true"
"アトリ_tatr02_l_d2_p3_fd.png","アトリ_tatr02_d2_p3_fd","アトリ","tatr02","l","d2","p3","fd","2129","2578","2343b35ba9ab80aa602a64a53ce82729faeff12372028ebd5356b2bb467aae38","315","3329","3329","rotated_bottom_left_pixels","2122","1940","626","inherited","[""アトリ_tatr02_l_d2_p3_fc.png"", 315.0]","true"
"アトリ_tatr02_l_d2_p3_fe.png","アトリ_tatr02_d2_p3_fe","アトリ","tatr02","l","d2","p3","fe","2129","2578","e578811a6d167f5c6d014af1ce78d6dace275ba4d0d1067c3ac80e03fe508292","315","3329","3329","rotated_bottom_left_pixels","2122","1940","626","inherited","[""アトリ_tatr02_l_d2_p3_fd.png"", 315.0]","true"
"アトリ_tatr02_l_d2_p3_ff.png","アトリ_tatr02_d2_p3_ff","アトリ","tatr02","l","d2","p3","ff","2129","2578","59363bcbd4e46e85df43c3b94ee6320c0e4a9dc93450287c4543989bf7abd82b","315","3329","3329","rotated_bottom_left_pixels","2122","1940","626","inherited","[""アトリ_tatr02_l_d2_p3_fe.png"", 315.0]","true"
"アトリ_tatr02_l_d2_p3_fg.png","アトリ_tatr02_d2_p3_fg","アトリ","tatr02","l","d2","p3","fg","2129","2578","ad6f5eb992afdcc6ef0e959e6ff6373309067bd3f4968f18e9c371f2fdc5321c","315","3329","3329","rotated_bottom_left_pixels","2122","1940","626","inherited","[""アトリ_tatr02_l_d2_p3_ff.png"", 315.0]","true"
"アトリ_tatr02_l_d2_p3_fh.png","アトリ_tatr02_d2_p3_fh","アトリ","tatr02","l","d2","p3","fh","2129","2578","3dc96c5c59f9009d552f9083c95e7c84b6929d6628e2f42d8b8dfb8e67d88929","315","3329","3329","rotated_bottom_left_pixels","2122","1940","626","inherited","[""アトリ_tatr02_l_d2_p3_fg.png"", 315.0]","true"
"アトリ_tatr02_l_d2_p3_fi.png","アトリ_tatr02_d2_p3_fi","アトリ","tatr02","l","d2","p3","fi","2129","2578","796e32f9d05a5647693d68a5c849498c8eabc24ca92e055d087067068c43519e","315","3329","3329","rotated_bottom_left_pixels","2122","1940","626","inherited","[""アトリ_tatr02_l_d2_p3_fh.png"", 315.0]","true"
"アトリ_tatr02_l_d2_p3_fj.png","アトリ_tatr02_d2_p3_fj","アトリ","tatr02","l","d2","p3","fj","2129","2578","b66754a74fca2f3f4c5fe89d2ffc25977c57920c7f4be2a8704ba7acb0c828d5","315","3329","3329","rotated_bottom_left_pixels","2122","1940","626","inherited","[""アトリ_tatr02_l_d2_p3_fi.png"", 315.0]","true"
"アトリ_tatr02_l_d2_p3_fk.png","アトリ_tatr02_d2_p3_fk","アトリ","tatr02","l","d2","p3","fk","2129","2578","12e94cf2eb7533371d6bcf0491c3a4e55e6c6468f5e4f827a567b7391e5173a6","315","3329","3329","rotated_bottom_left_pixels","2122","1940","626","inherited","[""アトリ_tatr02_l_d2_p3_fj.png"", 315.0]","true"
"アトリ_tatr02_l_d2_p3_fl.png","アトリ_tatr02_d2_p3_fl","アトリ","tatr02","l","d2","p3","fl","2129","2578","15011ec8bb6af900dc8ecbd7c388f740508e4cfc9df97ae1be75f5ade19a0f4a","315","3329","3329","rotated_bottom_left_pixels","2122","1940","626","inherited","[""アトリ_tatr02_l_d2_p3_fk.png"", 315.0]","true"
"アトリ_tatr02_l_d3_p3_f1.png","アトリ_tatr02_d3_p3_f1","アトリ","tatr02","l","d3","p3","f1","2129","2578","f6c68e366b565aec072d09c568440fb9d54d4cc96f1d8d565851b468e7a62060","315","3329","3329","rotated_bottom_left_pixels","2122","1940","626","inherited","[""アトリ_tatr02_l_d2_p3_fl.png"", 315.0]","true"
"アトリ_tatr02_l_d3_p3_f2.png","アトリ_tatr02_d3_p3_f2","アトリ","tatr02","l","d3","p3","f2","2129","2578","d9fdc11bf6c9f727b19cee2536a26696c5acaf88a17c0e0198f4e8bc9a56898c","315","3329","3329","rotated_bottom_left_pixels","2122","1940","626","inherited","[""アトリ_tatr02_l_d3_p3_f1.png"", 315.0]","true"
"アトリ_tatr02_l_d3_p3_f3.png","アトリ_tatr02_d3_p3_f3","アトリ","tatr02","l","d3","p3","f3","2129","2578","bc32c48e315b973f9ef5706f4e6ad1f92d5da459f671d54ecf0e7c6c61fba379","315","3329","3329","rotated_bottom_left_pixels","2122","1940","626","inherited","[""アトリ_tatr02_l_d3_p3_f2.png"", 315.0]","true"
"アトリ_tatr02_l_d3_p3_f4.png","アトリ_tatr02_d3_p3_f4","アトリ","tatr02","l","d3","p3","f4","2129","2578","ad748d8c12fb5e55b741987cda75ad0d37a3631dc6772f57b6c734b429356315","315","3329","3329","rotated_bottom_left_pixels","2122","1940","626","inherited","[""アトリ_tatr02_l_d3_p3_f3.png"", 315.0]","true"
"アトリ_tatr02_l_d3_p3_f5.png","アトリ_tatr02_d3_p3_f5","アトリ","tatr02","l","d3","p3","f5","2129","2578","1e35faf2c7bb3bc541a01171d5dddc955c1d0b7afa2209175092b47a9761bf2a","315","3329","3329","rotated_bottom_left_pixels","2122","1940","626","inherited","[""アトリ_tatr02_l_d3_p3_f4.png"", 315.0]","true"
"アトリ_tatr02_l_d3_p3_f6.png","アトリ_tatr02_d3_p3_f6","アトリ","tatr02","l","d3","p3","f6","2129","2578","cd52390da23d61882af0e8e6d04e65c4ceeb09553d85d86caa178d45f9bf59be","315","3329","3329","rotated_bottom_left_pixels","2122","1940","626","inherited","[""アトリ_tatr02_l_d3_p3_f5.png"", 315.0]","true"
"アトリ_tatr02_l_d3_p3_f7.png","アトリ_tatr02_d3_p3_f7","アトリ","tatr02","l","d3","p3","f7","2129","2578","bb2833a7b282b8e39c099a2368396a0fd4d52c596a4eda4418d2d027b4ebcbca","315","3329","3329","rotated_bottom_left_pixels","2122","1940","626","inherited","[""アトリ_tatr02_l_d3_p3_f6.png"", 315.0]","true"
"アトリ_tatr02_l_d3_p3_f8.png","アトリ_tatr02_d3_p3_f8","アトリ","tatr02","l","d3","p3","f8","2129","2578","ffdc6f4103308893c07e5efe02ae25c994495dc017d3fa24fe021181043345ad","315","3329","3329","rotated_bottom_left_pixels","2122","1940","626","inherited","[""アトリ_tatr02_l_d3_p3_f7.png"", 315.0]","true"
"アトリ_tatr02_l_d3_p3_f9.png","アトリ_tatr02_d3_p3_f9","アトリ","tatr02","l","d3","p3","f9","2129","2578","ba85da30bcbd114f81ec512db251e0a04a2caee23b19ef3ee698ba2ffa7a7c1f","315","3329","3329","rotated_bottom_left_pixels","2122","1940","626","inherited","[""アトリ_tatr02_l_d3_p3_f8.png"", 315.0]","true"
"アトリ_tatr02_l_d3_p3_fa.png","アトリ_tatr02_d3_p3_fa","アトリ","tatr02","l","d3","p3","fa","2129","2578","810dd2321f8a81621da41e940fa4f9e50f15276d1410aa1fe6b699f99d392e15","315","3329","3329","rotated_bottom_left_pixels","2122","1940","626","inherited","[""アトリ_tatr02_l_d3_p3_f9.png"", 315.0]","true"
"アトリ_tatr02_l_d3_p3_fb.png","アトリ_tatr02_d3_p3_fb","アトリ","tatr02","l","d3","p3","fb","2129","2578","5eaade63dd5f09175400b9e069db7c7f1d2a018fadfa33326c6ae14e78e4c6e7","315","3329","3329","rotated_bottom_left_pixels","2122","1940","626","inherited","[""アトリ_tatr02_l_d3_p3_fa.png"", 315.0]","true"
"アトリ_tatr02_l_d3_p3_fc.png","アトリ_tatr02_d3_p3_fc","アトリ","tatr02","l","d3","p3","fc","2129","2578","70d26caf430f6551dee492f64116c4619b0990ba0c480d0ab422694277c16ba0","315","3329","3329","rotated_bottom_left_pixels","2122","1940","626","inherited","[""アトリ_tatr02_l_d3_p3_fb.png"", 315.0]","true"
"アトリ_tatr02_l_d3_p3_fd.png","アトリ_tatr02_d3_p3_fd","アトリ","tatr02","l","d3","p3","fd","2129","2578","0dc241f3806473dce876009e1af2ef38700b3d866df0a5dd99d5c1369b0a09b9","315","3329","3329","rotated_bottom_left_pixels","2122","1940","626","inherited","[""アトリ_tatr02_l_d3_p3_fc.png"", 315.0]","true"
"アトリ_tatr02_l_d3_p3_fe.png","アトリ_tatr02_d3_p3_fe","アトリ","tatr02","l","d3","p3","fe","2129","2578","185b6472809cff1ae108019b064f7e5d5a4e8bab126b2e4520dd78db77b87380","315","3329","3329","rotated_bottom_left_pixels","2122","1940","626","inherited","[""アトリ_tatr02_l_d3_p3_fd.png"", 315.0]","true"
"アトリ_tatr02_l_d3_p3_ff.png","アトリ_tatr02_d3_p3_ff","アトリ","tatr02","l","d3","p3","ff","2129","2578","48ea6a5ca28f3b74bd9003074624f39108ead20aed913959f1a7daaef48185b0","315","3329","3329","rotated_bottom_left_pixels","2122","1940","626","inherited","[""アトリ_tatr02_l_d3_p3_fe.png"", 315.0]","true"
"アトリ_tatr02_l_d3_p3_fg.png","アトリ_tatr02_d3_p3_fg","アトリ","tatr02","l","d3","p3","fg","2129","2578","53066bbe85fdf6839c37899c3c0846c83268710399e3bb17be3465b206c8656c","315","3329","3329","rotated_bottom_left_pixels","2122","1940","626","inherited","[""アトリ_tatr02_l_d3_p3_ff.png"", 315.0]","true"
"アトリ_tatr02_l_d3_p3_fh.png","アトリ_tatr02_d3_p3_fh","アトリ","tatr02","l","d3","p3","fh","2129","2578","a997a072d67ea7ebdd10cb1954d9d433420832022bd4123948b2e6d1c659743d","315","3329","3329","rotated_bottom_left_pixels","2122","1940","626","inherited","[""アトリ_tatr02_l_d3_p3_fg.png"", 315.0]","true"
"アトリ_tatr02_l_d3_p3_fi.png","アトリ_tatr02_d3_p3_fi","アトリ","tatr02","l","d3","p3","fi","2129","2578","4934bb1b4273dc590f39bb7860112f8ace135cef264d1b18744161935502ac7b","315","3329","3329","rotated_bottom_left_pixels","2122","1940","626","inherited","[""アトリ_tatr02_l_d3_p3_fh.png"", 315.0]","true"
"アトリ_tatr02_l_d3_p3_fj.png","アトリ_tatr02_d3_p3_fj","アトリ","tatr02","l","d3","p3","fj","2129","2578","9a28914ad786d2ec7f230cff4bfb9402ec6d5f9500277603dc9e67e6a78c3807","315","3329","3329","rotated_bottom_left_pixels","2122","1940","626","inherited","[""アトリ_tatr02_l_d3_p3_fi.png"", 315.0]","true"
"アトリ_tatr02_l_d3_p3_fk.png","アトリ_tatr02_d3_p3_fk","アトリ","tatr02","l","d3","p3","fk","2129","2578","f155733e03472096c1d2f58dc6728ee41d64ce7cd7b5d6c2cf0520c6489d3db7","315","3329","3329","rotated_bottom_left_pixels","2122","1940","626","inherited","[""アトリ_tatr02_l_d3_p3_fj.png"", 315.0]","true"
"アトリ_tatr02_l_d3_p3_fl.png","アトリ_tatr02_d3_p3_fl","アトリ","tatr02","l","d3","p3","fl","2129","2578","5e9ff4d83567b6a6ae53c7c8631339d3ec6d78cdcb7d59542d83e312da167273","315","3329","3329","rotated_bottom_left_pixels","2122","1940","626","inherited","[""アトリ_tatr02_l_d3_p3_fk.png"", 315.0]","true"
"アトリ_tatr02_l_d4_p3_f1.png","アトリ_tatr02_d4_p3_f1","アトリ","tatr02","l","d4","p3","f1","2129","2578","fd127356e092abf83eaef18b08d250181466e2c252c78cc64f25301b7cecf9cc","315","3329","3329","rotated_bottom_left_pixels","2122","1940","626","inherited","[""アトリ_tatr02_l_d3_p3_fl.png"", 315.0]","true"
"アトリ_tatr02_l_d4_p3_f2.png","アトリ_tatr02_d4_p3_f2","アトリ","tatr02","l","d4","p3","f2","2129","2578","67544938dd6dae24e943a8acd4a80199f551f7d7d854a84d3dcfd293f1c8de07","315","3329","3329","rotated_bottom_left_pixels","2122","1940","626","inherited","[""アトリ_tatr02_l_d4_p3_f1.png"", 315.0]","true"
"アトリ_tatr02_l_d4_p3_f3.png","アトリ_tatr02_d4_p3_f3","アトリ","tatr02","l","d4","p3","f3","2129","2578","340a0ce83f192ce4fd66caf00356421df8289b4c5f12ec665f8707f3ff769922","315","3329","3329","rotated_bottom_left_pixels","2122","1940","626","inherited","[""アトリ_tatr02_l_d4_p3_f2.png"", 315.0]","true"
"アトリ_tatr02_l_d4_p3_f4.png","アトリ_tatr02_d4_p3_f4","アトリ","tatr02","l","d4","p3","f4","2129","2578","3b01477534d10e3b4540ca7fef8306b4586d76ebe9e56b62cbef58ca8f596950","315","3329","3329","rotated_bottom_left_pixels","2122","1940","626","inherited","[""アトリ_tatr02_l_d4_p3_f3.png"", 315.0]","true"
"アトリ_tatr02_l_d4_p3_f5.png","アトリ_tatr02_d4_p3_f5","アトリ","tatr02","l","d4","p3","f5","2129","2578","5be953963f829ea3612a5419498afc80d9df43f41d171fb03bc3e42643a694f6","315","3329","3329","rotated_bottom_left_pixels","2122","1940","626","inherited","[""アトリ_tatr02_l_d4_p3_f4.png"", 315.0]","true"
"アトリ_tatr02_l_d4_p3_f6.png","アトリ_tatr02_d4_p3_f6","アトリ","tatr02","l","d4","p3","f6","2129","2578","6f05e9533033c3770657bbf2576349eed0cc8b2782f0033e24bb81c6a90bd859","315","3329","3329","rotated_bottom_left_pixels","2122","1940","626","inherited","[""アトリ_tatr02_l_d4_p3_f5.png"", 315.0]","true"
"アトリ_tatr02_l_d4_p3_f7.png","アトリ_tatr02_d4_p3_f7","アトリ","tatr02","l","d4","p3","f7","2129","2578","992e4b3144682e26002fd41748f3f5ca3daae6c68d3b73d83f370b8488a573bb","315","3329","3329","rotated_bottom_left_pixels","2122","1940","626","inherited","[""アトリ_tatr02_l_d4_p3_f6.png"", 315.0]","true"
"アトリ_tatr02_l_d4_p3_f8.png","アトリ_tatr02_d4_p3_f8","アトリ","tatr02","l","d4","p3","f8","2129","2578","5a81ab16a363c450542d728bc08aa073f12d7ba3d3c8cf3f1c5329e9e9627860","315","3329","3329","rotated_bottom_left_pixels","2122","1940","626","inherited","[""アトリ_tatr02_l_d4_p3_f7.png"", 315.0]","true"
"アトリ_tatr02_l_d4_p3_f9.png","アトリ_tatr02_d4_p3_f9","アトリ","tatr02","l","d4","p3","f9","2129","2578","8d4a72d4335106bd38eaafb59119351aa602ab956211c5ae0d24695fe9b2f0ac","315","3329","3329","rotated_bottom_left_pixels","2122","1940","626","inherited","[""アトリ_tatr02_l_d4_p3_f8.png"", 315.0]","true"
"アトリ_tatr02_l_d4_p3_fa.png","アトリ_tatr02_d4_p3_fa","アトリ","tatr02","l","d4","p3","fa","2129","2578","8db55f269edeb47f955b08d50de973ce8554a61199f7006d9a43ff79c000c700","315","3329","3329","rotated_bottom_left_pixels","2122","1940","626","inherited","[""アトリ_tatr02_l_d4_p3_f9.png"", 315.0]","true"
"アトリ_tatr02_l_d4_p3_fb.png","アトリ_tatr02_d4_p3_fb","アトリ","tatr02","l","d4","p3","fb","2129","2578","87b7fb7cb4a2b6719412403c287b88f1d15f4ddf6160d6a635e83ce0e1731704","315","3329","3329","rotated_bottom_left_pixels","2122","1940","626","inherited","[""アトリ_tatr02_l_d4_p3_fa.png"", 315.0]","true"
"アトリ_tatr02_l_d4_p3_fc.png","アトリ_tatr02_d4_p3_fc","アトリ","tatr02","l","d4","p3","fc","2129","2578","b98fea3b9aa78f9462e14c6d9275694b7d183439d6373114771b4fe6477865df","315","3329","3329","rotated_bottom_left_pixels","2122","1940","626","inherited","[""アトリ_tatr02_l_d4_p3_fb.png"", 315.0]","true"
"アトリ_tatr02_l_d4_p3_fd.png","アトリ_tatr02_d4_p3_fd","アトリ","tatr02","l","d4","p3","fd","2129","2578","3561dfea3a0b1f95855909f70ae12e8691014d98f79d00237a94b4592fb5a935","315","3329","3329","rotated_bottom_left_pixels","2122","1940","626","inherited","[""アトリ_tatr02_l_d4_p3_fc.png"", 315.0]","true"
"アトリ_tatr02_l_d4_p3_fe.png","アトリ_tatr02_d4_p3_fe","アトリ","tatr02","l","d4","p3","fe","2129","2578","a607700c446358aaad7e7d521970ab0c8c838b46c822d0722e1061d0a5b817d8","315","3329","3329","rotated_bottom_left_pixels","2122","1940","626","inherited","[""アトリ_tatr02_l_d4_p3_fd.png"", 315.0]","true"
"アトリ_tatr02_l_d4_p3_ff.png","アトリ_tatr02_d4_p3_ff","アトリ","tatr02","l","d4","p3","ff","2129","2578","1fb4b837dbf267ebc70e003e7164cc512f814fc7ea8b9a1c677c688b623de0ee","315","3329","3329","rotated_bottom_left_pixels","2122","1940","626","inherited","[""アトリ_tatr02_l_d4_p3_fe.png"", 315.0]","true"
"アトリ_tatr02_l_d4_p3_fg.png","アトリ_tatr02_d4_p3_fg","アトリ","tatr02","l","d4","p3","fg","2129","2578","2f128531f5b5d97bab5ca3addd22ea163fa94cef2ba47165be7ea661a0345c08","315","3329","3329","rotated_bottom_left_pixels","2122","1940","626","inherited","[""アトリ_tatr02_l_d4_p3_ff.png"", 315.0]","true"
"アトリ_tatr02_l_d4_p3_fh.png","アトリ_tatr02_d4_p3_fh","アトリ","tatr02","l","d4","p3","fh","2129","2578","d02a3c797b8555df0c59610713361744005421b1ddb3318018bb7ebdc872509b","315","3329","3329","rotated_bottom_left_pixels","2122","1940","626","inherited","[""アトリ_tatr02_l_d4_p3_fg.png"", 315.0]","true"
"アトリ_tatr02_l_d4_p3_fi.png","アトリ_tatr02_d4_p3_fi","アトリ","tatr02","l","d4","p3","fi","2129","2578","7c22d2a69c6479d0c31a08499391d31c9264608e07b90689af448ddee272cc85","315","3329","3329","rotated_bottom_left_pixels","2122","1940","626","inherited","[""アトリ_tatr02_l_d4_p3_fh.png"", 315.0]","true"
"アトリ_tatr02_l_d4_p3_fj.png","アトリ_tatr02_d4_p3_fj","アトリ","tatr02","l","d4","p3","fj","2129","2578","9c02ec58730068ab5182c961dc91ee7c063951260ce549abec2a53e82e992f5c","315","3329","3329","rotated_bottom_left_pixels","2122","1940","626","inherited","[""アトリ_tatr02_l_d4_p3_fi.png"", 315.0]","true"
"アトリ_tatr02_l_d4_p3_fk.png","アトリ_tatr02_d4_p3_fk","アトリ","tatr02","l","d4","p3","fk","2129","2578","4f32e944ec0b99361ce995b536a73625555de6829ae131dd75bcb4d66e091f7a","315","3329","3329","rotated_bottom_left_pixels","2122","1940","626","inherited","[""アトリ_tatr02_l_d4_p3_fj.png"", 315.0]","true"
"アトリ_tatr02_l_d4_p3_fl.png","アトリ_tatr02_d4_p3_fl","アトリ","tatr02","l","d4","p3","fl","2129","2578","fee145352aaeacd4f5dd4ef0b64e6691a1875a9ca98d26e9228fd2fcb826e2b7","315","3329","3329","rotated_bottom_left_pixels","2122","1940","626","inherited","[""アトリ_tatr02_l_d4_p3_fk.png"", 315.0]","true"
